dominant_frequency_hz,amplitude,low_band_energy,mid_band_energy,high_band_energy,spectral_centroid_hz,spectral_spread_hz,timestamp_seconds,visual_state
404.54,0.4701,0.7047,0.4606,0.0879,763.69,447.5,0.4922,warm_soft
1489.53,0.7124,0.2902,0.4221,0.7718,2519.74,985.7,1.657,sharp_chaotic
201.82,0.3207,0.6312,0.4402,0.2075,317.83,242.09,1.4427,deep_calm
292.11,0.4022,0.3975,0.618,0.2265,998.7,681.99,1.185,warm_soft
968.4,0.2016,0.4039,0.407,0.9217,3465.39,996.31,0.7821,airy_ethereal
142.94,0.2264,0.7838,0.0852,0.1297,108.1,295.2,1.0892,deep_calm
177.48,0.2219,0.668,0.3306,0.188,392.13,557.62,1.4972,deep_calm
191.72,0.2973,0.4471,0.2542,0.1264,50.0,277.7,0.2032,deep_calm
116.7,0.3749,0.3238,0.451,0.1439,679.32,537.19,0.021,warm_soft
247.58,0.3236,0.7434,0.3666,0.1134,208.3,317.06,0.76,deep_calm
1333.17,0.4461,0.1005,0.24,0.8539,3320.56,1363.31,0.2186,airy_ethereal
853.44,0.9213,0.06,0.687,0.3457,1336.51,1120.53,0.0695,bright_energetic
127.99,0.5988,0.712,0.2624,0.0646,264.8,56.41,0.8033,deep_calm
221.34,0.2479,0.6529,0.1903,0.1656,318.63,209.59,1.946,deep_calm
814.24,0.6813,0.1569,0.6813,0.6365,1356.73,448.28,0.8185,bright_energetic
1160.36,0.5795,0.2381,0.4137,0.336,2103.11,605.47,0.4198,bright_energetic
272.24,0.5222,0.6647,0.5252,0.2222,928.14,512.02,1.0589,warm_soft
1036.78,0.2457,0.0276,0.4093,0.8171,2589.23,1160.23,1.4713,airy_ethereal
73.95,0.0792,0.5788,0.3314,0.1723,416.74,79.65,0.8806,deep_calm
214.65,0.536,0.7771,0.338,0.0313,50.0,315.54,1.3585,deep_calm
341.78,0.2447,0.8286,0.1638,0.2571,233.26,331.9,1.014,deep_calm
1980.66,0.069,0.1141,0.3551,0.5861,3330.5,1071.88,1.5277,airy_ethereal
1149.61,0.6704,0.259,0.6086,0.9018,2862.96,894.3,1.4981,sharp_chaotic
554.15,0.6619,0.1435,0.9667,0.4719,1842.31,1040.7,0.3026,bright_energetic
1475.67,0.45,0.0958,0.4313,0.824,2507.27,753.41,0.8572,airy_ethereal
1091.69,0.986,0.2364,0.3579,0.4624,3089.88,1831.54,1.7596,sharp_chaotic
270.86,0.4167,0.5359,0.6192,0.2347,634.75,347.98,0.8948,warm_soft
1662.17,0.2994,0.0793,0.2435,0.7362,2586.11,1398.58,0.4139,airy_ethereal
1064.6,0.6405,0.239,0.5941,0.3927,1806.44,1006.96,1.2866,bright_energetic
451.14,0.8184,0.2561,0.7189,0.7322,2955.99,1954.39,1.232,sharp_chaotic
1011.41,0.3371,0.1059,0.2929,0.4614,2209.93,1483.94,1.8106,airy_ethereal
344.3,0.2938,0.1308,0.2738,0.545,2085.5,1428.7,0.13,airy_ethereal
1484.09,0.9272,0.2372,0.5997,0.7862,2471.95,1424.71,0.5783,sharp_chaotic
612.89,0.5076,0.3705,0.2895,0.0677,475.51,435.57,0.4833,warm_soft
391.62,0.268,0.8832,0.4908,0.2726,492.64,626.15,1.3588,warm_soft
72.37,0.3585,0.707,0.1435,0.1553,149.26,72.61,1.6504,deep_calm
1282.9,0.7179,0.2896,0.4927,0.7562,3712.59,1372.45,1.1858,sharp_chaotic
1111.71,0.8582,0.2281,0.6682,0.6857,1379.34,960.35,0.4308,bright_energetic
1018.54,0.2631,0.0713,0.477,0.685,3109.79,270.14,1.7888,airy_ethereal
658.18,0.7998,0.3313,0.8091,0.5808,2062.14,1090.07,0.431,bright_energetic
744.98,0.7709,0.0896,0.6091,0.5464,2411.05,688.73,1.1143,bright_energetic
249.01,0.3248,0.6025,0.2332,0.3018,351.87,279.63,0.3905,deep_calm
103.21,0.4417,0.6138,0.3106,0.186,92.02,240.01,1.136,deep_calm
964.86,0.7011,0.2098,0.7336,0.5657,1926.14,1049.03,1.077,bright_energetic
1037.12,0.3402,0.0217,0.5313,0.5892,2488.32,1243.62,0.4926,airy_ethereal
1473.21,0.9226,0.2853,0.5983,0.6761,3109.79,1339.84,0.6435,sharp_chaotic
1203.61,0.4114,0.2121,0.5565,0.7726,2789.02,1374.3,0.8644,airy_ethereal
1264.86,0.8064,0.4094,0.7605,0.9066,2898.79,1905.91,1.0661,sharp_chaotic
344.62,0.2761,0.3419,0.4157,0.4021,1156.72,501.19,1.3655,warm_soft
152.16,0.3195,0.6836,0.2904,0.0321,50.0,398.31,0.4925,deep_calm
176.8,0.4347,0.7831,0.3452,0.0922,478.02,522.4,1.2646,deep_calm
164.73,0.6589,0.7961,0.2493,0.01,123.16,410.18,1.2781,deep_calm
20.0,0.3623,0.7049,0.129,0.1569,383.72,189.83,1.3359,deep_calm
403.04,0.8012,0.1646,0.4243,0.7261,1660.18,1434.22,0.8438,bright_energetic
1115.7,0.7434,0.2531,0.5739,0.5008,1535.53,808.81,1.3688,bright_energetic
1945.61,0.5372,0.4049,0.7336,0.8676,2218.16,1940.79,0.3589,sharp_chaotic
692.72,0.6278,0.01,0.6372,0.5412,2673.44,792.4,1.1163,bright_energetic
1796.62,0.9778,0.4529,0.5552,0.8454,2367.92,1122.83,1.898,sharp_chaotic
97.84,0.3678,0.5498,0.3158,0.0176,648.59,395.71,0.8121,deep_calm
20.0,0.3947,0.1237,0.2648,0.5856,1888.92,1148.94,0.8462,airy_ethereal
2210.82,0.5503,0.274,0.4573,0.6975,3229.92,1921.35,1.2348,sharp_chaotic
179.21,0.2632,0.5184,0.4982,0.3679,478.8,683.2,1.9076,warm_soft
1541.6,0.453,0.1447,0.5705,0.4058,2774.0,1274.7,1.1977,airy_ethereal
1363.88,0.9312,0.0318,0.7069,0.9252,3435.49,1768.08,0.5687,sharp_chaotic
339.36,0.4238,0.7595,0.337,0.172,884.72,589.48,0.1375,warm_soft
1050.94,0.8604,0.2164,0.9676,0.9057,2086.19,1105.45,0.4366,bright_energetic
359.77,0.423,0.1139,0.6325,0.394,1666.77,1073.69,0.66,bright_energetic
933.53,0.7906,0.2573,0.5051,0.6733,1578.55,570.19,1.1948,bright_energetic
507.33,0.6238,0.3927,0.6278,0.0683,541.84,237.81,0.4178,warm_soft
218.51,0.3215,0.7298,0.2574,0.1052,543.53,288.76,0.6152,deep_calm
991.86,0.7174,0.2369,0.6028,0.5533,1855.79,576.27,0.4676,bright_energetic
1604.85,0.909,0.2112,0.472,0.9282,2809.65,2168.3,0.1858,sharp_chaotic
978.8,0.8731,0.2919,0.8153,0.8773,1566.31,1466.75,1.3169,bright_energetic
280.44,0.3022,0.4868,0.5008,0.0397,1055.73,554.37,0.778,warm_soft
1222.61,0.7975,0.1029,0.6017,0.6752,2410.7,1834.84,0.9112,sharp_chaotic
604.88,0.3861,0.2189,0.622,0.2842,456.74,385.64,1.2376,warm_soft
157.92,0.5554,0.7173,0.2919,0.1225,240.35,220.8,0.4138,deep_calm
138.72,0.2525,0.5565,0.334,0.1116,201.73,388.98,0.4325,deep_calm
423.05,0.4316,0.3961,0.2699,0.2227,864.31,185.08,1.8815,warm_soft
397.84,0.2865,0.8685,0.01,0.1308,180.93,470.74,0.7296,deep_calm
2425.33,0.7972,0.0865,0.5409,0.741,1703.19,931.41,0.6178,sharp_chaotic
281.76,0.6087,0.0723,0.4817,0.8498,3966.0,1751.18,0.4871,sharp_chaotic
1407.28,0.7743,0.1227,0.4121,0.937,2255.29,1466.3,0.4095,sharp_chaotic
288.53,0.121,0.7207,0.1793,0.1158,681.43,350.33,0.3484,deep_calm
363.16,0.2708,0.3929,0.1709,0.0538,188.7,258.41,0.4603,deep_calm
1007.21,0.2711,0.1612,0.3197,0.6226,916.02,1200.99,0.9591,airy_ethereal
157.2,0.444,0.7028,0.4646,0.1136,128.64,20.0,0.2257,deep_calm
1933.99,0.7234,0.0719,0.3666,0.863,4390.79,1932.07,1.9288,sharp_chaotic
307.14,0.8998,0.2229,0.4102,0.6074,1993.14,820.23,0.1104,bright_energetic
798.9,0.99,0.3147,0.6948,0.4858,1834.37,1126.55,1.2486,bright_energetic
661.58,0.6987,0.1905,0.8264,0.6441,2295.12,1073.94,1.703,bright_energetic
187.67,0.7578,0.4835,0.6471,0.1248,474.13,847.08,0.889,warm_soft
1090.86,0.2989,0.122,0.3662,0.579,2482.08,931.1,1.2227,airy_ethereal
232.44,0.6297,0.7593,0.1447,0.0992,468.92,170.15,0.8112,deep_calm
178.77,0.2407,0.7506,0.3224,0.1522,592.22,331.45,1.8825,deep_calm
662.76,0.9478,0.1474,0.0992,0.9583,3518.09,1813.25,1.0309,sharp_chaotic
869.84,0.4954,0.5108,0.3731,0.01,1103.78,241.44,1.5008,warm_soft
374.51,0.4709,0.2948,0.8123,0.2265,747.78,471.08,1.1387,warm_soft
131.99,0.4443,0.7217,0.3344,0.0699,262.36,259.01,0.1318,deep_calm
166.09,0.4596,0.6634,0.4168,0.0731,500.67,238.05,0.8223,deep_calm
609.62,0.685,0.0866,0.6095,0.5347,2087.4,571.57,1.5424,bright_energetic
260.51,0.2891,0.5487,0.4603,0.1433,615.01,20.0,1.5599,warm_soft
962.96,0.4031,0.1278,0.2901,0.7809,2517.58,1253.89,1.1098,airy_ethereal
763.83,0.8642,0.4074,0.516,0.5264,1634.14,943.32,1.3403,bright_energetic
76.57,0.1959,0.8143,0.306,0.155,126.09,314.21,0.2153,deep_calm
1373.59,0.6577,0.148,0.246,0.7706,3579.71,1506.32,1.2444,sharp_chaotic
352.7,0.4322,0.2569,0.7441,0.0557,652.76,266.17,0.9841,warm_soft
915.17,0.6894,0.1816,0.7321,0.7031,2559.06,1429.32,1.2855,bright_energetic
354.04,0.2258,0.671,0.4284,0.0427,255.66,318.02,0.8073,deep_calm
577.9,0.3123,0.4215,0.6142,0.0553,705.0,521.01,0.8226,warm_soft
743.43,0.8128,0.2134,0.5682,0.642,2163.92,1223.58,0.3643,bright_energetic
1002.42,0.3917,0.1137,0.5233,0.6072,2816.11,1150.26,0.5715,airy_ethereal
685.07,0.6827,0.35,0.2986,0.6726,1545.0,1014.73,0.0423,bright_energetic
751.01,0.9871,0.3178,0.5244,0.5318,1708.8,1165.4,0.4439,bright_energetic
172.83,0.0519,0.6209,0.1081,0.0533,325.73,306.64,0.3306,deep_calm
417.02,0.3638,0.4639,0.4741,0.0867,822.47,682.05,1.9881,warm_soft
93.41,0.2522,0.7944,0.01,0.0598,541.88,517.13,1.4826,deep_calm
161.74,0.2426,0.626,0.3594,0.1827,351.34,251.77,1.1057,deep_calm
351.62,0.526,0.66,0.5724,0.1892,1312.5,39.66,0.7992,warm_soft
408.02,0.489,0.5406,0.7817,0.1927,201.75,341.3,0.7973,warm_soft
659.95,0.7298,0.2062,0.5316,0.7135,1398.45,1017.8,0.7903,bright_energetic
471.55,0.2711,0.6598,0.6131,0.2806,897.0,270.13,0.6561,warm_soft
1047.43,0.8127,0.3526,0.8222,0.7385,3552.34,1626.5,1.4298,sharp_chaotic
1458.0,0.6198,0.4723,0.7385,0.7726,3565.35,1377.66,1.4361,sharp_chaotic
1592.95,0.8626,0.3911,0.5637,0.7698,3990.59,1243.44,1.7158,sharp_chaotic
990.14,0.2311,0.1706,0.4948,0.9085,3274.07,2508.43,0.8213,airy_ethereal
466.38,0.5833,0.0709,0.7846,0.5911,2672.28,817.65,0.853,bright_energetic
122.7,0.3629,0.6855,0.4606,0.1389,412.18,96.3,1.4903,deep_calm
1250.33,0.3786,0.1757,0.2679,0.6715,2518.03,1024.9,0.6552,airy_ethereal
159.51,0.5061,0.6257,0.6333,0.1963,743.35,298.65,0.082,warm_soft
1067.11,0.7082,0.3036,0.6112,0.7325,3235.19,1386.16,0.6382,sharp_chaotic
1106.47,0.3821,0.0833,0.2901,0.9279,3134.7,1319.89,1.4806,airy_ethereal
370.35,0.65,0.1683,0.5532,0.5084,2311.08,599.86,0.0069,bright_energetic
594.26,0.7078,0.1232,0.5444,0.4364,2909.88,1254.48,0.1892,sharp_chaotic
428.59,0.4126,0.4862,0.5056,0.3764,937.63,794.56,0.2912,warm_soft
691.42,0.7368,0.165,0.623,0.6791,2279.61,1205.57,0.1678,bright_energetic
1211.21,0.786,0.0936,0.5,0.722,2029.8,662.61,1.7225,bright_energetic
197.71,0.5086,0.8461,0.3964,0.0817,50.0,82.14,0.2366,deep_calm
143.42,0.1928,0.8536,0.4348,0.01,622.1,387.5,0.5206,deep_calm
260.43,0.3314,0.4746,0.8513,0.2281,436.64,563.48,1.9639,warm_soft
415.72,0.8493,0.3363,0.451,0.7196,1667.1,1102.19,1.0288,bright_energetic
20.25,0.288,0.6766,0.3214,0.2151,524.82,155.67,0.0584,deep_calm
611.06,0.5445,0.0934,0.5102,0.5786,1566.72,830.75,1.3161,bright_energetic
565.05,0.5548,0.344,0.4124,0.5226,2393.54,1381.89,1.2048,airy_ethereal
46.15,0.2988,0.5078,0.3882,0.2376,669.52,379.66,0.9611,warm_soft
246.55,0.3298,0.512,0.3195,0.2796,468.84,255.43,0.3424,deep_calm
191.23,0.5532,0.5817,0.854,0.2827,117.52,145.23,1.6939,warm_soft
500.4,0.4762,0.2646,0.4911,0.2582,638.8,216.9,0.587,warm_soft
254.79,0.3258,0.7714,0.35,0.1124,371.59,183.96,1.3407,deep_calm
2150.22,0.7868,0.13,0.3761,0.753,4809.29,1202.9,1.7508,sharp_chaotic
453.71,0.8398,0.1862,0.7189,0.6379,1582.44,948.95,0.1213,bright_energetic
857.8,0.3069,0.2478,0.5002,0.8147,2603.72,829.48,0.3443,airy_ethereal
202.76,0.4422,0.8115,0.377,0.0654,238.63,277.79,1.4737,deep_calm
171.83,0.7432,0.4937,0.2824,0.3181,709.14,353.39,1.9362,warm_soft
2504.01,0.99,0.4294,0.3703,0.8261,3454.34,1334.83,0.2643,sharp_chaotic
254.9,0.2955,0.3599,0.5638,0.3729,791.78,626.42,0.0538,warm_soft
252.51,0.2236,0.6831,0.2187,0.1172,539.05,309.3,0.2018,deep_calm
1111.7,0.7717,0.3024,0.5861,0.8585,2229.47,1395.16,1.3228,sharp_chaotic
221.11,0.5171,0.9561,0.1977,0.0767,126.01,146.28,0.2549,deep_calm
20.0,0.4209,0.4014,0.5674,0.143,581.46,338.3,1.411,warm_soft
574.84,0.841,0.2186,0.7172,0.553,1913.88,508.41,0.4696,bright_energetic
262.72,0.5151,0.468,0.6389,0.1097,682.1,563.97,1.6943,warm_soft
194.4,0.3748,0.5947,0.3398,0.1649,510.56,35.34,1.9166,deep_calm
1011.7,0.6986,0.2312,0.9666,0.6631,2429.08,368.59,1.6352,bright_energetic
336.93,0.3147,0.0742,0.4297,0.6266,2380.74,1191.0,0.3448,airy_ethereal
778.0,0.1684,0.047,0.3354,0.7063,1561.66,1309.98,1.0123,airy_ethereal
565.77,0.3007,0.4068,0.5521,0.0186,650.11,717.81,1.0896,warm_soft
206.64,0.3952,0.7844,0.1021,0.2061,50.0,227.53,1.8029,deep_calm
892.15,0.5216,0.3612,0.3755,0.6933,2727.54,2063.51,1.4138,sharp_chaotic
1414.37,0.675,0.6046,0.373,0.9311,2112.17,1421.01,1.4199,sharp_chaotic
268.45,0.279,0.8291,0.1147,0.01,169.2,216.68,0.5398,deep_calm
183.25,0.4311,0.7883,0.3823,0.3223,405.62,97.26,0.4629,deep_calm
46.6,0.3904,0.6375,0.327,0.1504,501.8,250.23,1.6891,deep_calm
685.23,0.8241,0.4084,0.6249,0.7269,2860.6,1319.8,1.7551,sharp_chaotic
574.46,0.548,0.1263,0.0794,0.6137,2632.56,1610.4,1.0523,airy_ethereal
683.56,0.5272,0.0859,0.1789,0.6838,2108.09,1239.36,1.3049,airy_ethereal
2529.75,0.9058,0.4391,0.4347,0.9299,3439.21,1439.04,0.5042,sharp_chaotic
678.37,0.572,0.0746,0.2609,0.8117,2517.32,1564.07,0.4108,airy_ethereal
308.17,0.5059,0.5508,0.5612,0.2233,858.51,692.13,1.8179,warm_soft
588.28,0.2759,0.1302,0.3541,0.99,1830.44,1311.14,0.686,airy_ethereal
161.81,0.173,0.7254,0.4657,0.1937,371.43,308.58,1.1221,deep_calm
505.2,0.3394,0.1213,0.4449,0.8002,2816.51,1938.64,0.8119,airy_ethereal
595.27,0.5142,0.0806,0.5617,0.5592,1864.54,947.34,1.6781,airy_ethereal
856.36,0.8302,0.2784,0.6769,0.748,3181.5,1777.35,1.5093,sharp_chaotic
1080.48,0.4051,0.1123,0.5563,0.7058,1987.61,745.47,0.5665,airy_ethereal
801.71,0.709,0.3476,0.7592,0.7939,2523.8,888.78,0.2888,bright_energetic
1814.22,0.7966,0.2528,0.8026,0.8711,1395.52,1621.27,1.3153,sharp_chaotic
222.89,0.531,0.3337,0.9439,0.2364,849.93,291.91,0.6975,warm_soft
594.79,0.605,0.2242,0.5765,0.702,1732.43,722.61,0.2655,bright_energetic
606.55,0.4334,0.7103,0.493,0.2032,448.49,512.25,1.2691,warm_soft
20.0,0.196,0.99,0.5191,0.01,320.29,368.72,1.3224,deep_calm
1112.82,0.7947,0.1094,0.5336,0.7337,2980.2,1739.15,0.675,sharp_chaotic
153.15,0.4803,0.2184,0.6344,0.0741,928.3,141.26,0.6065,warm_soft
1044.76,0.2885,0.1465,0.4706,0.4233,3738.83,1105.3,1.5095,airy_ethereal
732.72,0.9455,0.3451,0.6694,0.3217,1988.77,1050.61,1.9424,bright_energetic
223.66,0.5716,0.7339,0.1269,0.0551,265.27,269.4,1.2209,deep_calm
464.62,0.2285,0.1702,0.4162,0.5803,2187.05,1166.04,1.7632,airy_ethereal
585.96,0.2719,0.1139,0.4386,0.7011,2586.75,1453.49,1.5138,airy_ethereal
1802.74,0.7977,0.2809,0.3842,0.99,3864.7,1754.62,0.2443,sharp_chaotic
331.36,0.2976,0.5909,0.527,0.3412,521.26,496.96,1.723,warm_soft
791.47,0.6404,0.4166,0.771,0.659,1320.15,607.08,0.2246,bright_energetic
376.12,0.1648,0.01,0.5498,0.7399,3980.68,1473.48,1.7943,airy_ethereal
1011.72,0.5036,0.1905,0.5451,0.5967,2978.49,661.88,1.6324,bright_energetic
698.5,0.2975,0.01,0.4628,0.7541,2669.51,1535.54,0.3391,airy_ethereal
402.58,0.4587,0.3122,0.7426,0.52,1915.84,583.79,1.2514,bright_energetic
1349.14,0.3781,0.1896,0.4743,0.99,3464.0,1763.11,1.1907,airy_ethereal
1682.56,0.6888,0.2841,0.415,0.8825,1748.52,1884.29,1.5834,sharp_chaotic
151.54,0.1248,0.5869,0.1085,0.1071,295.78,282.14,0.2417,deep_calm
1306.02,0.6842,0.01,0.6905,0.727,3352.52,1492.05,1.337,sharp_chaotic
260.48,0.3147,0.7934,0.19,0.0356,462.47,157.62,0.4794,deep_calm
2261.47,0.5608,0.3024,0.8162,0.6162,3606.27,1319.77,1.7637,sharp_chaotic
206.02,0.4854,0.6504,0.4658,0.0943,322.83,143.73,0.4159,deep_calm
86.84,0.4273,0.9301,0.2856,0.01,266.63,240.54,0.6738,deep_calm
263.55,0.582,0.4518,0.299,0.4089,1109.5,676.75,0.4927,warm_soft
1587.94,0.8203,0.1676,0.3536,0.99,3077.01,2282.2,1.1909,sharp_chaotic
1076.13,0.7812,0.1535,0.7216,0.5218,1724.45,824.7,1.6525,bright_energetic
361.6,0.5452,0.6115,0.441,0.3386,672.15,446.9,0.5988,warm_soft
1505.26,0.6287,0.0973,0.1168,0.6565,2858.77,1303.37,1.7461,sharp_chaotic
1325.68,0.8484,0.3431,0.8544,0.689,3360.59,1809.73,1.0246,sharp_chaotic
784.86,0.7238,0.4017,0.8857,0.8395,2147.72,510.2,1.1778,bright_energetic
619.89,0.3897,0.1735,0.2652,0.6121,2697.2,1249.21,1.2633,airy_ethereal
394.43,0.4522,0.7188,0.3796,0.0495,434.74,210.64,1.9838,deep_calm
938.51,0.2545,0.0375,0.1283,0.7102,1116.85,1091.88,0.3672,airy_ethereal
1895.4,0.99,0.4206,0.2577,0.7445,3047.29,1396.69,1.8846,sharp_chaotic
1058.09,0.5609,0.4054,0.7273,0.8116,2132.45,886.21,1.386,bright_energetic
795.83,0.7228,0.0975,0.5009,0.717,2072.63,471.95,0.9035,bright_energetic
644.37,0.2469,0.5784,0.4174,0.3312,1074.7,672.37,0.0432,warm_soft
2036.18,0.664,0.3409,0.4325,0.6659,4080.44,1433.41,0.7374,sharp_chaotic
868.75,0.7977,0.2055,0.6726,0.457,1888.83,662.48,0.3825,bright_energetic
126.8,0.1007,0.856,0.45,0.2468,476.52,295.86,1.0023,deep_calm
417.46,0.3215,0.3652,0.5997,0.2642,947.85,307.42,0.671,warm_soft
753.16,0.4822,0.6107,0.722,0.3487,673.78,569.56,1.4238,warm_soft
1762.52,0.6648,0.2123,0.3687,0.6485,3833.87,1219.53,1.7108,sharp_chaotic
788.56,0.874,0.2576,0.8625,0.6428,4268.31,1993.48,1.9863,sharp_chaotic
204.2,0.521,0.7723,0.7052,0.1057,362.34,278.46,1.5501,deep_calm
1182.84,0.8427,0.2255,0.4861,0.8331,3162.88,1434.48,0.5521,sharp_chaotic
369.71,0.2388,0.1511,0.6707,0.2516,1100.87,508.65,0.784,warm_soft
791.47,0.3749,0.1861,0.5247,0.564,2638.37,1186.37,1.4773,bright_energetic
1277.68,0.7908,0.3993,0.7078,0.99,3249.21,1992.83,0.8828,sharp_chaotic
493.19,0.3281,0.129,0.2636,0.7465,2520.47,2070.26,0.7633,airy_ethereal
772.3,0.9108,0.2102,0.1862,0.7288,3257.62,2100.23,0.6461,sharp_chaotic
343.86,0.2906,0.6439,0.2816,0.0792,252.84,197.01,0.7012,deep_calm
895.55,0.7875,0.2647,0.6731,0.7858,1832.24,1381.96,0.06,bright_energetic
104.39,0.4299,0.7559,0.4537,0.0386,277.96,264.96,0.1148,deep_calm
1629.62,0.4469,0.1522,0.5344,0.6736,1814.71,1327.88,1.1578,airy_ethereal
1448.52,0.8482,0.3724,0.712,0.8976,2259.47,1899.29,0.5869,sharp_chaotic
147.44,0.3373,0.623,0.4122,0.151,196.52,224.88,1.3909,deep_calm
1040.96,0.5307,0.3263,0.56,0.5944,1668.46,831.59,1.1152,bright_energetic
1236.92,0.9358,0.3137,0.6702,0.7348,2789.72,995.83,0.2816,sharp_chaotic
244.36,0.4574,0.4627,0.5544,0.3159,714.43,559.16,0.1295,warm_soft
824.19,0.9525,0.1646,0.4477,0.6201,1741.54,1197.34,1.1165,bright_energetic
967.01,0.4415,0.209,0.5233,0.5606,2288.94,1016.36,1.4086,airy_ethereal
421.56,0.5616,0.532,0.421,0.29,590.45,640.17,1.2883,warm_soft
36.65,0.4772,0.7916,0.2997,0.1218,374.7,333.7,0.808,deep_calm
96.61,0.3243,0.6458,0.39,0.2491,354.19,319.84,1.3768,deep_calm
1220.95,0.3786,0.042,0.3888,0.6157,2835.54,2227.69,1.3448,airy_ethereal
130.02,0.4144,0.5343,0.4936,0.1025,169.9,164.1,0.807,deep_calm
458.43,0.7173,0.2803,0.6103,0.2817,997.99,624.3,1.4996,warm_soft
975.94,0.539,0.0543,0.5946,0.5303,2607.76,885.8,0.5274,airy_ethereal
65.07,0.2034,0.8115,0.149,0.1545,419.58,383.08,0.5006,deep_calm
370.98,0.203,0.5054,0.6878,0.2817,503.37,834.27,1.8084,warm_soft
638.88,0.3021,0.665,0.7276,0.1138,742.99,196.14,0.7123,warm_soft
325.52,0.277,0.7127,0.3637,0.3129,50.0,191.06,1.1134,deep_calm
132.35,0.5069,0.6439,0.258,0.0301,178.78,400.83,1.5576,deep_calm
165.29,0.1526,0.855,0.2735,0.0486,289.7,262.13,1.5639,deep_calm
915.66,0.6451,0.1999,0.5714,0.6923,2234.93,611.81,1.2575,bright_energetic
951.6,0.4163,0.2292,0.3458,0.7879,2896.45,1774.82,1.4417,airy_ethereal
1210.56,0.8256,0.01,0.5929,0.6394,2786.75,1295.58,0.2969,sharp_chaotic
1795.16,0.8658,0.2356,0.7274,0.7474,3004.0,981.89,0.7867,sharp_chaotic
1588.64,0.3714,0.1264,0.1948,0.542,2618.37,1327.95,1.0987,airy_ethereal
245.77,0.501,0.6718,0.3955,0.2385,798.95,438.77,1.221,deep_calm
1048.26,0.8893,0.0683,0.8212,0.8669,2051.24,604.06,0.5072,bright_energetic
1349.31,0.2947,0.0781,0.348,0.452,1959.95,1714.84,1.9489,airy_ethereal
958.18,0.6174,0.0612,0.5431,0.99,3718.79,1593.03,0.4173,sharp_chaotic
296.93,0.0582,0.7524,0.1641,0.1256,181.56,188.14,0.2573,deep_calm
341.65,0.4328,0.582,0.3963,0.1805,624.16,396.14,0.9685,warm_soft
775.08,0.4205,0.01,0.4506,0.4389,2217.47,1042.03,1.4917,airy_ethereal
160.11,0.3575,0.4457,0.2128,0.1506,362.19,429.62,1.9981,deep_calm
1396.09,0.4351,0.1652,0.3571,0.8154,2699.81,1306.67,1.2489,airy_ethereal
20.0,0.3195,0.7562,0.1711,0.0885,206.3,481.74,0.5985,deep_calm
1299.99,0.6862,0.1769,0.4677,0.8617,3198.41,943.78,1.1162,sharp_chaotic
301.77,0.5891,0.3854,0.2818,0.2239,947.45,456.97,1.3376,warm_soft
427.07,0.2883,0.5675,0.4049,0.1013,298.51,255.53,0.6138,warm_soft
127.92,0.3414,0.1731,0.4863,0.1898,921.05,359.85,0.3092,warm_soft
289.96,0.6734,0.1262,0.4728,0.5582,1639.53,1079.9,1.3961,bright_energetic
183.47,0.4646,0.792,0.1539,0.235,452.15,271.96,1.9539,deep_calm
256.92,0.4606,0.9871,0.4395,0.2399,375.25,248.45,0.4289,deep_calm
614.63,0.7575,0.1769,0.5496,0.8976,2818.41,1506.69,1.3161,sharp_chaotic
1084.37,0.453,0.1632,0.0763,0.643,2408.03,1676.52,1.3169,airy_ethereal
1049.19,0.7299,0.4091,0.7055,0.7287,2445.75,1128.62,0.6718,sharp_chaotic
1316.97,0.6615,0.119,0.4644,0.7241,3712.52,1863.72,0.2091,sharp_chaotic
1817.84,0.8288,0.3178,0.4984,0.795,2944.44,1968.25,0.5623,sharp_chaotic
220.3,0.1093,0.8069,0.5188,0.0625,398.95,195.49,1.6566,deep_calm
134.97,0.1698,0.6757,0.1635,0.1362,311.26,289.76,1.6174,deep_calm
1044.8,0.6079,0.2883,0.3144,0.4086,2110.47,1052.29,0.2778,bright_energetic
907.48,0.4024,0.0939,0.3452,0.8661,2376.66,1098.23,1.3503,airy_ethereal
763.03,0.2279,0.1443,0.5007,0.8349,2853.03,1217.34,1.534,airy_ethereal
142.89,0.4211,0.6837,0.01,0.1337,431.71,240.84,0.4491,deep_calm
963.22,0.4276,0.0905,0.3309,0.615,2252.69,948.01,0.9418,airy_ethereal
668.3,0.99,0.1548,0.6946,0.5967,1645.55,480.86,1.7592,bright_energetic
351.19,0.2421,0.6674,0.6465,0.1454,1182.66,486.49,1.1737,warm_soft
504.43,0.4382,0.2893,0.5326,0.0556,431.15,642.13,1.7746,warm_soft
910.61,0.347,0.2109,0.261,0.667,1995.45,1201.65,1.3996,airy_ethereal
74.1,0.5053,0.7474,0.3319,0.0199,424.01,233.6,0.5851,deep_calm
738.41,0.2581,0.1048,0.4207,0.99,3040.98,1463.64,0.3004,airy_ethereal
839.73,0.6561,0.2199,0.6824,0.9499,2150.53,725.09,0.0694,bright_energetic
628.54,0.472,0.0133,0.2924,0.667,3000.64,1621.94,0.1429,airy_ethereal
717.45,0.6731,0.0808,0.5809,0.6852,1537.17,859.3,1.8101,bright_energetic
1895.15,0.3855,0.2374,0.6092,0.7888,1195.32,1790.01,1.8831,airy_ethereal
385.64,0.5898,0.5807,0.436,0.2603,343.98,195.59,0.0525,warm_soft
852.03,0.6692,0.1241,0.4751,0.7022,2435.88,793.52,0.0217,bright_energetic
701.7,0.4524,0.3106,0.5699,0.427,812.64,446.02,1.7343,warm_soft
448.84,0.3364,0.1253,0.5216,0.1227,1342.24,583.89,1.0559,warm_soft
154.41,0.3689,0.5804,0.2592,0.0705,356.81,384.33,1.3763,deep_calm
900.76,0.3067,0.0606,0.2251,0.9835,2536.38,1127.92,1.2594,airy_ethereal
20.0,0.5193,0.7956,0.1517,0.01,207.5,510.03,0.5839,deep_calm
237.16,0.4727,0.7518,0.6499,0.2585,474.34,216.19,0.6703,deep_calm
177.82,0.4321,0.163,0.2356,0.2244,567.6,372.23,1.1492,warm_soft
499.61,0.7913,0.1629,0.8256,0.4649,2169.46,629.56,0.219,bright_energetic
344.77,0.4507,0.4209,0.714,0.2394,1032.75,542.67,1.9698,warm_soft
269.95,0.2633,0.7958,0.6175,0.166,1137.54,724.91,1.2561,warm_soft
893.02,0.431,0.1186,0.1584,0.7608,2837.08,1420.79,0.1576,airy_ethereal
235.17,0.5072,0.616,0.5376,0.1345,198.08,313.82,0.0899,deep_calm
988.51,0.8037,0.1053,0.3739,0.7675,2618.99,2344.95,0.8612,sharp_chaotic
1702.68,0.4915,0.3819,0.4331,0.7504,3226.04,1441.46,0.2639,sharp_chaotic
876.99,0.4684,0.1844,0.5876,0.7215,2251.39,1977.25,1.6124,airy_ethereal
236.26,0.5491,0.5759,0.01,0.0774,52.5,362.2,1.7451,deep_calm
207.38,0.524,0.4748,0.5731,0.3289,688.86,352.29,0.8131,warm_soft
2027.98,0.6875,0.2856,0.6085,0.99,2671.46,1314.17,1.4147,sharp_chaotic
1292.66,0.8285,0.0547,0.5171,0.6475,2481.65,1344.32,1.548,sharp_chaotic
2264.61,0.806,0.3182,0.4332,0.7585,2351.47,1362.8,0.7951,sharp_chaotic
956.63,0.8734,0.5208,0.5272,0.2494,3034.87,635.84,0.9757,bright_energetic
805.71,0.5057,0.1211,0.1637,0.629,3689.27,1020.71,1.872,airy_ethereal
534.33,0.7553,0.2619,0.3831,0.5425,1837.2,870.13,1.5884,bright_energetic
811.11,0.4916,0.0991,0.4266,0.5518,2708.93,1483.95,1.4297,airy_ethereal
629.27,0.6508,0.3358,0.5889,0.2439,511.76,367.81,1.9573,warm_soft
578.59,0.7537,0.525,0.4565,0.1156,397.27,338.49,1.9451,warm_soft
165.9,0.5244,0.4847,0.4006,0.0934,373.13,421.92,1.5049,deep_calm
2339.18,0.7911,0.1639,0.5271,0.8886,4441.5,615.69,1.6039,sharp_chaotic
1450.46,0.6941,0.4313,0.4339,0.8751,2447.66,2067.86,1.7756,sharp_chaotic
260.57,0.2809,0.5372,0.3022,0.0552,737.45,233.12,0.403,deep_calm
183.83,0.5288,0.4341,0.5339,0.1844,938.15,339.64,0.2432,warm_soft
265.29,0.4042,0.8199,0.2746,0.2716,362.99,141.23,1.2862,deep_calm
98.05,0.3545,0.8186,0.3137,0.0789,238.16,328.99,1.1204,deep_calm
1288.97,0.7749,0.1997,0.7667,0.2922,1506.7,849.76,1.1564,bright_energetic
375.46,0.5421,0.2142,0.7019,0.0976,820.28,629.39,1.7798,warm_soft
858.7,0.8568,0.4225,0.5777,0.5178,1315.81,951.22,0.5349,bright_energetic
1534.09,0.7927,0.3301,0.7053,0.7472,2389.12,1752.95,1.7938,sharp_chaotic
193.38,0.7861,0.4158,0.7763,0.7513,1972.77,418.0,1.2534,bright_energetic
48.29,0.3121,0.7317,0.1542,0.2129,208.36,173.67,0.1632,deep_calm
728.18,0.3281,0.1635,0.2892,0.8897,3239.17,1982.72,0.3482,airy_ethereal
639.74,0.2572,0.6304,0.4683,0.1825,584.02,476.67,1.2751,warm_soft
1370.37,0.8949,0.1636,0.4806,0.9678,3593.63,1227.63,1.0953,sharp_chaotic
936.43,0.3771,0.3215,0.5635,0.4569,1782.19,810.07,0.0415,airy_ethereal
1064.06,0.9407,0.3884,0.482,0.9105,3578.63,1415.71,0.2457,sharp_chaotic
792.17,0.8348,0.4039,0.2634,0.8297,2867.48,1600.82,1.7684,sharp_chaotic
523.84,0.4198,0.1127,0.4386,0.5977,3454.24,1437.02,1.6884,airy_ethereal
355.24,0.5013,0.0762,0.3164,0.6284,3123.53,512.33,1.0342,airy_ethereal
93.7,0.035,0.6378,0.1888,0.1082,50.0,215.43,0.3923,deep_calm
815.68,0.3299,0.0508,0.4823,0.5906,1966.78,1464.51,0.3641,airy_ethereal
962.12,0.7235,0.0593,0.5681,0.4135,1739.81,726.49,0.664,bright_energetic
344.6,0.3583,0.7693,0.7748,0.2019,365.9,534.94,0.951,warm_soft
20.0,0.49,0.7054,0.2375,0.1338,234.66,363.73,0.1539,deep_calm
151.15,0.3296,0.4486,0.5336,0.2267,304.45,431.1,1.1497,warm_soft
126.35,0.4125,0.5624,0.4239,0.1863,126.42,236.96,0.7656,deep_calm
626.33,0.1801,0.1724,0.408,0.6933,2685.81,1408.41,0.5679,airy_ethereal
1708.63,0.8357,0.1464,0.5485,0.6436,3906.75,2113.12,1.1592,sharp_chaotic
553.0,0.7384,0.3908,0.4371,0.01,492.43,706.92,1.6536,warm_soft
1178.68,0.9136,0.258,0.5105,0.5628,1659.46,920.6,0.5908,bright_energetic
392.52,0.4187,0.4635,0.4529,0.1201,712.57,467.0,0.5033,warm_soft
426.94,0.8417,0.01,0.697,0.5667,1668.9,701.51,0.6147,bright_energetic
1328.21,0.5424,0.0576,0.2959,0.3704,2158.99,1463.71,0.8149,airy_ethereal
722.92,0.6405,0.261,0.3933,0.5537,2009.36,422.89,0.046,bright_energetic
20.0,0.1329,0.8927,0.246,0.0719,161.09,101.34,0.7368,deep_calm
1384.61,0.7647,0.2544,0.6692,0.5783,3622.86,1502.21,0.0067,sharp_chaotic
696.43,0.4783,0.1508,0.6343,0.4706,1139.05,849.89,0.3164,bright_energetic
237.37,0.478,0.3639,0.2008,0.0352,680.77,142.72,0.8709,deep_calm
762.33,0.7074,0.1968,0.4656,0.3056,1822.33,1167.8,1.1868,bright_energetic
726.33,0.4032,0.1414,0.5655,0.7627,1787.57,1202.35,1.0146,bright_energetic
1222.58,0.7323,0.2885,0.8266,0.7622,1958.28,898.5,1.936,bright_energetic
781.46,0.8041,0.3561,0.5732,0.6137,2439.7,1862.16,1.2343,sharp_chaotic
889.22,0.5079,0.0809,0.6225,0.3408,2377.06,687.64,0.1878,bright_energetic
753.49,0.6017,0.0882,0.3525,0.5347,1688.65,801.33,1.8301,airy_ethereal
1024.65,0.326,0.01,0.3279,0.4392,1523.03,1386.65,1.0491,airy_ethereal
228.83,0.2458,0.8472,0.1805,0.2357,345.29,123.58,0.3261,deep_calm
1094.48,0.4365,0.0469,0.5348,0.5924,2355.5,907.48,1.968,airy_ethereal
1412.0,0.4293,0.1736,0.0596,0.8096,2439.52,762.96,1.4368,airy_ethereal
222.08,0.01,0.8643,0.0391,0.134,125.75,145.7,1.4532,deep_calm
1304.48,0.9374,0.0952,0.6823,0.9831,2763.86,1611.91,0.7988,sharp_chaotic
1455.47,0.8119,0.3288,0.6552,0.7789,2674.72,1665.87,0.1598,sharp_chaotic
1407.69,0.4469,0.1536,0.3675,0.536,1629.66,1994.61,0.8539,airy_ethereal
326.64,0.3012,0.4868,0.6116,0.2271,1090.73,638.97,0.6355,warm_soft
1049.98,0.4711,0.01,0.3555,0.4519,3041.18,1026.84,0.5994,airy_ethereal
276.36,0.5962,0.4704,0.6572,0.1995,1362.82,526.67,0.9273,warm_soft
1547.43,0.3203,0.0716,0.3795,0.7033,2843.58,1258.26,1.3622,airy_ethereal
522.37,0.4112,0.6201,0.7332,0.1487,495.96,546.97,1.7781,warm_soft
1432.55,0.6712,0.1345,0.6864,0.7058,1147.6,1111.57,0.5152,bright_energetic
251.4,0.3338,0.6194,0.0743,0.1269,292.02,310.54,0.134,deep_calm
938.35,0.7144,0.0778,0.6379,0.4263,1791.54,1065.04,0.9533,bright_energetic
1076.81,0.2043,0.4568,0.6826,0.7154,709.56,1040.8,1.0405,airy_ethereal
1449.23,0.5782,0.1342,0.3505,0.7953,3605.57,1784.91,0.5594,airy_ethereal
807.33,0.605,0.2166,0.7983,0.7762,2309.43,774.73,1.856,bright_energetic
972.11,0.4428,0.0753,0.2459,0.6427,1726.36,1219.79,1.4848,airy_ethereal
1421.9,0.7809,0.1806,0.6139,0.4837,1425.74,1029.76,1.332,bright_energetic
1012.69,0.3786,0.4122,0.5469,0.2196,1121.1,631.08,1.5533,warm_soft
350.92,0.7069,0.5512,0.4857,0.1615,656.19,440.17,0.4745,warm_soft
522.12,0.4038,0.0194,0.4077,0.7578,2734.58,1861.29,0.3997,airy_ethereal
354.4,0.3733,0.3874,0.614,0.01,339.35,669.8,1.2138,warm_soft
718.07,0.6839,0.2543,0.6443,0.8918,3619.05,1347.88,0.3109,sharp_chaotic
343.01,0.4287,0.5485,0.6662,0.3117,1160.8,540.92,0.4774,warm_soft
1325.15,0.8468,0.0927,0.7179,0.8085,2955.13,590.1,1.8014,sharp_chaotic
223.27,0.6305,0.8991,0.6214,0.1063,691.41,187.26,0.0707,deep_calm
237.6,0.796,0.0997,0.6269,0.7015,2418.91,608.28,1.2767,bright_energetic
1406.39,0.2807,0.0822,0.2039,0.5379,2871.4,1830.22,0.8437,airy_ethereal
459.81,0.4268,0.4505,0.4311,0.4801,463.86,246.91,1.1484,warm_soft
898.3,0.7246,0.338,0.5489,0.3174,1226.94,654.87,1.1367,bright_energetic
432.23,0.5337,0.6209,0.5539,0.1209,345.83,562.56,0.5494,warm_soft
698.2,0.7239,0.198,0.6517,0.5295,2344.21,908.34,1.4411,bright_energetic
1552.52,0.8193,0.2063,0.479,0.7974,2655.69,1669.76,1.9413,sharp_chaotic
2476.53,0.6143,0.1017,0.4505,0.5967,3599.58,1256.38,1.7121,sharp_chaotic
1101.19,0.3619,0.2024,0.4842,0.5527,2536.05,2001.83,0.8055,airy_ethereal
1991.0,0.571,0.1942,0.2839,0.7121,3369.53,1566.65,1.8247,sharp_chaotic
237.32,0.3169,0.808,0.2025,0.0141,511.46,128.9,1.5301,deep_calm
345.76,0.5628,0.4066,0.9011,0.2731,472.66,408.7,1.3706,warm_soft
188.29,0.4308,0.5197,0.3054,0.1941,426.84,349.75,1.048,deep_calm
1214.61,0.7435,0.2144,0.4327,0.2727,1919.41,1156.29,0.4311,bright_energetic
926.58,0.5006,0.2297,0.5351,0.5318,2298.89,1048.81,1.9192,bright_energetic
255.76,0.3482,0.6987,0.5011,0.0435,102.98,314.37,1.4337,deep_calm
1228.1,0.5587,0.0904,0.4851,0.7107,2868.15,2005.22,0.7252,airy_ethereal
1485.22,0.7729,0.4036,0.594,0.866,2905.11,1770.7,1.3764,sharp_chaotic
474.87,0.5807,0.3197,0.7324,0.3072,1642.64,225.42,0.55,warm_soft
390.93,0.7846,0.2361,0.6282,0.6984,1442.45,1271.79,0.9406,bright_energetic
635.48,0.474,0.3188,0.6784,0.7174,2289.73,773.57,0.3936,bright_energetic
258.83,0.4465,0.4502,0.2763,0.1479,365.72,463.1,1.2669,warm_soft
325.62,0.5615,0.6451,0.3768,0.3389,744.22,167.05,0.6917,warm_soft
898.9,0.6788,0.0725,0.6038,0.7853,2506.29,661.08,1.6164,bright_energetic
20.0,0.2352,0.6678,0.1488,0.1452,317.03,256.92,1.3517,deep_calm
940.59,0.8552,0.1042,0.6547,0.6282,1942.93,750.58,1.6791,bright_energetic
282.24,0.2066,0.6191,0.1824,0.1331,363.89,59.95,0.5586,deep_calm
725.21,0.8023,0.0914,0.4889,0.9434,5078.85,1664.06,0.6925,sharp_chaotic
39.08,0.2777,0.6218,0.1431,0.2082,50.0,440.81,0.2916,deep_calm
611.74,0.3472,0.5749,0.3581,0.2464,1146.23,530.92,0.6396,warm_soft
284.18,0.3137,0.8322,0.4041,0.1007,110.69,203.8,1.8327,deep_calm
1362.34,0.691,0.221,0.6969,0.6112,1971.03,946.62,0.5217,bright_energetic
1170.03,0.4598,0.0162,0.2767,0.6095,2794.64,1981.19,0.3211,airy_ethereal
725.71,0.2158,0.071,0.1973,0.817,2534.44,898.95,0.1571,airy_ethereal
199.74,0.01,0.8458,0.0392,0.1357,428.79,164.83,1.2321,deep_calm
346.9,0.3494,0.5235,0.6765,0.0945,652.88,584.05,1.5488,warm_soft
1180.34,0.7088,0.3845,0.5363,0.8306,2876.94,2436.48,1.8828,sharp_chaotic
995.73,0.9101,0.087,0.8763,0.4798,1218.39,519.43,1.681,bright_energetic
434.7,0.6042,0.2905,0.5356,0.6888,2381.84,792.22,1.9161,bright_energetic
517.4,0.5139,0.0971,0.3681,0.8336,2526.43,1186.95,1.9927,airy_ethereal
156.9,0.1176,0.9541,0.3753,0.1394,453.45,232.91,0.5735,deep_calm
836.28,0.783,0.321,0.5425,0.6981,1567.95,1681.27,0.015,sharp_chaotic
474.69,0.3538,0.4299,0.5658,0.2578,615.23,348.3,0.7519,warm_soft
879.95,0.4072,0.01,0.3828,0.7128,3059.48,1505.51,1.9214,airy_ethereal
275.75,0.4884,0.5481,0.01,0.1299,236.32,235.41,0.7212,deep_calm
1134.11,0.2626,0.01,0.6182,0.99,1904.8,1138.89,1.4916,airy_ethereal
496.31,0.4647,0.3258,0.4426,0.133,510.76,464.94,0.3229,warm_soft
56.26,0.4,0.7785,0.3313,0.1228,106.16,253.71,0.1351,deep_calm
203.65,0.5888,0.779,0.3185,0.0652,50.0,191.13,0.9994,deep_calm
210.09,0.2411,0.7164,0.1074,0.131,50.0,145.63,1.2244,deep_calm
1884.19,0.6473,0.2549,0.7857,0.8883,2262.67,1766.56,0.5715,sharp_chaotic
179.54,0.4306,0.4712,0.3891,0.124,76.34,168.3,0.425,deep_calm
1075.94,0.6943,0.2672,0.5581,0.6386,3820.35,1809.11,1.8577,sharp_chaotic
2308.2,0.6198,0.1978,0.4207,0.7888,3397.03,1528.12,1.5193,sharp_chaotic
537.9,0.4938,0.6846,0.6396,0.1964,572.21,572.11,0.7398,warm_soft
203.46,0.7006,0.5123,0.547,0.3247,279.91,248.05,1.3218,warm_soft
349.97,0.5078,0.3736,0.721,0.0871,939.25,754.85,0.4905,warm_soft
460.79,0.4206,0.7107,0.7002,0.2209,566.42,119.5,0.5325,warm_soft
1178.4,0.7778,0.3678,0.5533,0.8519,3902.26,1322.1,1.8619,sharp_chaotic
788.77,0.4173,0.1203,0.4053,0.6715,1933.55,1425.09,0.1689,airy_ethereal
1101.0,0.9254,0.272,0.4856,0.8814,1756.27,1214.58,1.2427,bright_energetic
627.91,0.2945,0.3254,0.5702,0.1099,624.64,509.02,1.5185,warm_soft
661.61,0.6936,0.3924,0.8437,0.1757,420.83,412.01,1.5817,warm_soft
1209.76,0.718,0.3804,0.666,0.1649,2077.9,780.35,1.3866,bright_energetic
1853.01,0.7267,0.2531,0.3458,0.7649,2032.0,2151.76,1.6314,sharp_chaotic
707.51,0.9633,0.1545,0.9595,0.7292,2277.02,650.53,1.7374,bright_energetic
342.53,0.4293,0.5719,0.3491,0.2361,648.3,430.16,1.289,warm_soft
330.9,0.5585,0.2177,0.6769,0.6033,1709.95,720.69,0.9725,bright_energetic
306.17,0.2394,0.5314,0.3857,0.1884,908.69,461.45,0.603,warm_soft
1220.03,0.4388,0.2102,0.6873,0.5142,2731.98,1258.25,1.8997,bright_energetic
731.26,0.3214,0.1418,0.383,0.626,1937.63,1429.05,1.5789,airy_ethereal
796.38,0.3574,0.0858,0.2073,0.6081,1988.17,1122.44,0.8354,airy_ethereal
2669.16,0.6329,0.1422,0.5464,0.8813,3996.96,1732.37,0.6442,sharp_chaotic
1722.24,0.6948,0.2789,0.3606,0.8215,2169.42,2318.92,1.3944,sharp_chaotic
318.93,0.4873,0.4607,0.5551,0.1159,461.31,434.49,0.335,warm_soft
454.76,0.3263,0.6403,0.5578,0.1485,858.21,865.84,1.5093,warm_soft
214.2,0.4916,0.0843,0.627,0.4025,2149.88,780.87,1.5407,bright_energetic
102.66,0.1571,0.8964,0.392,0.01,211.73,82.5,1.8722,deep_calm
1087.87,0.277,0.171,0.3652,0.7389,2133.28,850.07,0.4321,airy_ethereal
256.19,0.2486,0.6688,0.5899,0.1133,152.15,342.2,1.3463,deep_calm
958.0,0.2209,0.0842,0.1652,0.2016,3948.84,983.41,1.6736,airy_ethereal
442.17,0.576,0.2572,0.5499,0.2407,977.29,563.14,1.4018,warm_soft
410.77,0.3972,0.01,0.5596,0.24,1197.62,156.2,1.2245,warm_soft
668.41,0.3744,0.3345,0.4927,0.3113,1103.56,425.33,0.756,warm_soft
1191.14,0.6147,0.2021,0.6755,0.4444,3214.67,2059.8,0.6553,sharp_chaotic
216.88,0.362,0.8584,0.2888,0.1317,152.05,151.55,0.7218,deep_calm
299.61,0.3192,0.795,0.3085,0.1126,742.49,336.96,0.0633,deep_calm
207.74,0.2843,0.8455,0.4737,0.145,948.53,529.45,0.7898,warm_soft
262.81,0.6639,0.5008,0.5401,0.0717,897.76,378.16,1.9679,warm_soft
681.56,0.3846,0.0112,0.4082,0.6383,2331.95,1235.82,1.5787,airy_ethereal
1938.98,0.9517,0.2534,0.0722,0.8214,4621.93,2224.01,1.172,sharp_chaotic
1503.85,0.8701,0.1639,0.3486,0.788,2672.0,1551.06,1.4545,sharp_chaotic
1560.77,0.489,0.0286,0.0827,0.4089,3239.91,899.82,0.5542,airy_ethereal
88.14,0.1781,0.6904,0.2695,0.1682,278.91,349.48,1.667,deep_calm
582.41,0.4826,0.663,0.5633,0.0909,1109.03,328.89,0.9119,warm_soft
758.71,0.7539,0.2442,0.5111,0.311,867.3,738.07,0.9678,bright_energetic
329.6,0.4008,0.6652,0.4806,0.1663,747.68,133.9,0.0851,warm_soft
279.0,0.5072,0.6754,0.4451,0.0191,89.19,36.31,0.6845,deep_calm
1425.14,0.7938,0.4547,0.6549,0.6258,2896.43,580.9,1.5218,sharp_chaotic
133.08,0.3642,0.6521,0.2197,0.2334,307.1,442.51,0.809,deep_calm
813.33,0.2929,0.1369,0.1424,0.5494,3366.77,1314.81,0.3337,airy_ethereal
747.54,0.8048,0.1507,0.8918,0.4752,2507.55,898.86,0.2821,bright_energetic
2433.21,0.7291,0.1843,0.4961,0.639,2680.25,1191.91,1.2614,sharp_chaotic
1668.4,0.8586,0.2734,0.1528,0.5343,2619.41,777.92,0.9099,sharp_chaotic
1544.28,0.3,0.1461,0.1628,0.8351,2446.18,1214.15,0.3885,airy_ethereal
1047.91,0.7327,0.2044,0.32,0.5626,4555.51,2013.73,1.8406,sharp_chaotic
2447.7,0.7898,0.153,0.6141,0.99,3906.23,1211.09,1.9131,sharp_chaotic
523.39,0.3913,0.2055,0.1982,0.4641,1605.78,990.09,1.2815,airy_ethereal
1901.23,0.6421,0.2922,0.5993,0.9341,3309.11,1213.79,0.2117,sharp_chaotic
69.24,0.7677,0.2567,0.3749,0.7695,2625.45,1120.86,0.1269,sharp_chaotic
178.49,0.6694,0.4116,0.3822,0.0745,366.14,176.8,0.1396,deep_calm
597.62,0.4272,0.2835,0.584,0.0889,657.55,659.0,1.8716,warm_soft
820.48,0.5754,0.2345,0.5737,0.499,2602.05,1286.45,1.4737,bright_energetic
272.63,0.4913,0.6199,0.7663,0.1743,763.75,536.05,1.3656,warm_soft
300.26,0.1614,0.618,0.3333,0.119,458.22,566.2,0.1997,deep_calm
142.95,0.4705,0.8156,0.3316,0.0652,507.94,340.78,1.5853,deep_calm
1101.3,0.6532,0.3482,0.7461,0.5016,2874.28,1788.04,1.649,sharp_chaotic
1283.5,0.3185,0.1308,0.4136,0.5912,1694.46,873.07,1.1252,airy_ethereal
252.32,0.0218,0.9595,0.1963,0.1239,317.17,297.02,1.8352,deep_calm
106.76,0.3621,0.7333,0.2635,0.0551,470.58,178.67,1.0742,deep_calm
131.61,0.1285,0.6652,0.2724,0.197,426.38,286.92,1.6019,deep_calm
190.5,0.4963,0.8265,0.2444,0.1165,506.79,125.41,1.2897,deep_calm
957.29,0.8643,0.2858,0.7849,0.6353,1635.77,894.11,1.9139,bright_energetic
111.39,0.4189,0.8638,0.2745,0.2351,361.03,278.29,0.9154,deep_calm
235.27,0.2254,0.8919,0.2163,0.0938,50.0,188.17,1.5103,deep_calm
219.38,0.5132,0.7151,0.2493,0.1171,530.0,282.39,1.7137,deep_calm
122.53,0.417,0.4898,0.6897,0.3251,690.74,482.07,1.2576,warm_soft
1723.86,0.8076,0.3154,0.534,0.4665,2969.31,1592.6,0.0616,sharp_chaotic
1358.52,0.7562,0.0962,0.3929,0.7776,2955.71,1585.59,1.2455,sharp_chaotic
420.33,0.4192,0.4767,0.8538,0.1424,751.32,595.69,1.4115,warm_soft
1234.54,0.5518,0.2227,0.6681,0.7583,1842.78,902.61,1.6397,bright_energetic
232.76,0.2874,0.5654,0.3209,0.1607,499.4,209.57,1.1939,deep_calm
2011.4,0.99,0.1525,0.3637,0.6248,3323.14,1804.52,0.8861,sharp_chaotic
1120.85,0.5762,0.2723,0.5347,0.4355,2196.04,705.14,0.1781,bright_energetic
1095.16,0.2285,0.1346,0.7343,0.7282,2884.76,1224.65,0.8669,airy_ethereal
916.06,0.8986,0.1869,0.7314,0.9706,1417.41,701.28,0.3627,bright_energetic
91.02,0.3121,0.8054,0.3001,0.0965,50.0,323.43,1.2117,deep_calm
933.34,0.6663,0.1653,0.5419,0.6949,2415.62,935.1,0.78,bright_energetic
711.01,0.6884,0.3571,0.9778,0.4038,1627.22,865.88,0.5694,bright_energetic
92.16,0.1875,0.7258,0.28,0.0444,399.85,348.96,0.4536,deep_calm
1692.33,0.2271,0.2019,0.3463,0.4538,2434.63,1157.43,0.2995,airy_ethereal
903.64,0.3591,0.1816,0.4394,0.6556,2846.01,2316.79,1.6233,airy_ethereal
707.39,0.99,0.1725,0.5668,0.5044,2005.99,1113.01,0.5235,bright_energetic
1465.48,0.8515,0.1658,0.3922,0.618,2790.4,1469.22,1.2373,sharp_chaotic
570.49,0.4189,0.7779,0.5718,0.3186,958.53,387.85,0.9038,warm_soft
1038.33,0.8169,0.3926,0.8042,0.8209,3772.98,1200.7,1.9424,sharp_chaotic
292.55,0.3204,0.577,0.4626,0.1337,879.45,343.1,1.2999,warm_soft
1487.53,0.4362,0.1191,0.1828,0.6981,3121.68,1548.41,0.7915,airy_ethereal
1552.91,0.4205,0.0866,0.4644,0.8612,1897.19,1847.07,1.8018,airy_ethereal
861.97,0.7398,0.2539,0.7258,0.6126,2913.65,1808.64,0.3678,sharp_chaotic
300.27,0.343,0.3883,0.5201,0.1699,942.43,622.73,0.6572,warm_soft
888.67,0.4408,0.1315,0.1813,0.5662,2698.83,1353.77,0.0922,airy_ethereal
1041.0,0.3249,0.1462,0.069,0.588,4503.52,1049.95,1.2049,airy_ethereal
756.57,0.6083,0.194,0.7601,0.5522,1312.6,327.58,0.0584,bright_energetic
662.56,0.3343,0.2859,0.6146,0.7158,2397.98,1047.57,1.2974,airy_ethereal
1894.01,0.8451,0.3261,0.791,0.5047,3084.96,1802.87,1.3558,sharp_chaotic
825.47,0.99,0.4518,0.7772,0.7338,2218.59,1552.49,0.8133,sharp_chaotic
226.47,0.2227,0.7052,0.01,0.199,387.4,265.06,0.694,deep_calm
1397.72,0.8376,0.2595,0.4818,0.5135,1774.63,1240.15,1.3758,sharp_chaotic
196.68,0.413,0.4736,0.4641,0.1672,264.47,187.32,0.061,deep_calm
758.86,0.7642,0.2024,0.5216,0.68,2379.05,524.72,1.0596,bright_energetic
1298.11,0.295,0.0961,0.0777,0.7721,2620.07,1523.11,0.5579,airy_ethereal
146.53,0.189,0.7389,0.5128,0.3049,290.24,286.39,1.5678,deep_calm
150.43,0.3962,0.8742,0.25,0.1092,125.84,253.45,0.8858,deep_calm
1137.95,0.669,0.019,0.99,0.8454,1621.89,821.42,0.8069,bright_energetic
819.34,0.4727,0.5939,0.5813,0.4346,830.45,533.33,1.8555,warm_soft
1218.58,0.8149,0.284,0.6026,0.7451,2558.47,890.32,1.8155,bright_energetic
332.19,0.9579,0.2459,0.7234,0.4365,1882.26,406.24,0.1968,bright_energetic
1320.8,0.834,0.2654,0.5873,0.7438,2904.49,1078.58,1.9047,sharp_chaotic
1361.75,0.8227,0.1417,0.4288,0.8484,3300.98,870.55,1.4437,sharp_chaotic
1035.79,0.466,0.2543,0.5453,0.6721,3591.53,1853.72,0.3124,sharp_chaotic
1070.97,0.6633,0.01,0.6462,0.6506,2233.0,945.31,1.6861,bright_energetic
101.08,0.257,0.7965,0.1002,0.1204,397.05,156.61,1.1938,deep_calm
1114.25,0.3357,0.0105,0.2929,0.99,3163.24,1184.62,0.4768,airy_ethereal
692.6,0.6521,0.1271,0.4375,0.01,1034.98,412.5,0.2844,warm_soft
469.74,0.4329,0.4007,0.6118,0.3613,528.21,314.49,1.3691,warm_soft
420.99,0.4145,0.6332,0.4895,0.1711,603.25,415.05,1.0311,warm_soft
1289.37,0.405,0.0569,0.2322,0.4962,854.8,1291.67,0.6258,airy_ethereal
35.98,0.01,0.4733,0.373,0.1203,660.47,370.38,0.3621,deep_calm
2009.63,0.8558,0.1737,0.7755,0.5599,3369.91,1326.88,0.4078,sharp_chaotic
2179.57,0.7822,0.261,0.7244,0.9264,4137.54,1364.62,1.4233,sharp_chaotic
818.3,0.767,0.344,0.6637,0.1892,1343.23,727.68,0.7149,bright_energetic
1050.34,0.6642,0.3821,0.5069,0.1175,1543.99,869.97,1.3503,bright_energetic
504.71,0.5435,0.1923,0.5638,0.6863,2633.12,969.91,0.6671,airy_ethereal
1223.57,0.2391,0.0306,0.3805,0.5713,2752.94,1570.1,0.3837,airy_ethereal
418.29,0.4278,0.0311,0.6589,0.7649,3418.65,1814.34,0.1279,airy_ethereal
459.87,0.6396,0.477,0.5784,0.3611,1280.76,558.36,0.7083,warm_soft
446.19,0.9545,0.2233,0.6561,0.7088,2411.67,1264.27,1.08,bright_energetic
88.77,0.1869,0.6599,0.4229,0.0106,50.0,446.28,0.8745,deep_calm
438.52,0.7703,0.5185,0.9012,0.9178,2166.24,841.53,1.202,bright_energetic
1203.14,0.4249,0.0799,0.3954,0.6518,2791.83,732.96,0.8396,airy_ethereal
647.46,0.5913,0.3883,0.2374,0.0462,818.13,540.04,1.8903,warm_soft
147.31,0.2103,0.7347,0.6515,0.01,349.58,224.19,0.5002,deep_calm
1156.92,0.7336,0.3564,0.7438,0.4037,2909.3,1179.74,0.9713,bright_energetic
1211.11,0.7339,0.0617,0.738,0.9256,2943.55,1409.75,1.1977,sharp_chaotic
1148.43,0.6561,0.3541,0.3288,0.8025,3106.66,1411.15,0.7908,sharp_chaotic
1081.14,0.3751,0.1072,0.2427,0.7171,2446.8,1425.38,0.7663,airy_ethereal
678.28,0.8401,0.0529,0.5726,0.6055,1929.93,927.61,1.1074,bright_energetic
345.32,0.5623,0.6532,0.6361,0.0361,105.87,409.69,0.2708,deep_calm
1287.5,0.205,0.1767,0.3566,0.6028,3217.55,819.02,1.3327,airy_ethereal
550.75,0.7722,0.1829,0.7742,0.7632,1697.44,1293.65,1.7702,bright_energetic
103.95,0.2867,0.6454,0.2737,0.2552,219.15,300.03,1.221,deep_calm
514.17,0.4461,0.5398,0.6871,0.2079,1130.01,663.85,0.0121,warm_soft
580.69,0.9612,0.4876,0.415,0.6963,3780.05,1929.23,1.468,sharp_chaotic
2182.87,0.8654,0.0728,0.4691,0.9154,2382.35,839.83,1.2577,sharp_chaotic
375.33,0.447,0.5885,0.6861,0.0492,1045.04,536.51,0.92,warm_soft
302.19,0.509,0.4302,0.7206,0.0905,739.17,434.31,0.6512,warm_soft
312.32,0.2739,0.4223,0.4101,0.2834,691.27,356.31,0.4386,warm_soft
1763.32,0.8352,0.4136,0.5118,0.99,3223.79,1518.04,1.0858,sharp_chaotic
309.1,0.4781,0.4294,0.8295,0.1045,714.21,708.29,1.294,warm_soft
2181.32,0.918,0.3595,0.5281,0.7677,2568.15,1862.58,0.9728,sharp_chaotic
25.3,0.1475,0.5625,0.561,0.1634,528.51,411.97,1.226,warm_soft
1050.18,0.3136,0.01,0.4471,0.99,2230.13,1000.41,1.03,airy_ethereal
955.35,0.4493,0.1344,0.4463,0.7477,3265.68,872.58,1.2459,airy_ethereal
201.75,0.2711,0.8265,0.0147,0.01,50.0,433.1,0.7046,deep_calm
20.0,0.1843,0.4854,0.5475,0.01,859.51,529.99,0.0887,warm_soft
153.31,0.3794,0.7288,0.2483,0.1668,659.47,244.02,0.8206,deep_calm
1038.41,0.5335,0.034,0.3921,0.6045,2972.79,1662.36,1.0225,airy_ethereal
407.58,0.4932,0.4097,0.4985,0.1665,180.93,670.94,1.9712,warm_soft
194.13,0.3347,0.785,0.4489,0.1875,477.11,334.49,0.2746,deep_calm
1165.22,0.8051,0.2025,0.2866,0.7388,4086.58,1075.76,0.0742,sharp_chaotic
463.17,0.4735,0.6414,0.5708,0.158,861.93,532.15,0.5992,warm_soft
157.32,0.2637,0.5537,0.122,0.1444,266.46,100.15,0.2395,deep_calm
366.93,0.296,0.7516,0.2096,0.2383,327.47,252.09,0.0666,deep_calm
1674.64,0.38,0.0911,0.2508,0.5775,2953.65,2592.89,1.9378,airy_ethereal
713.91,0.5796,0.1226,0.604,0.4947,1990.84,1328.41,0.5299,airy_ethereal
708.36,0.7328,0.2496,0.6299,0.4565,1446.61,727.67,1.9468,bright_energetic
157.88,0.2404,0.6335,0.0754,0.01,344.2,202.44,0.2028,deep_calm
181.31,0.4636,0.6854,0.2556,0.218,263.08,41.46,0.2665,deep_calm
159.89,0.2016,0.6021,0.505,0.2898,537.65,199.2,1.9391,warm_soft
1722.02,0.6747,0.2827,0.092,0.7415,3331.91,1580.48,1.7523,sharp_chaotic
468.93,0.5882,0.5817,0.5705,0.223,1128.95,240.28,1.292,warm_soft
895.93,0.5406,0.01,0.3543,0.6731,3196.25,1253.14,1.7894,airy_ethereal
1415.62,0.9243,0.3967,0.5198,0.7797,3872.72,1381.21,0.5038,sharp_chaotic
208.75,0.2531,0.572,0.4075,0.1656,609.95,170.93,1.9696,deep_calm
1070.23,0.7129,0.303,0.6386,0.8215,1824.06,875.06,1.6932,bright_energetic
271.24,0.4642,0.2655,0.502,0.0979,672.76,476.59,0.1292,warm_soft
1863.29,0.851,0.3679,0.5527,0.7257,2867.07,977.78,1.9521,sharp_chaotic
240.97,0.3073,0.9703,0.2013,0.01,50.0,283.8,1.727,deep_calm
1318.94,0.7249,0.01,0.163,0.8662,4462.25,1723.2,0.888,sharp_chaotic
160.62,0.3363,0.4254,0.5966,0.1333,1026.63,411.98,1.9429,warm_soft
639.88,0.2581,0.2466,0.4864,0.7483,3155.42,1393.23,1.4117,airy_ethereal
559.51,0.7577,0.6186,0.6786,0.1991,901.9,90.02,1.5123,warm_soft
1291.28,0.2969,0.186,0.5897,0.6182,2254.7,1812.76,0.5038,airy_ethereal
354.56,0.3493,0.3696,0.6279,0.1344,1202.75,508.51,0.1208,warm_soft
1230.45,0.2321,0.1484,0.1936,0.7697,1887.65,858.91,1.2462,airy_ethereal
165.55,0.846,0.0818,0.552,0.3927,1768.67,995.27,1.3525,bright_energetic
183.25,0.5459,0.3714,0.3909,0.0728,921.33,600.2,0.3331,warm_soft
1215.13,0.7709,0.2664,0.5166,0.7221,1991.58,1794.96,1.235,sharp_chaotic
1416.48,0.6729,0.1933,0.178,0.7786,4333.43,659.54,0.6393,sharp_chaotic
682.9,0.3085,0.1225,0.2677,0.2702,1204.88,1091.24,0.6587,airy_ethereal
399.1,0.4768,0.4662,0.524,0.2284,843.7,426.2,1.9743,warm_soft
787.64,0.6324,0.1653,0.5128,0.99,2821.81,1942.92,0.566,sharp_chaotic
297.86,0.3286,0.6341,0.2468,0.1136,217.56,372.79,0.562,deep_calm
490.96,0.8565,0.2635,0.7516,0.5229,1862.08,1150.77,0.1314,bright_energetic
551.76,0.2441,0.4789,0.7146,0.3218,1163.89,667.68,0.0042,warm_soft
1037.45,0.6524,0.3471,0.4888,0.99,2818.58,1597.27,0.7747,sharp_chaotic
126.5,0.4567,0.8079,0.1036,0.2283,50.0,240.09,1.654,deep_calm
151.28,0.5164,0.8527,0.2728,0.1384,494.61,237.63,1.9238,deep_calm
20.0,0.2652,0.8133,0.4763,0.3246,515.89,332.92,1.8751,warm_soft
331.69,0.3291,0.687,0.578,0.1733,682.54,432.48,0.669,warm_soft
530.49,0.4894,0.2404,0.5426,0.2096,913.02,455.84,0.1929,warm_soft
1401.28,0.5774,0.0602,0.3108,0.4768,2421.35,1181.49,0.0571,airy_ethereal
255.16,0.382,0.9661,0.2669,0.01,217.27,418.28,0.7265,deep_calm
147.94,0.436,0.8511,0.1837,0.1221,279.54,193.38,0.0777,deep_calm
1481.0,0.9084,0.2218,0.8626,0.8098,3172.61,2296.01,0.5046,sharp_chaotic
416.44,0.2441,0.7694,0.7217,0.2763,1049.05,749.54,0.2332,warm_soft
479.81,0.7453,0.0983,0.6385,0.9204,2693.24,1252.97,1.5045,bright_energetic
839.35,0.7332,0.2043,0.6451,0.5907,1848.89,888.11,0.7941,bright_energetic
109.85,0.2746,0.7865,0.1736,0.0444,195.09,289.29,1.083,deep_calm
158.05,0.3737,0.5198,0.3222,0.1673,212.47,167.0,0.3524,deep_calm
2470.41,0.816,0.4941,0.6179,0.642,2926.17,1475.63,1.771,sharp_chaotic
424.56,0.2026,0.1761,0.4686,0.087,799.64,365.55,1.3362,warm_soft
88.6,0.6103,0.8559,0.222,0.0665,132.25,420.33,0.017,deep_calm
1162.94,0.7078,0.1401,0.698,0.2606,1456.84,500.38,0.0225,bright_energetic
652.91,0.4052,0.2673,0.6417,0.2364,1166.62,142.92,0.3165,warm_soft
829.7,0.7582,0.0848,0.7637,0.9599,2788.03,520.46,0.052,bright_energetic
250.47,0.4273,0.9451,0.4414,0.1433,972.52,302.24,0.6733,warm_soft
88.64,0.1013,0.7744,0.2916,0.1648,233.59,257.33,1.2974,deep_calm
1253.9,0.5997,0.2106,0.5333,0.7167,2937.6,1628.32,0.1273,sharp_chaotic
1728.88,0.386,0.1309,0.6056,0.7259,1441.42,1017.39,1.5451,airy_ethereal
226.77,0.2891,0.5652,0.3149,0.1308,484.32,297.75,1.5795,deep_calm
1459.42,0.2294,0.3051,0.3161,0.3998,1748.9,1469.28,1.6493,airy_ethereal
400.45,0.2883,0.2312,0.6333,0.2069,912.49,120.4,0.1721,warm_soft
386.94,0.4044,0.5256,0.6211,0.2817,1234.5,589.19,1.3157,warm_soft
397.98,0.5437,0.4116,0.5444,0.1866,807.39,304.44,1.6247,warm_soft
1021.85,0.99,0.2499,0.5141,0.6881,4115.38,1871.27,0.5388,sharp_chaotic
2590.37,0.99,0.365,0.5809,0.7784,2204.91,1717.12,1.955,sharp_chaotic
1366.73,0.9621,0.1699,0.6004,0.5977,3246.41,1291.66,1.5865,sharp_chaotic
111.42,0.4206,0.7642,0.1695,0.0884,465.47,44.96,1.0335,deep_calm
334.84,0.35,0.5017,0.6257,0.2426,927.16,303.6,1.7201,warm_soft
889.8,0.1713,0.2088,0.5442,0.8861,3252.41,1776.69,1.4097,airy_ethereal
106.84,0.2055,0.7141,0.644,0.1071,341.66,326.75,1.0908,deep_calm
189.71,0.5165,0.9156,0.3226,0.0665,174.86,390.26,1.4972,deep_calm
623.19,0.3418,0.4653,0.6642,0.1515,958.09,516.08,0.195,warm_soft
290.37,0.4799,0.7146,0.3269,0.1027,541.07,155.12,0.1296,deep_calm
602.24,0.3876,0.1212,0.2343,0.6815,3004.43,1459.84,1.8235,airy_ethereal
196.13,0.2715,0.9517,0.3705,0.1862,509.98,124.64,1.9805,deep_calm
1119.64,0.3994,0.1879,0.3449,0.6859,2795.21,1024.88,1.787,airy_ethereal
201.17,0.0737,0.6741,0.3191,0.223,111.08,147.96,1.9628,deep_calm
850.78,0.1848,0.0856,0.2816,0.646,2912.88,1031.15,1.6154,airy_ethereal
508.39,0.7182,0.5343,0.6709,0.211,923.97,586.08,1.245,warm_soft
173.78,0.3954,0.8179,0.2383,0.1907,632.82,229.4,0.971,deep_calm
374.91,0.6003,0.4165,0.6255,0.1493,530.25,539.43,1.3127,warm_soft
500.15,0.3947,0.6398,0.8018,0.2188,860.42,340.4,1.237,warm_soft
582.15,0.2329,0.4026,0.5555,0.2282,197.13,400.2,0.6425,warm_soft
154.53,0.2732,0.2013,0.1502,0.5692,1758.23,1273.44,0.4077,airy_ethereal
2357.58,0.6887,0.4741,0.7045,0.7871,1664.43,1776.74,1.2507,sharp_chaotic
298.48,0.4671,0.4533,0.6282,0.2218,327.15,639.26,0.5955,warm_soft
1516.89,0.8953,0.2614,0.5022,0.8481,3400.83,1074.68,0.5366,sharp_chaotic
252.26,0.2722,0.5467,0.4534,0.3939,803.94,574.3,0.8274,warm_soft
925.77,0.6994,0.2657,0.5382,0.7535,2110.42,107.67,1.4764,bright_energetic
441.46,0.3071,0.7579,0.3926,0.1198,600.59,396.03,1.195,deep_calm
78.56,0.6586,0.3812,0.5573,0.1366,950.07,523.1,1.4364,warm_soft
1504.63,0.9183,0.3215,0.28,0.7095,3991.32,1608.41,1.7013,sharp_chaotic
150.17,0.5137,0.6393,0.2064,0.2044,283.15,424.94,1.8393,deep_calm
320.47,0.4237,0.3816,0.6144,0.1941,983.19,810.9,1.274,warm_soft
907.25,0.7929,0.31,0.6651,0.5927,3845.19,1309.12,1.2574,sharp_chaotic
84.75,0.4324,0.9015,0.2246,0.01,312.86,352.46,0.4487,deep_calm
430.62,0.7298,0.544,0.7231,0.2291,788.87,699.17,0.4802,warm_soft
1339.34,0.7641,0.2975,0.8119,0.6383,2589.63,1231.29,1.2527,sharp_chaotic
1652.38,0.7384,0.3649,0.485,0.9138,3666.4,1161.1,1.6436,sharp_chaotic
1919.83,0.7747,0.3655,0.3965,0.7626,2607.94,859.41,0.9199,sharp_chaotic
557.97,0.9783,0.2199,0.4817,0.7628,2394.79,995.54,0.5053,sharp_chaotic
1423.65,0.9186,0.3867,0.5212,0.99,3227.43,1623.75,1.1507,sharp_chaotic
1583.34,0.7102,0.1577,0.5399,0.8595,4941.66,2501.89,1.844,sharp_chaotic
1660.91,0.6296,0.0687,0.602,0.7821,2415.01,1902.01,1.1987,sharp_chaotic
333.17,0.6408,0.2422,0.4844,0.6828,2125.35,1179.62,1.3645,bright_energetic
1435.3,0.8869,0.1855,0.7538,0.7746,1747.14,833.23,0.8177,bright_energetic
467.97,0.4542,0.5487,0.4261,0.2719,718.38,304.98,1.2999,warm_soft
154.36,0.2551,0.7209,0.3022,0.163,161.64,74.6,1.6324,deep_calm
1449.35,0.9473,0.1905,0.524,0.6324,2755.24,1956.46,1.3922,sharp_chaotic
592.87,0.4686,0.2732,0.4189,0.3063,1045.95,570.68,1.3197,warm_soft
232.85,0.4165,0.6613,0.1772,0.062,323.1,213.38,0.8598,deep_calm
956.9,0.8162,0.0588,0.8446,0.6303,1988.15,802.33,1.3206,bright_energetic
142.7,0.3627,0.6273,0.273,0.1761,332.1,319.67,1.0561,deep_calm
1008.85,0.8296,0.2358,0.6994,0.6296,2588.69,1517.22,0.2343,sharp_chaotic
867.97,0.7541,0.01,0.6256,0.4773,1260.14,660.72,1.5298,bright_energetic
1646.57,0.814,0.03,0.3606,0.7019,2401.06,1218.33,0.418,sharp_chaotic
802.3,0.3993,0.01,0.1824,0.828,2121.04,1502.78,1.3432,airy_ethereal
705.47,0.6121,0.4536,0.7489,0.1524,640.46,345.62,0.77,warm_soft
325.0,0.4922,0.8999,0.5558,0.0986,277.17,217.43,0.9734,deep_calm
344.5,0.5205,0.4246,0.6386,0.2574,1274.59,324.5,1.0322,warm_soft
943.97,0.9149,0.2982,0.3267,0.7751,3894.16,1728.64,1.6238,sharp_chaotic
1396.2,0.7693,0.3664,0.8215,0.7175,3040.31,900.23,1.4746,sharp_chaotic
259.11,0.3628,0.6854,0.4502,0.2227,567.8,301.54,1.6412,warm_soft
840.0,0.3041,0.047,0.2912,0.591,2615.13,1246.19,0.8594,airy_ethereal
390.2,0.8632,0.0599,0.8616,0.4834,2819.04,1175.15,1.7784,bright_energetic
419.55,0.479,0.51,0.3981,0.3745,334.96,425.42,0.3469,warm_soft
170.12,0.3742,0.7959,0.3784,0.0405,372.94,392.72,1.0819,deep_calm
398.22,0.3237,0.6212,0.7235,0.1248,313.83,348.19,0.046,warm_soft
206.46,0.6846,0.5281,0.4524,0.198,643.62,674.19,0.4492,warm_soft
1789.85,0.8872,0.4518,0.4817,0.8818,3120.53,1934.27,1.4211,sharp_chaotic
566.13,0.4409,0.3079,0.594,0.053,730.79,602.83,1.6571,warm_soft
572.22,0.5458,0.5397,0.5184,0.3,465.87,358.51,1.6384,warm_soft
100.97,0.3488,0.8275,0.2671,0.0548,511.68,20.0,1.9252,deep_calm
861.09,0.1473,0.2075,0.4733,0.8669,3190.55,1300.59,1.7788,airy_ethereal
1855.95,0.7443,0.01,0.3953,0.8397,3274.29,2046.61,0.3784,sharp_chaotic
147.78,0.5085,0.7049,0.1546,0.151,705.17,260.54,0.6729,deep_calm
942.65,0.372,0.041,0.4281,0.7452,1980.22,1746.56,1.7173,airy_ethereal
389.6,0.3067,0.7054,0.5012,0.1564,1078.21,587.21,1.8046,warm_soft
884.96,0.2045,0.1526,0.5459,0.6337,2419.13,1205.82,0.6613,airy_ethereal
297.32,0.5307,0.791,0.1751,0.1773,365.97,199.14,1.597,deep_calm
765.86,0.3517,0.053,0.3817,0.8867,2364.63,1237.87,1.67,airy_ethereal
219.1,0.1848,0.6418,0.3412,0.058,349.05,157.27,0.0535,deep_calm
1080.22,0.6677,0.01,0.6001,0.5721,2052.71,1298.12,1.8767,bright_energetic
1177.27,0.198,0.2634,0.6121,0.5129,3305.01,1474.9,1.9041,airy_ethereal
532.03,0.3357,0.4537,0.3659,0.2682,1159.99,302.37,0.1569,warm_soft
890.92,0.6696,0.1695,0.7363,0.2722,1843.11,1141.58,1.3415,bright_energetic
405.83,0.5186,0.6241,0.9208,0.2699,563.2,372.6,1.9503,warm_soft
169.48,0.3339,0.7672,0.2357,0.104,139.06,275.28,1.315,deep_calm
1168.01,0.7729,0.3646,0.3467,0.935,4900.2,1951.13,1.3614,sharp_chaotic
364.97,0.5815,0.2813,0.8301,0.6557,2254.47,299.23,1.3074,bright_energetic
1147.23,0.6815,0.0815,0.6551,0.4252,2069.28,1518.89,0.7032,bright_energetic
1230.9,0.9779,0.1044,0.5514,0.669,1628.75,829.76,0.7711,bright_energetic
1637.01,0.72,0.3808,0.4105,0.8649,3636.06,2101.68,1.3349,sharp_chaotic
715.64,0.9109,0.1605,0.86,0.846,2697.53,1772.03,1.5441,sharp_chaotic
1098.79,0.6927,0.1343,0.2673,0.7767,2917.62,1159.14,0.4493,sharp_chaotic
1364.87,0.99,0.0529,0.858,0.7172,3316.64,1607.17,0.2827,sharp_chaotic
376.46,0.2154,0.5616,0.7272,0.3319,752.66,104.29,1.5622,warm_soft
1138.19,0.2122,0.2864,0.5921,0.8014,2313.12,1694.19,0.4249,airy_ethereal
430.79,0.3452,0.4828,0.6142,0.2656,868.17,684.72,0.1474,warm_soft
83.72,0.4863,0.75,0.2777,0.1469,414.88,339.47,0.7297,deep_calm
1111.06,0.2158,0.0893,0.5038,0.7091,1644.39,1492.68,0.9272,airy_ethereal
217.01,0.3845,0.5974,0.2892,0.1183,298.2,171.11,0.5279,deep_calm
899.1,0.5255,0.3151,0.5133,0.4165,2429.11,1086.4,1.9947,bright_energetic
149.49,0.5226,0.7666,0.3576,0.043,705.94,42.23,1.574,deep_calm
614.76,0.8775,0.1882,0.5359,0.6096,1758.59,924.81,0.9156,bright_energetic
218.77,0.4293,0.9569,0.362,0.01,50.0,370.19,0.2156,deep_calm
814.38,0.5312,0.558,0.4412,0.01,1146.73,561.89,0.1392,warm_soft
26.64,0.4155,0.5863,0.2384,0.0483,525.64,211.71,0.1642,deep_calm
679.14,0.7616,0.2322,0.5633,0.6899,1948.83,1101.9,0.1011,bright_energetic
485.56,0.3544,0.111,0.4901,0.1573,853.48,618.7,1.3603,warm_soft
153.07,0.3844,0.6018,0.1308,0.1074,284.65,457.28,1.9661,deep_calm
624.09,0.5345,0.6987,0.6929,0.3236,1293.54,776.91,1.3545,warm_soft
244.3,0.4463,0.5482,0.2762,0.2422,262.37,126.09,1.3182,deep_calm
398.77,0.3311,0.3891,0.6037,0.2412,1100.07,226.38,1.9111,warm_soft
1232.11,0.397,0.1392,0.5508,0.8566,3507.54,1419.87,0.5967,airy_ethereal
287.06,0.5523,0.5854,0.6346,0.1072,829.34,425.9,1.8587,warm_soft
1180.3,0.2987,0.1285,0.523,0.7038,2131.06,1067.83,0.4972,airy_ethereal
1180.14,0.2753,0.1814,0.0642,0.6149,1957.22,1444.79,1.8541,airy_ethereal
1750.78,0.7902,0.3985,0.5974,0.8472,1505.09,1851.05,1.5944,sharp_chaotic
1209.19,0.423,0.0666,0.2575,0.7131,2247.06,1269.37,0.2675,airy_ethereal
977.83,0.3433,0.1976,0.3185,0.7151,2858.0,465.1,1.123,airy_ethereal
555.55,0.3746,0.4599,0.5346,0.01,1082.91,626.11,1.6069,warm_soft
484.78,0.4724,0.1989,0.5159,0.0811,1307.43,742.15,1.4026,warm_soft
854.83,0.3471,0.3299,0.4626,0.7907,1918.78,838.06,0.6607,bright_energetic
1636.49,0.8019,0.3288,0.4181,0.7791,2809.6,1204.6,1.8008,sharp_chaotic
492.45,0.2056,0.1092,0.2973,0.6311,1315.7,1411.58,1.3862,airy_ethereal
183.12,0.2637,0.7362,0.338,0.132,430.76,210.61,0.1044,deep_calm
205.72,0.5563,0.8984,0.0349,0.063,156.9,229.22,1.4533,deep_calm
1402.9,0.6538,0.1859,0.7095,0.4334,1905.52,783.72,0.5002,bright_energetic
573.15,0.4059,0.529,0.7431,0.3185,573.57,360.75,1.7358,warm_soft
1176.5,0.6235,0.1014,0.2659,0.99,2478.97,1558.08,0.2733,sharp_chaotic
431.8,0.3356,0.5399,0.2789,0.3267,1122.82,451.72,0.8629,warm_soft
660.78,0.4718,0.1021,0.6728,0.8138,2827.05,1878.89,0.8471,airy_ethereal
989.91,0.6312,0.3171,0.6869,0.6948,2466.45,687.14,0.6513,bright_energetic
1164.68,0.8597,0.1657,0.5111,0.7523,2279.09,448.35,1.3517,sharp_chaotic
1137.76,0.3301,0.1562,0.1742,0.4984,1924.15,1268.88,1.0176,airy_ethereal
1086.22,0.3773,0.01,0.3594,0.473,2839.97,1698.7,1.0593,airy_ethereal
90.72,0.3549,0.3977,0.6023,0.0818,791.02,89.59,0.3204,warm_soft
239.88,0.3738,0.826,0.3734,0.1647,204.41,473.08,0.9794,deep_calm
1025.24,0.99,0.2523,0.6191,0.4552,1756.62,886.22,0.304,bright_energetic
798.84,0.7587,0.2496,0.7181,0.5175,2271.9,1114.09,1.5014,bright_energetic
1246.94,0.8553,0.1871,0.546,0.4979,2126.13,841.02,0.8052,bright_energetic
634.46,0.8321,0.3178,0.6341,0.676,1816.9,1135.82,1.2144,bright_energetic
222.4,0.2269,0.6978,0.1904,0.1772,134.77,132.55,0.7806,deep_calm
162.78,0.4331,0.7221,0.2978,0.1277,268.95,316.6,0.2547,deep_calm
1724.94,0.836,0.5024,0.5862,0.8469,3887.41,1556.38,0.531,sharp_chaotic
292.83,0.3509,0.3448,0.5144,0.0951,1043.91,335.01,0.4243,warm_soft
1657.47,0.7023,0.1942,0.9184,0.5851,1313.51,1087.22,0.8368,bright_energetic
968.09,0.4158,0.2141,0.4274,0.6321,2518.8,1087.38,1.3515,airy_ethereal
1774.25,0.7392,0.393,0.2465,0.6287,4472.98,1246.12,1.074,sharp_chaotic
210.67,0.2472,0.6362,0.01,0.0581,196.27,431.25,1.5417,deep_calm
20.0,0.2,0.6725,0.1427,0.1199,285.93,38.26,0.6389,deep_calm
1656.9,0.9648,0.1725,0.224,0.5296,3839.25,1903.5,1.5451,sharp_chaotic
47.08,0.3575,0.5841,0.2606,0.1312,625.0,407.09,0.1784,deep_calm
279.54,0.3895,0.7284,0.2678,0.1793,829.6,371.13,1.3537,deep_calm
1219.69,0.7863,0.0772,0.6416,0.5426,2102.84,804.99,0.6833,bright_energetic
394.0,0.4135,0.2477,0.7855,0.2791,955.84,578.17,0.623,warm_soft
168.2,0.3704,0.8462,0.3563,0.0767,304.61,214.22,1.1213,deep_calm
1239.3,0.6519,0.2731,0.698,0.3858,1660.93,532.29,0.8326,bright_energetic
550.02,0.4749,0.2608,0.6019,0.3095,1087.15,777.76,1.9932,warm_soft
566.69,0.6076,0.1634,0.6465,0.99,1593.15,839.95,1.401,bright_energetic
1865.21,0.7035,0.2058,0.5295,0.7524,3578.26,907.7,0.5198,sharp_chaotic
292.32,0.3795,0.7037,0.3238,0.0947,50.0,130.57,0.8019,deep_calm
524.8,0.34,0.4436,0.4735,0.252,955.0,610.8,0.0535,warm_soft
64.13,0.3906,0.6997,0.01,0.2298,453.73,390.7,0.7819,deep_calm
1040.41,0.9656,0.3884,0.363,0.7492,3827.14,775.71,0.7745,sharp_chaotic
106.0,0.3727,0.9478,0.1442,0.032,167.93,291.95,1.6549,deep_calm
1609.06,0.9383,0.4226,0.6054,0.6886,2958.91,1776.33,1.8067,sharp_chaotic
757.67,0.8198,0.279,0.4722,0.908,1433.7,1562.48,0.2318,bright_energetic
217.3,0.3442,0.3622,0.7537,0.1179,640.29,763.96,0.0416,warm_soft
782.45,0.6544,0.2443,0.6527,0.6766,1881.79,744.54,0.6128,bright_energetic
2154.78,0.6989,0.4935,0.7662,0.9499,2095.98,448.05,0.573,sharp_chaotic
2171.55,0.5596,0.1693,0.7337,0.527,2669.45,1595.03,0.3832,sharp_chaotic
427.55,0.2039,0.2954,0.4377,0.6642,2272.34,1658.56,0.3568,airy_ethereal
495.94,0.62,0.4282,0.574,0.1029,296.03,591.59,1.5401,warm_soft
470.02,0.6971,0.4686,0.5763,0.159,680.9,493.5,1.4191,warm_soft
1597.37,0.6435,0.3433,0.5365,0.7059,2927.06,1734.17,0.6761,sharp_chaotic
1287.5,0.7985,0.2813,0.3956,0.7525,2774.65,2172.49,1.0734,sharp_chaotic
1917.03,0.8292,0.4547,0.3013,0.7346,2217.8,1382.6,0.8189,sharp_chaotic
152.36,0.438,0.5876,0.2072,0.1894,279.47,226.04,0.6507,deep_calm
116.79,0.3609,0.4988,0.4543,0.1045,1224.76,634.12,0.4621,warm_soft
1113.11,0.3805,0.1407,0.4316,0.6003,2285.31,1133.36,0.9774,airy_ethereal
20.0,0.3555,0.0774,0.2186,0.6923,1848.25,1448.82,1.2981,airy_ethereal
1763.35,0.7989,0.2524,0.6283,0.7339,3195.41,1414.96,0.1955,sharp_chaotic
1211.25,0.491,0.1296,0.1875,0.6,1813.35,1517.03,0.3761,airy_ethereal
1570.45,0.7131,0.3454,0.4259,0.9377,2848.22,1338.82,1.2459,sharp_chaotic
473.54,0.4103,0.2851,0.512,0.1283,1422.04,541.38,1.3966,warm_soft
720.93,0.7336,0.3098,0.4396,0.6606,3795.62,519.42,1.9256,sharp_chaotic
916.01,0.9093,0.2565,0.8226,0.4151,2388.02,939.73,1.1857,bright_energetic
1064.75,0.2771,0.179,0.3682,0.7125,2355.6,1028.39,0.5008,airy_ethereal
86.79,0.4287,0.7059,0.1979,0.0536,60.79,247.42,0.54,deep_calm
943.52,0.7789,0.3164,0.3544,0.6091,4585.0,1614.17,1.2742,sharp_chaotic
1180.34,0.5982,0.0711,0.7598,0.5919,3695.08,1145.4,1.7752,sharp_chaotic
1353.88,0.6206,0.2661,0.8001,0.7864,3705.54,1548.29,1.4465,sharp_chaotic
1510.88,0.2615,0.0728,0.4899,0.8355,1579.74,1255.3,0.0959,airy_ethereal
1220.97,0.9284,0.1825,0.7637,0.7671,2741.32,1923.76,1.233,sharp_chaotic
537.86,0.7092,0.0981,0.6661,0.5979,2319.65,980.89,1.0591,bright_energetic
922.19,0.2251,0.0893,0.5172,0.5552,2585.13,1124.32,0.4466,airy_ethereal
746.49,0.7453,0.283,0.8279,0.7834,2000.67,1693.17,0.8207,sharp_chaotic
1443.15,0.8176,0.464,0.4574,0.9338,3291.73,1411.95,0.1362,sharp_chaotic
1013.08,0.7617,0.0324,0.7701,0.7883,3776.34,1319.03,1.4418,sharp_chaotic
243.03,0.3776,0.2926,0.5484,0.2283,1283.58,719.17,1.1385,warm_soft
1543.75,0.2188,0.1713,0.415,0.8841,2209.27,934.94,0.7011,airy_ethereal
2134.15,0.7967,0.0918,0.3598,0.6961,4384.69,959.85,0.5679,sharp_chaotic
146.55,0.228,0.951,0.3329,0.147,258.95,210.37,1.4538,deep_calm
1415.6,0.3637,0.0737,0.3286,0.8219,2401.58,1549.19,1.3301,airy_ethereal
287.82,0.3366,0.2924,0.7689,0.1756,843.74,600.81,0.8761,warm_soft
242.87,0.1549,0.7283,0.3945,0.1191,50.0,307.87,1.0013,deep_calm
1652.32,0.2423,0.1229,0.3172,0.7836,2089.79,1381.69,1.3945,airy_ethereal
1968.8,0.8983,0.1214,0.4648,0.8549,4064.15,1859.08,0.5517,sharp_chaotic
963.94,0.8497,0.2094,0.5633,0.5007,3282.82,777.88,0.0288,bright_energetic
627.33,0.1706,0.237,0.4114,0.6112,3665.68,1064.76,1.6509,airy_ethereal
709.85,0.4013,0.4163,0.5482,0.3855,1357.49,172.96,0.1418,warm_soft
212.99,0.1298,0.7748,0.288,0.0482,242.36,203.59,0.9232,deep_calm
742.58,0.99,0.0634,0.7416,0.8241,2014.44,1668.54,1.778,sharp_chaotic
497.62,0.7661,0.4637,0.7796,0.5637,2511.6,1201.61,0.706,bright_energetic
714.83,0.2438,0.0153,0.402,0.5851,2768.72,1153.19,0.9424,airy_ethereal
143.36,0.1263,0.6319,0.2595,0.2087,294.2,408.06,1.637,deep_calm
886.06,0.4324,0.2315,0.1487,0.7477,2665.36,895.65,0.3104,airy_ethereal
566.05,0.5146,0.6613,0.4244,0.2534,386.69,351.01,0.2402,warm_soft
1278.04,0.1722,0.2071,0.3022,0.6682,2755.44,914.54,0.4911,airy_ethereal
68.02,0.1945,0.7617,0.3118,0.1281,182.31,164.72,0.4934,deep_calm
956.85,0.3497,0.0444,0.3455,0.4921,2531.29,1021.33,0.4497,airy_ethereal
1287.76,0.4067,0.0756,0.3281,0.4944,2436.06,1008.59,0.0997,airy_ethereal
119.16,0.4719,0.7775,0.2178,0.1399,454.74,234.35,1.2731,deep_calm
941.57,0.1339,0.143,0.3444,0.8609,2519.5,1462.62,1.0829,airy_ethereal
546.58,0.6064,0.4302,0.4033,0.5603,2448.81,908.39,0.5803,bright_energetic
281.28,0.6281,0.0413,0.3546,0.4899,2148.04,1359.88,0.4154,airy_ethereal
1293.69,0.8138,0.3833,0.5822,0.8643,2397.66,1312.17,0.1593,sharp_chaotic
276.16,0.1574,0.8603,0.2834,0.1729,590.83,350.37,1.2369,deep_calm
210.74,0.4214,0.4733,0.1835,0.1319,451.87,127.31,1.7642,deep_calm
318.22,0.3632,0.8493,0.122,0.1536,50.0,240.6,1.7707,deep_calm
413.37,0.6473,0.807,0.3989,0.2707,688.65,836.23,0.7395,warm_soft
236.96,0.2776,0.712,0.3207,0.1764,413.32,165.8,0.4327,deep_calm
486.78,0.4198,0.1573,0.5256,0.2148,714.33,322.49,1.0791,warm_soft
1500.91,0.99,0.4348,0.4218,0.8257,3506.66,1839.55,0.8023,sharp_chaotic
348.92,0.479,0.9106,0.31,0.1064,454.32,220.3,0.1804,deep_calm
586.22,0.1594,0.5275,0.8486,0.3518,858.7,556.75,1.2135,warm_soft
1275.19,0.3192,0.2244,0.4964,0.677,2686.92,1117.03,1.2419,airy_ethereal
312.99,0.671,0.4015,0.6543,0.2416,777.05,591.07,0.7438,warm_soft
632.0,0.3776,0.2512,0.254,0.8724,2797.97,922.14,0.9197,airy_ethereal
966.76,0.3514,0.2317,0.6155,0.5095,3791.49,1556.7,0.4867,airy_ethereal
1650.95,0.5823,0.0151,0.4312,0.5569,2668.78,1826.0,1.4195,sharp_chaotic
622.34,0.3283,0.1244,0.2892,0.8245,4255.44,1200.05,1.6377,airy_ethereal
994.13,0.6411,0.4514,0.5174,0.462,1638.44,959.43,1.7951,bright_energetic
776.27,0.8109,0.3371,0.6833,0.6586,1974.43,1062.54,1.1017,bright_energetic
223.83,0.5704,0.5331,0.665,0.2859,729.51,639.91,1.9408,warm_soft
368.37,0.3906,0.1468,0.2827,0.5319,2829.47,1664.6,1.3116,airy_ethereal
427.23,0.5928,0.259,0.6669,0.1298,543.26,523.49,1.3374,warm_soft
2250.72,0.8061,0.1502,0.8828,0.7535,2758.88,1777.85,0.0424,sharp_chaotic
395.08,0.7513,0.135,0.5539,0.7089,1684.92,871.27,0.3403,bright_energetic
312.43,0.2628,0.7118,0.01,0.0128,273.77,108.61,0.6056,deep_calm
869.82,0.9321,0.3501,0.5628,0.4699,1333.88,978.77,1.7024,bright_energetic
239.64,0.475,0.872,0.0547,0.1176,154.34,119.64,0.94,deep_calm
1217.67,0.9064,0.2558,0.472,0.8161,3233.59,1845.82,0.3063,sharp_chaotic
1542.85,0.3163,0.1408,0.2246,0.7759,1404.23,650.7,0.0426,airy_ethereal
253.7,0.2821,0.4104,0.6091,0.1914,740.87,493.48,1.7095,warm_soft
200.41,0.01,0.7994,0.4517,0.2088,50.0,223.15,1.1466,deep_calm
1446.8,0.8368,0.128,0.5762,0.6629,2818.83,1560.43,1.5885,sharp_chaotic
1241.07,0.9421,0.3067,0.5644,0.2579,257.56,925.71,1.8864,bright_energetic
390.01,0.4853,0.5923,0.3507,0.2607,875.93,314.06,0.0208,warm_soft
1502.53,0.348,0.0886,0.2866,0.5693,3161.62,1749.83,1.8522,airy_ethereal
544.68,0.4433,0.1562,0.7814,0.4172,1335.35,711.26,0.8286,bright_energetic
1059.18,0.9673,0.2668,0.8698,0.6989,1309.66,955.28,1.8327,bright_energetic
707.54,0.8307,0.0443,0.4135,0.4475,2186.56,967.11,0.8514,bright_energetic
1000.97,0.8071,0.1411,0.529,0.4094,2156.12,1096.2,1.1446,bright_energetic
2037.4,0.7866,0.4165,0.5336,0.9448,3456.82,1645.43,0.1108,sharp_chaotic
1618.67,0.4332,0.2231,0.3186,0.4988,2337.75,1076.14,1.4175,airy_ethereal
902.39,0.5621,0.2865,0.6489,0.47,2530.82,965.94,0.634,bright_energetic
876.54,0.7492,0.2155,0.5997,0.4792,1589.52,658.77,0.4725,bright_energetic
1181.37,0.8737,0.0725,0.4323,0.6738,3469.63,1484.26,1.3428,sharp_chaotic
1091.38,0.643,0.234,0.6571,0.6607,2078.89,1181.13,0.6607,bright_energetic
510.6,0.6828,0.4305,0.7962,0.5273,1494.88,990.97,1.8682,bright_energetic
1380.44,0.124,0.2177,0.3875,0.5788,2552.0,1504.64,1.1886,airy_ethereal
1915.73,0.7737,0.1785,0.5588,0.7829,2063.39,1320.77,1.3239,sharp_chaotic
1127.24,0.2305,0.1214,0.449,0.7625,2643.72,1149.54,1.9897,airy_ethereal
385.28,0.5748,0.1896,0.3777,0.5335,2549.67,1657.5,0.094,airy_ethereal
20.0,0.0623,0.7,0.2664,0.1731,84.13,112.98,1.7885,deep_calm
1038.53,0.7455,0.4041,0.6113,0.8362,2850.56,1326.98,1.3184,sharp_chaotic
284.88,0.2971,0.4749,0.5133,0.2297,331.41,104.6,0.4717,deep_calm
220.17,0.349,0.7354,0.2627,0.1942,272.77,345.79,1.5684,deep_calm
489.78,0.567,0.4439,0.4819,0.2926,583.96,763.2,0.6007,warm_soft
929.95,0.8132,0.2926,0.3649,0.8328,3172.65,1545.34,0.7662,sharp_chaotic
929.67,0.7249,0.1938,0.5803,0.7219,2241.35,1008.85,0.2246,bright_energetic
1392.53,0.6572,0.2972,0.6831,0.6732,3191.94,663.72,0.3753,bright_energetic
1236.32,0.271,0.0942,0.1698,0.7317,3825.42,1250.88,0.0317,airy_ethereal
2037.46,0.8795,0.5351,0.4227,0.7231,2960.78,1416.77,0.7685,sharp_chaotic
1557.62,0.9206,0.3324,0.6417,0.8844,3504.51,1024.27,0.7076,sharp_chaotic
909.48,0.7221,0.2253,0.3635,0.5524,3142.47,1341.18,1.6457,sharp_chaotic
1179.25,0.2066,0.2469,0.561,0.6982,2482.42,1381.32,0.8932,airy_ethereal
131.09,0.6164,0.7254,0.3808,0.2643,622.71,210.79,1.9685,deep_calm
328.42,0.3616,0.5337,0.4089,0.2441,1000.02,697.72,0.3553,warm_soft
205.04,0.4837,0.647,0.5426,0.115,766.89,329.31,0.8333,warm_soft
171.24,0.3481,0.6596,0.2163,0.2731,492.13,184.11,1.3808,deep_calm
490.32,0.522,0.2185,0.4453,0.217,1065.22,674.61,1.1617,warm_soft
1604.71,0.2791,0.0822,0.4034,0.975,3031.65,1381.68,1.0702,airy_ethereal
868.1,0.7855,0.1931,0.7546,0.6145,2704.81,1248.44,1.0156,sharp_chaotic
312.44,0.4167,0.3934,0.3367,0.0367,986.67,546.73,0.1961,warm_soft
2051.27,0.6288,0.1534,0.3527,0.6432,2112.3,1379.67,0.2682,sharp_chaotic
157.94,0.5,0.6521,0.4225,0.01,569.63,361.52,1.6876,deep_calm
561.68,0.8217,0.1765,0.414,0.6745,3623.03,1065.04,0.8019,sharp_chaotic
692.62,0.6152,0.2475,0.3923,0.9004,1407.56,1110.75,0.804,bright_energetic
94.5,0.2105,0.9178,0.2568,0.1828,77.0,298.87,0.2625,deep_calm
1463.7,0.4875,0.0758,0.5041,0.5142,2674.69,1678.78,0.0697,airy_ethereal
1053.39,0.3818,0.0862,0.2933,0.554,2752.36,994.89,1.2834,airy_ethereal
1310.21,0.2623,0.1228,0.5844,0.5725,2105.07,788.08,1.1643,airy_ethereal
1496.72,0.8998,0.3485,0.5369,0.7612,2578.17,1378.03,1.5822,sharp_chaotic
1317.42,0.4535,0.1081,0.5005,0.8623,2434.92,389.17,1.3873,airy_ethereal
1725.64,0.894,0.2974,0.3895,0.9139,2439.06,2079.51,0.7332,sharp_chaotic
222.98,0.2315,0.8273,0.1905,0.2094,310.04,171.71,1.2792,deep_calm
388.28,0.6216,0.7097,0.452,0.4482,613.34,715.29,1.5993,warm_soft
1236.11,0.7467,0.3462,0.6744,0.5848,2992.44,1117.68,0.3554,sharp_chaotic
2541.04,0.7866,0.1958,0.2444,0.8062,4718.77,1507.21,0.6278,sharp_chaotic
541.26,0.7877,0.141,0.5427,0.7471,2153.63,669.1,0.8738,bright_energetic
923.14,0.9634,0.1075,0.7923,0.2745,2208.19,1043.69,1.9035,bright_energetic
1344.64,0.2683,0.0793,0.4013,0.7925,2497.01,1796.29,1.9901,airy_ethereal
899.65,0.8845,0.2955,0.64,0.7178,2462.47,1026.53,0.0311,bright_energetic
189.94,0.4142,0.8337,0.1956,0.1826,460.9,346.94,0.3045,deep_calm
922.23,0.5363,0.0381,0.8713,0.6565,1859.91,1156.35,0.8645,bright_energetic
728.22,0.6314,0.2865,0.6987,0.3368,1439.57,686.82,0.4898,bright_energetic
1286.96,0.682,0.4093,0.6214,0.6231,2406.4,2192.59,0.6258,sharp_chaotic
295.18,0.4665,0.2327,0.6732,0.0143,959.31,388.91,1.568,warm_soft
841.42,0.8239,0.1355,0.8084,0.538,1124.26,1230.46,1.7063,bright_energetic
378.3,0.4713,0.6536,0.4698,0.2574,572.19,236.55,1.7261,warm_soft
2101.13,0.99,0.2163,0.3524,0.5852,3188.66,1873.85,0.2975,sharp_chaotic
252.14,0.4226,0.4224,0.8238,0.1554,780.44,290.8,0.7661,warm_soft
1029.75,0.0405,0.1303,0.228,0.6455,1594.3,1346.04,1.6562,airy_ethereal
1760.24,0.1429,0.1075,0.473,0.5661,2552.35,1403.73,0.816,airy_ethereal
278.03,0.758,0.5299,0.4761,0.0574,586.63,419.21,1.9857,deep_calm
332.77,0.4407,0.23,0.4502,0.244,962.16,527.94,0.606,warm_soft
973.21,0.2826,0.01,0.3694,0.8112,2909.38,1605.16,0.1019,airy_ethereal
677.02,0.2795,0.1274,0.4703,0.6352,3479.75,1397.42,0.7891,airy_ethereal
261.02,0.2027,0.7237,0.2507,0.1433,494.92,430.08,0.6062,deep_calm
180.57,0.2484,0.6119,0.2286,0.0848,258.52,211.65,0.4147,deep_calm
905.72,0.4963,0.2007,0.2502,0.6149,2577.44,1200.21,1.494,airy_ethereal
20.0,0.4115,0.6783,0.0579,0.0988,733.68,236.4,1.7132,deep_calm
399.63,0.3974,0.4728,0.6527,0.082,609.24,580.63,0.4186,warm_soft
1008.46,0.2355,0.1785,0.1298,0.5809,1842.26,1415.04,1.4572,airy_ethereal
224.51,0.245,0.8603,0.2678,0.2539,379.78,228.01,1.9558,deep_calm
242.1,0.6186,0.4495,0.7531,0.1734,687.72,577.9,0.8694,warm_soft
228.7,0.0811,0.6599,0.2465,0.2125,168.37,363.17,1.8909,deep_calm
1730.21,0.8607,0.2308,0.406,0.9227,3150.06,553.79,1.8497,sharp_chaotic
412.97,0.6122,0.0746,0.6579,0.7371,2269.48,1047.93,1.5749,bright_energetic
149.8,0.6824,0.7302,0.3863,0.1166,497.22,401.52,0.9607,deep_calm
1006.32,0.6575,0.1408,0.3228,0.3559,1241.7,1237.77,0.156,bright_energetic
1516.93,0.6218,0.2468,0.4754,0.7415,3152.77,1278.32,0.1567,sharp_chaotic
593.23,0.4266,0.1239,0.5215,0.775,1922.65,1417.89,1.7618,airy_ethereal
401.03,0.8081,0.0902,0.99,0.6671,1783.76,611.75,0.3018,bright_energetic
281.52,0.4938,0.7441,0.293,0.1712,410.34,393.85,1.0411,deep_calm
54.17,0.4476,0.8153,0.1132,0.1495,139.26,139.25,0.3714,deep_calm
147.2,0.3828,0.7688,0.3305,0.1606,656.86,209.5,1.578,deep_calm
463.76,0.4282,0.5748,0.8488,0.1267,769.35,80.12,0.9588,warm_soft
427.3,0.7149,0.1299,0.5716,0.7244,1812.56,747.51,0.7345,bright_energetic
1130.48,0.6622,0.2847,0.4729,0.7936,2051.9,1204.58,0.0085,bright_energetic
971.31,0.6353,0.1615,0.6691,0.6241,2626.14,754.93,0.1187,bright_energetic
1189.04,0.388,0.1449,0.5713,0.7708,2589.91,924.22,1.9142,airy_ethereal
1451.04,0.3938,0.1796,0.6528,0.6762,3154.02,1233.67,1.5132,airy_ethereal
1169.49,0.6835,0.1352,0.6462,0.5296,2150.75,1142.19,0.0088,bright_energetic
1005.82,0.6543,0.1822,0.5635,0.6941,1730.26,903.72,1.9187,bright_energetic
499.36,0.8172,0.188,0.7556,0.3394,1369.28,991.56,1.0896,bright_energetic
1350.78,0.8769,0.2474,0.3738,0.7176,3689.98,1983.83,0.7263,sharp_chaotic
119.6,0.4549,0.5972,0.436,0.1531,429.33,634.0,0.2344,deep_calm
1000.44,0.2423,0.1545,0.5564,0.6282,2615.01,1516.73,0.7862,airy_ethereal
439.36,0.3241,0.4638,0.5746,0.0531,621.24,807.72,1.6532,warm_soft
1490.42,0.5817,0.2996,0.5089,0.8531,1859.21,899.37,0.3191,bright_energetic
454.4,0.5794,0.2346,0.6372,0.3195,553.19,176.28,1.0076,warm_soft
746.27,0.5676,0.353,0.7659,0.0444,1109.93,572.37,0.6798,warm_soft
1112.87,0.829,0.01,0.3031,0.828,2984.93,1559.64,1.2168,sharp_chaotic
700.1,0.6143,0.1061,0.8997,0.5557,2977.79,934.1,1.1656,bright_energetic
381.39,0.914,0.4947,0.4786,0.1275,790.38,679.56,1.4719,warm_soft
273.2,0.565,0.4966,0.6762,0.8416,1549.82,892.92,1.4424,bright_energetic
96.94,0.3423,0.7515,0.1587,0.1072,450.36,217.72,1.2023,deep_calm
20.0,0.4179,0.7643,0.4059,0.1607,119.47,147.91,1.777,deep_calm
203.73,0.4729,0.4917,0.1525,0.0419,663.12,315.83,1.4128,deep_calm
297.0,0.344,0.348,0.1438,0.0896,227.52,163.87,1.2413,deep_calm
1129.86,0.0336,0.0624,0.2154,0.5593,2924.89,1731.13,0.5209,airy_ethereal
73.68,0.5508,0.5243,0.3578,0.8117,3657.08,1868.25,0.7572,sharp_chaotic
1082.63,0.332,0.1705,0.6653,0.6513,2584.68,1518.71,1.8381,airy_ethereal
465.18,0.5392,0.373,0.4692,0.2317,950.5,303.2,1.7631,warm_soft
1635.35,0.8023,0.3927,0.9023,0.7185,4108.46,2027.59,0.5045,sharp_chaotic
1327.49,0.338,0.1942,0.2116,0.4028,2156.2,1467.68,0.6728,airy_ethereal
414.9,0.5834,0.6532,0.5556,0.1911,551.15,646.44,1.1888,warm_soft
78.0,0.5529,0.6637,0.3485,0.1344,143.98,340.66,1.5549,deep_calm
405.46,0.5309,0.4186,0.4368,0.1804,1047.22,497.51,1.4293,warm_soft
243.15,0.4214,0.878,0.2849,0.121,290.6,228.58,1.7738,deep_calm
741.78,0.5667,0.2347,0.5333,0.8432,3060.9,1382.8,0.5317,sharp_chaotic
210.59,0.363,0.721,0.1362,0.0894,238.06,109.54,1.4014,deep_calm
441.09,0.7215,0.5809,0.7417,0.0348,632.74,420.8,0.3677,warm_soft
812.96,0.218,0.1404,0.2659,0.6508,3444.67,976.6,0.4917,airy_ethereal
392.93,0.7044,0.2339,0.7331,0.8743,1492.38,750.59,0.8574,bright_energetic
252.63,0.1873,0.8585,0.2188,0.01,502.29,301.38,1.6723,deep_calm
682.56,0.3651,0.0536,0.2819,0.7959,2138.2,1161.53,1.7082,airy_ethereal
1136.77,0.7618,0.2804,0.6896,0.5376,2907.28,887.02,1.8607,bright_energetic
1485.72,0.3503,0.01,0.453,0.5508,2277.54,1116.45,0.3509,airy_ethereal
589.51,0.4719,0.1645,0.3515,0.8257,3233.55,1264.49,0.4427,airy_ethereal
252.83,0.5147,0.6392,0.6002,0.109,740.05,496.02,0.8478,warm_soft
413.44,0.7297,0.4063,0.3848,0.1787,895.64,927.23,0.8495,warm_soft
977.9,0.3957,0.01,0.5041,0.7426,1790.27,2418.02,0.0118,airy_ethereal
841.64,0.898,0.4397,0.3702,0.6823,3347.28,1647.85,1.9572,sharp_chaotic
1776.23,0.7447,0.4016,0.4386,0.6837,3032.25,1603.76,1.0986,sharp_chaotic
1207.69,0.3482,0.0643,0.4977,0.4547,2604.55,977.84,0.629,airy_ethereal
52.48,0.4344,0.5945,0.218,0.2248,583.92,236.54,1.6495,deep_calm
1427.47,0.8936,0.2657,0.4406,0.8436,2455.29,1336.56,0.9077,sharp_chaotic
740.7,0.269,0.1517,0.255,0.5994,2387.92,1400.17,1.3318,airy_ethereal
289.39,0.4614,0.5069,0.8093,0.2126,1088.96,400.74,1.6529,warm_soft
712.27,0.6194,0.22,0.4682,0.3864,2324.95,1095.32,1.8319,bright_energetic
1522.65,0.1308,0.0585,0.2387,0.7993,3081.65,1785.59,0.95,airy_ethereal
325.46,0.5409,0.8525,0.4408,0.01,151.64,92.81,0.3158,deep_calm
912.65,0.4403,0.198,0.1673,0.5629,3191.42,1899.67,1.5106,airy_ethereal
215.73,0.4195,0.8042,0.258,0.01,77.75,348.14,1.7691,deep_calm
759.19,0.7044,0.01,0.5851,0.6834,1866.58,489.1,0.4148,bright_energetic
200.12,0.0969,0.6604,0.2289,0.1704,331.94,311.23,1.9593,deep_calm
1396.21,0.7158,0.0971,0.4569,0.99,3740.59,1277.3,1.4272,sharp_chaotic
1389.27,0.4678,0.2141,0.3399,0.7706,2551.76,1418.1,0.44,airy_ethereal
298.86,0.4408,0.8151,0.0924,0.1858,390.24,161.16,1.9845,deep_calm
1142.63,0.5959,0.1564,0.3954,0.7217,1830.22,518.84,0.9829,bright_energetic
657.54,0.587,0.1282,0.7674,0.4701,1681.79,794.84,0.0643,bright_energetic
996.82,0.6147,0.207,0.4802,0.386,2474.68,1053.38,1.3991,bright_energetic
811.94,0.526,0.1919,0.1766,0.6516,1806.25,1810.31,0.9714,airy_ethereal
466.39,0.3907,0.4885,0.7908,0.3021,759.86,805.06,1.7835,warm_soft
678.78,0.8722,0.1019,0.6464,0.8686,1346.67,858.81,0.7194,bright_energetic
306.66,0.469,0.3436,0.5716,0.1437,606.77,738.53,1.8028,warm_soft
1312.93,0.6734,0.3512,0.1555,0.3123,4099.27,1368.88,0.2278,sharp_chaotic
279.41,0.5762,0.2117,0.3999,0.1045,841.3,492.68,0.5296,warm_soft
312.48,0.1845,0.61,0.2691,0.098,50.0,278.64,0.722,deep_calm
116.35,0.3643,0.8334,0.462,0.01,50.0,392.1,1.3347,deep_calm
2291.17,0.7742,0.2812,0.5674,0.8895,3134.28,827.58,0.5713,sharp_chaotic
1348.87,0.4148,0.1328,0.4233,0.911,3044.08,1559.79,0.6833,airy_ethereal
1708.21,0.8617,0.2905,0.3486,0.8116,3002.9,1780.62,1.7238,sharp_chaotic
842.6,0.7431,0.1957,0.5289,0.5022,1639.68,673.48,1.7444,bright_energetic
924.85,0.1417,0.1636,0.2071,0.643,3412.89,568.44,0.3041,airy_ethereal
1775.72,0.8976,0.2829,0.4345,0.7354,3568.53,881.42,0.7255,sharp_chaotic
88.78,0.7716,0.6024,0.5181,0.0262,890.42,669.08,1.6941,warm_soft
495.05,0.6201,0.223,0.6731,0.4667,1944.08,949.0,1.9682,bright_energetic
1330.49,0.8873,0.3242,0.4523,0.615,3636.54,1744.5,0.9467,sharp_chaotic
81.59,0.085,0.8322,0.0832,0.1524,151.68,467.57,0.8378,deep_calm
669.77,0.2487,0.0866,0.2328,0.6244,1359.21,1360.43,0.9108,airy_ethereal
279.57,0.3269,0.7642,0.4557,0.272,336.77,207.94,0.6569,deep_calm
949.51,0.9178,0.2162,0.8682,0.3654,1669.78,971.39,0.2983,bright_energetic
802.42,0.7142,0.5273,0.4127,0.4205,3418.64,1793.8,0.7567,sharp_chaotic
247.51,0.3932,0.7783,0.2675,0.0949,135.68,120.91,0.1163,deep_calm
1276.86,0.8748,0.4662,0.4063,0.6304,3447.82,1327.28,0.03,sharp_chaotic
205.03,0.161,0.6516,0.3551,0.1486,369.36,390.82,0.6241,deep_calm
95.18,0.7034,0.3095,0.7218,0.1072,816.94,695.13,1.5953,warm_soft
425.04,0.4158,0.3116,0.5746,0.2251,669.26,323.49,1.0791,warm_soft
2173.46,0.577,0.1248,0.5187,0.8765,2906.9,1191.54,0.2298,sharp_chaotic
164.66,0.4396,0.7595,0.2774,0.1503,149.02,77.67,1.3243,deep_calm
44.34,0.4172,0.6979,0.4888,0.1146,348.84,198.27,1.3869,deep_calm
355.59,0.4251,0.8979,0.3319,0.2568,413.68,257.64,1.9898,deep_calm
396.18,0.4852,0.3608,0.4449,0.2305,915.09,298.6,1.0541,warm_soft
1845.06,0.5617,0.3853,0.6676,0.5369,4342.1,1083.81,0.4313,sharp_chaotic
372.75,0.2731,0.5221,0.3745,0.0147,444.17,219.39,0.9575,deep_calm
166.41,0.1596,0.5429,0.4876,0.0406,249.5,215.88,1.4827,deep_calm
1412.6,0.3464,0.01,0.4348,0.8712,2214.03,709.79,0.0869,airy_ethereal
470.98,0.4419,0.43,0.5654,0.0611,942.22,487.05,1.8136,warm_soft
255.62,0.3866,0.5852,0.3517,0.2293,557.01,261.0,0.0034,deep_calm
145.97,0.3575,0.7919,0.2734,0.01,213.58,279.67,0.8401,deep_calm
1284.69,0.972,0.2165,0.3504,0.7952,4069.86,2204.19,1.85,sharp_chaotic
672.98,0.4826,0.1209,0.4716,0.563,1300.77,502.75,0.1534,bright_energetic
1141.49,0.8172,0.1684,0.6071,0.3724,2080.22,1360.03,0.2965,bright_energetic
1503.11,0.7726,0.4296,0.3728,0.8999,4059.04,2437.14,0.6107,sharp_chaotic
675.52,0.3577,0.4655,0.4415,0.1076,494.17,557.99,0.7727,warm_soft
401.35,0.6135,0.6766,0.6576,0.1963,513.87,539.57,0.2542,warm_soft
2003.48,0.672,0.3163,0.535,0.8386,3548.84,1316.12,1.1616,sharp_chaotic
1165.1,0.7216,0.0786,0.3228,0.6844,3154.9,1319.73,1.0651,sharp_chaotic
50.19,0.5911,0.578,0.2731,0.1395,50.0,145.55,0.4026,deep_calm
326.44,0.4685,0.5281,0.6147,0.258,1137.14,616.33,1.9857,warm_soft
322.94,0.4581,0.8469,0.3836,0.1216,295.89,420.48,1.4461,deep_calm
1397.39,0.378,0.042,0.6708,0.6121,2377.42,832.29,0.2934,airy_ethereal
24.54,0.3013,0.6801,0.2438,0.1124,234.36,226.41,0.0079,deep_calm
584.37,0.7405,0.01,0.4387,0.7694,2320.52,774.89,0.7826,airy_ethereal
1448.03,0.3335,0.1414,0.369,0.6507,3529.01,1977.64,1.7873,airy_ethereal
1161.47,0.2839,0.131,0.1377,0.8557,1533.93,2157.87,0.3212,airy_ethereal
2121.53,0.9031,0.3358,0.4816,0.8951,2683.73,1370.82,1.0492,sharp_chaotic
508.27,0.4847,0.4053,0.7001,0.3281,882.19,550.33,1.1031,warm_soft
464.85,0.5512,0.4876,0.5986,0.202,876.48,570.21,0.316,warm_soft
1010.35,0.5778,0.0896,0.6737,0.5102,1656.93,607.14,1.66,bright_energetic
925.73,0.2354,0.085,0.4149,0.3939,2495.66,1190.88,0.4946,airy_ethereal
1685.18,0.777,0.4944,0.7871,0.5452,1517.95,1229.87,1.2279,sharp_chaotic
1037.86,0.6801,0.048,0.5147,0.6243,2033.69,1009.65,0.3871,sharp_chaotic
2213.81,0.854,0.01,0.2383,0.7439,2612.24,1245.94,0.0768,sharp_chaotic
888.87,0.5858,0.3616,0.7441,0.6263,1436.52,767.52,1.1914,bright_energetic
1265.27,0.4137,0.1363,0.4838,0.587,1515.7,1167.68,0.1391,airy_ethereal
356.11,0.4791,0.1456,0.3346,0.7809,2831.55,490.97,1.9973,airy_ethereal
1178.71,0.4195,0.01,0.5404,0.6283,2446.54,1062.25,1.1285,airy_ethereal
976.95,0.9249,0.4529,0.4645,0.8038,3609.46,1228.96,0.283,sharp_chaotic
120.96,0.5131,0.9073,0.2643,0.1221,180.81,332.79,0.4406,deep_calm
180.28,0.5261,0.7252,0.1622,0.2566,284.08,242.78,0.4805,deep_calm
647.42,0.5877,0.2905,0.6112,0.7191,2353.99,888.26,0.5855,bright_energetic
134.53,0.6872,0.6684,0.7227,0.1972,1126.42,295.14,0.9094,warm_soft
199.55,0.4376,0.6487,0.0593,0.1576,334.21,57.76,1.7204,deep_calm
1474.86,0.99,0.2054,0.7185,0.6298,2865.46,1513.84,0.826,sharp_chaotic
659.4,0.7345,0.3045,0.4726,0.6865,1781.26,1160.7,0.3621,bright_energetic
810.65,0.3422,0.1614,0.502,0.5756,1707.47,966.68,0.5895,airy_ethereal
1845.62,0.99,0.2821,0.6296,0.7272,3322.55,1528.54,0.1025,sharp_chaotic
1102.21,0.3065,0.1258,0.3281,0.9344,2408.73,1207.91,1.9608,airy_ethereal
1626.81,0.4519,0.075,0.361,0.6768,2869.32,1255.14,0.3231,airy_ethereal
621.35,0.3485,0.1348,0.3013,0.696,2852.98,1150.96,1.4783,airy_ethereal
1115.09,0.7433,0.3533,0.3663,0.9725,3305.52,1740.89,1.9469,sharp_chaotic
1063.15,0.3223,0.123,0.5013,0.4317,1267.88,1012.09,1.7234,airy_ethereal
1048.23,0.776,0.021,0.5957,0.5064,2211.6,912.03,1.5023,bright_energetic
216.8,0.5831,0.6603,0.6932,0.364,516.55,333.45,1.6572,warm_soft
840.13,0.6338,0.3211,0.6345,0.1812,1294.88,1117.41,1.0398,bright_energetic
972.71,0.3941,0.0382,0.5705,0.6469,2439.03,1771.81,1.6581,airy_ethereal
254.46,0.3365,0.6661,0.4499,0.0127,361.26,405.04,1.4434,warm_soft
977.27,0.813,0.1362,0.4976,0.7956,3244.46,516.0,0.5966,sharp_chaotic
804.21,0.1665,0.331,0.6347,0.5785,2173.5,1152.59,1.0897,airy_ethereal
569.8,0.4872,0.3445,0.7136,0.3044,1074.48,255.54,0.4884,warm_soft
348.11,0.4053,0.3748,0.6007,0.1084,560.35,682.64,1.0069,warm_soft
1614.12,0.5707,0.2558,0.4858,0.5376,1980.42,1209.25,0.5158,bright_energetic
398.08,0.6022,0.3967,0.6142,0.1506,618.47,540.86,0.2872,warm_soft
1292.88,0.3932,0.1511,0.4179,0.7228,2110.8,1090.25,0.5766,airy_ethereal
1028.34,0.8641,0.3197,0.7508,0.6128,2225.61,748.92,1.9508,bright_energetic
20.0,0.2831,0.5311,0.0858,0.2735,82.62,275.83,1.5439,deep_calm
971.39,0.2251,0.1501,0.3835,0.5546,2205.26,648.74,0.6058,airy_ethereal
509.11,0.3977,0.3996,0.5987,0.3044,638.37,312.73,0.0646,warm_soft
121.11,0.3512,0.8755,0.1899,0.0611,398.62,210.77,1.2147,deep_calm
302.64,0.5682,0.5434,0.5335,0.1279,288.74,237.15,1.1943,deep_calm
1198.43,0.4363,0.1638,0.3567,0.5939,2461.03,1924.16,1.8067,airy_ethereal
475.6,0.5996,0.1336,0.7112,0.7419,2429.08,484.1,0.1264,bright_energetic
349.4,0.377,0.7569,0.1256,0.1356,146.76,77.24,1.083,deep_calm
1409.16,0.8137,0.3249,0.5894,0.7213,3008.67,2263.96,1.9252,sharp_chaotic
1312.49,0.3379,0.1593,0.2912,0.7707,2078.06,2077.08,1.4978,airy_ethereal
1066.95,0.2193,0.222,0.0765,0.825,3547.34,872.75,1.1217,airy_ethereal
835.75,0.7065,0.2897,0.7066,0.1876,2232.75,1041.72,1.4788,bright_energetic
944.51,0.105,0.146,0.5855,0.7123,1916.38,1311.95,1.7072,airy_ethereal
90.19,0.573,0.7106,0.365,0.116,357.88,426.08,1.3867,deep_calm
1056.88,0.9019,0.118,0.8567,0.4531,2151.5,633.32,1.674,bright_energetic
1347.47,0.5808,0.2534,0.5665,0.81,1291.0,1196.4,0.9095,bright_energetic
206.04,0.2493,0.5291,0.3534,0.1617,431.99,105.55,0.2955,deep_calm
1467.89,0.7446,0.1731,0.6182,0.6537,4239.27,1715.4,0.0511,sharp_chaotic
343.33,0.5978,0.5383,0.5455,0.2387,445.31,394.8,0.9685,warm_soft
185.94,0.324,0.4986,0.2047,0.1186,486.65,281.32,1.372,deep_calm
147.49,0.4067,0.7122,0.2335,0.131,169.39,20.0,0.964,deep_calm
1959.53,0.6834,0.2448,0.6345,0.7696,3162.57,1203.31,0.705,sharp_chaotic
1962.57,0.8118,0.2667,0.6035,0.8649,1483.26,1301.45,0.5837,sharp_chaotic
1957.13,0.3844,0.2645,0.3642,0.5424,1926.19,1939.99,0.2206,airy_ethereal
364.74,0.4731,0.6043,0.1437,0.1782,237.18,237.13,0.729,deep_calm
813.42,0.5662,0.1322,0.6918,0.6016,2685.49,1364.8,1.7258,bright_energetic
2075.56,0.7986,0.2054,0.2454,0.8239,2151.56,1624.06,1.8966,sharp_chaotic
873.91,0.716,0.1708,0.5908,0.5525,1858.1,952.51,0.8275,bright_energetic
2450.79,0.6213,0.3304,0.6943,0.8317,2967.99,2183.59,1.4408,sharp_chaotic
251.05,0.446,0.2036,0.3141,0.6662,1891.05,1302.37,0.1934,airy_ethereal
1079.41,0.2325,0.1816,0.5066,0.5255,2816.61,1431.26,0.3054,airy_ethereal
888.77,0.8119,0.0156,0.6628,0.6028,1930.61,1237.35,0.0213,bright_energetic
684.7,0.6836,0.1951,0.7993,0.7227,1858.08,901.73,0.4293,bright_energetic
1685.23,0.9057,0.2367,0.5062,0.99,2903.64,1595.59,1.1206,sharp_chaotic
325.59,0.3425,0.5482,0.4831,0.1366,1287.83,596.87,0.8147,warm_soft
80.66,0.4441,0.7101,0.0413,0.0376,123.4,56.89,0.7839,deep_calm
215.35,0.5009,0.99,0.3055,0.0951,280.96,223.63,0.9249,deep_calm
1644.5,0.6536,0.235,0.4658,0.6254,3955.2,1730.53,0.8975,sharp_chaotic
899.46,0.8189,0.01,0.694,0.7848,2232.74,838.38,0.3953,bright_energetic
982.61,0.962,0.1039,0.5018,0.809,1227.65,1207.6,1.8396,bright_energetic
1582.94,0.5289,0.1444,0.533,0.99,2257.81,627.3,0.996,sharp_chaotic
819.48,0.5525,0.4774,0.5991,0.6984,1772.42,970.89,0.998,bright_energetic
1527.91,0.7914,0.2175,0.2067,0.7623,3409.37,888.18,0.6862,sharp_chaotic
345.36,0.2109,0.8382,0.0983,0.1491,688.54,293.2,0.5976,deep_calm
41.07,0.6688,0.7545,0.0849,0.278,367.03,351.48,1.4716,deep_calm
532.14,0.4819,0.6324,0.7134,0.3159,909.04,495.41,0.2789,warm_soft
1432.53,0.325,0.0847,0.4137,0.5748,1752.13,1387.76,0.0139,airy_ethereal
359.44,0.4577,0.9238,0.4507,0.1999,1177.8,785.96,0.1435,warm_soft
445.74,0.2834,0.4775,0.4733,0.3232,1043.16,464.4,0.5922,warm_soft
1401.06,0.8043,0.2776,0.2904,0.7221,3828.11,1122.09,1.7927,sharp_chaotic
210.29,0.281,0.6358,0.1992,0.01,75.52,184.12,0.0505,deep_calm
402.64,0.4599,0.2143,0.5787,0.1396,893.09,207.57,1.1633,warm_soft
544.17,0.6905,0.1972,0.5462,0.6594,2206.37,957.14,0.7336,bright_energetic
360.27,0.8007,0.7415,0.6007,0.2334,1103.43,419.5,1.9653,warm_soft
872.7,0.6399,0.1203,0.6293,0.4122,1739.74,611.17,1.1923,bright_energetic
454.76,0.3542,0.3576,0.8028,0.3763,948.77,621.16,1.644,warm_soft
668.37,0.3698,0.0559,0.3558,0.7549,3800.04,2299.37,1.3173,airy_ethereal
20.0,0.0482,0.6181,0.4466,0.0764,412.32,188.33,1.3046,deep_calm
1868.01,0.7987,0.2324,0.3596,0.5959,2989.13,1816.48,0.4848,sharp_chaotic
1112.59,0.7368,0.1546,0.625,0.6365,2320.4,935.88,0.4523,bright_energetic
56.87,0.3971,0.7602,0.5116,0.0804,455.56,91.75,1.4887,deep_calm
184.72,0.1578,0.6888,0.2262,0.0613,167.86,375.48,1.504,deep_calm
609.59,0.99,0.2815,0.7983,0.5374,2209.41,1148.68,0.2516,bright_energetic
1750.12,0.2351,0.1043,0.2963,0.8066,2060.17,788.48,0.6027,airy_ethereal
1716.31,0.7768,0.1272,0.6509,0.8505,4438.31,1064.72,1.3404,sharp_chaotic
1998.67,0.7851,0.2378,0.3713,0.88,4114.1,896.99,1.374,sharp_chaotic
1088.91,0.99,0.1288,0.4546,0.7241,2422.2,1970.06,0.8522,sharp_chaotic
1117.07,0.7265,0.01,0.8203,0.7164,1049.62,518.74,0.8711,bright_energetic
426.54,0.5431,0.4448,0.3855,0.3608,879.37,409.76,1.0198,warm_soft
727.26,0.2914,0.0927,0.5182,0.4921,3029.69,1043.14,1.9528,airy_ethereal
1570.66,0.7909,0.339,0.4347,0.7876,4307.48,1602.87,1.8534,sharp_chaotic
20.0,0.3903,0.4253,0.77,0.2406,1118.26,527.62,1.8385,warm_soft
689.7,0.7824,0.2397,0.5411,0.6679,990.31,673.89,1.9203,bright_energetic
262.43,0.2914,0.5032,0.3148,0.1825,308.57,357.17,0.6265,deep_calm
708.75,0.2254,0.1064,0.4367,0.6488,1986.7,1613.94,0.0893,airy_ethereal
883.18,0.1512,0.0746,0.3667,0.435,3289.47,1308.22,0.0501,airy_ethereal
1140.49,0.99,0.0894,0.4585,0.3849,2096.87,995.49,0.4367,bright_energetic
224.74,0.4022,0.7959,0.0288,0.0241,513.43,315.23,1.5524,deep_calm
915.65,0.2509,0.2508,0.7259,0.8263,1676.78,1422.77,1.0925,airy_ethereal
1082.7,0.5387,0.246,0.5957,0.3749,1653.59,991.97,0.446,bright_energetic
1126.76,0.8573,0.2015,0.6139,0.4356,4271.55,789.67,1.1573,sharp_chaotic
841.8,0.2626,0.1025,0.2781,0.5726,2067.91,1345.31,1.9464,airy_ethereal
2205.29,0.7186,0.3369,0.3353,0.7897,2992.21,1560.17,1.8343,sharp_chaotic
994.14,0.8131,0.2052,0.6411,0.6509,1915.23,723.47,1.3465,bright_energetic
1460.14,0.6302,0.3368,0.5278,0.6254,2056.47,1105.07,0.5228,bright_energetic
1639.71,0.3708,0.0565,0.1317,0.4568,1957.84,1294.46,1.6402,airy_ethereal
342.68,0.1102,0.3795,0.7413,0.158,985.35,484.56,0.9664,warm_soft
368.38,0.4283,0.6091,0.6967,0.1567,880.86,760.36,0.4241,warm_soft
1587.24,0.4021,0.1842,0.597,0.5919,2554.31,1842.49,0.0716,airy_ethereal
1073.45,0.62,0.2931,0.7101,0.8068,1866.2,794.24,1.0918,bright_energetic
1511.66,0.1967,0.1247,0.564,0.6355,3542.38,1263.61,0.8963,airy_ethereal
1277.72,0.6593,0.1608,0.6934,0.5749,2349.82,1612.1,0.6545,sharp_chaotic
49.85,0.4066,0.8246,0.2905,0.0329,104.21,281.21,1.0627,deep_calm
1216.02,0.3054,0.1413,0.1077,0.6203,2053.73,1089.7,0.3412,airy_ethereal
1758.39,0.8906,0.2366,0.3251,0.7318,4246.76,2012.04,0.2626,sharp_chaotic
1071.08,0.2298,0.0474,0.4265,0.7416,3150.97,977.35,0.5974,airy_ethereal
676.32,0.8653,0.3409,0.4486,0.5983,2158.37,952.95,0.3506,bright_energetic
999.91,0.7377,0.3753,0.734,0.5615,1752.9,1072.69,0.2273,bright_energetic
802.35,0.7656,0.2256,0.8155,0.5311,1728.47,1099.41,1.9694,bright_energetic
473.08,0.5482,0.6815,0.3891,0.0718,590.24,628.23,1.26,warm_soft
572.49,0.3241,0.311,0.7629,0.3073,476.35,564.51,0.4975,warm_soft
364.86,0.5296,0.5568,0.6001,0.2117,791.84,541.47,1.719,warm_soft
141.29,0.5014,0.3759,0.6371,0.2003,1016.2,502.7,0.3678,warm_soft
1729.61,0.8081,0.3857,0.5329,0.5812,3930.15,1447.04,1.2371,sharp_chaotic
1201.33,0.7281,0.1905,0.3201,0.8844,3412.43,1489.88,0.0289,sharp_chaotic
893.46,0.8393,0.1966,0.726,0.3724,2120.83,763.32,1.4299,bright_energetic
938.59,0.8154,0.2575,0.7797,0.7295,1386.03,1017.17,1.2677,bright_energetic
335.58,0.3353,0.8873,0.104,0.2076,463.67,351.6,1.9135,deep_calm
213.15,0.1306,0.7709,0.1855,0.2502,446.79,293.08,0.7443,deep_calm
961.05,0.5703,0.1972,0.7909,0.6143,2545.67,1087.29,0.998,bright_energetic
865.0,0.7306,0.3862,0.4678,0.7682,3696.71,2286.75,0.4431,sharp_chaotic
103.89,0.1036,0.7364,0.3727,0.0207,261.0,210.43,0.9563,deep_calm
1049.89,0.4315,0.0299,0.5674,0.6313,2555.09,1398.57,0.3375,airy_ethereal
413.79,0.3107,0.7715,0.2137,0.278,314.09,170.01,0.0491,deep_calm
189.18,0.4195,0.7664,0.2041,0.1622,121.81,187.14,0.0159,deep_calm
272.33,0.2757,0.8532,0.1482,0.1431,50.0,311.11,0.9278,deep_calm
698.33,0.6055,0.075,0.4023,0.797,3374.21,1586.49,0.1868,sharp_chaotic
661.72,0.714,0.2036,0.6606,0.8194,1559.77,1045.21,1.5824,bright_energetic
866.44,0.9218,0.4046,0.7072,0.6527,1130.83,384.7,1.7462,bright_energetic
227.91,0.452,0.99,0.286,0.0838,351.65,108.48,1.034,deep_calm
682.23,0.99,0.2265,0.5383,0.7072,1789.62,563.47,1.2892,bright_energetic
986.03,0.8498,0.1064,0.8095,0.668,2376.03,1423.06,0.0645,bright_energetic
1037.05,0.4065,0.2159,0.5269,0.4466,2641.56,1123.51,1.0476,bright_energetic
402.33,0.5286,0.6417,0.6501,0.305,414.71,454.05,1.4469,warm_soft
490.29,0.3742,0.5229,0.604,0.2372,516.24,459.66,0.5618,warm_soft
287.51,0.6383,0.398,0.3533,0.2616,231.64,178.42,1.9142,warm_soft
1501.27,0.4573,0.2319,0.1769,0.4816,2099.68,1112.39,1.9692,airy_ethereal
1347.86,0.8214,0.2582,0.6775,0.5596,1386.08,949.91,1.3028,bright_energetic
231.98,0.6089,0.3996,0.5504,0.1231,897.43,664.03,0.567,warm_soft
298.26,0.4545,0.3347,0.5568,0.257,667.56,351.9,1.0672,warm_soft
1395.08,0.8824,0.1156,0.5665,0.7867,4338.52,1397.35,1.9854,sharp_chaotic
1343.63,0.4642,0.0947,0.6183,0.688,1793.11,944.5,0.4458,airy_ethereal
2186.12,0.6319,0.3227,0.5958,0.7428,3608.34,1010.63,0.9831,sharp_chaotic
589.97,0.2364,0.6285,0.7342,0.2359,1004.57,480.76,0.4767,warm_soft
1513.69,0.7917,0.0759,0.521,0.6444,4128.22,1184.71,1.708,sharp_chaotic
863.89,0.9781,0.1644,0.516,0.4044,1372.21,434.29,0.2324,bright_energetic
1160.55,0.5227,0.2838,0.082,0.8112,2711.51,1535.9,0.942,airy_ethereal
220.33,0.3499,0.8578,0.3954,0.1225,270.89,307.04,0.2698,deep_calm
1868.46,0.5196,0.2254,0.4485,0.8171,2908.59,1097.02,0.2248,sharp_chaotic
710.16,0.5355,0.0275,0.4512,0.7127,2198.05,1681.26,0.3627,airy_ethereal
814.79,0.6616,0.1372,0.5237,0.6999,1420.81,1099.96,0.6833,bright_energetic
605.57,0.521,0.0233,0.4198,0.99,3012.73,1502.03,1.5911,airy_ethereal
1679.5,0.9845,0.1484,0.6223,0.7687,3693.58,1773.41,0.2936,sharp_chaotic
1346.24,0.0804,0.01,0.2093,0.6524,2362.05,1483.77,0.449,airy_ethereal
1631.28,0.4903,0.2026,0.4183,0.9152,2548.67,311.7,0.3756,airy_ethereal
1656.95,0.8145,0.258,0.5082,0.8233,3057.79,1536.66,0.7613,sharp_chaotic
237.95,0.2812,0.7466,0.3191,0.1543,429.47,150.67,1.8189,deep_calm
234.79,0.5623,0.901,0.4725,0.1575,442.38,236.49,1.5719,deep_calm
308.47,0.4895,0.8164,0.3863,0.2121,50.0,93.94,1.411,deep_calm
2162.52,0.7289,0.3546,0.258,0.5007,2704.83,1454.59,0.7371,sharp_chaotic
227.18,0.482,0.7127,0.3372,0.1199,50.0,143.3,0.2827,deep_calm
1186.43,0.5173,0.3092,0.5288,0.7212,3111.61,1905.68,0.2261,sharp_chaotic
596.79,0.3533,0.179,0.386,0.6339,2051.8,896.82,1.9212,airy_ethereal
1156.06,0.7285,0.2386,0.6622,0.582,2057.85,725.69,1.1722,bright_energetic
1184.81,0.8058,0.1766,0.6273,0.6959,3652.35,1302.38,0.7046,sharp_chaotic
723.96,0.5933,0.1693,0.5123,0.7145,1813.69,1401.28,1.2752,bright_energetic
452.24,0.6148,0.205,0.6445,0.573,1948.95,553.88,0.0575,bright_energetic
1150.33,0.5982,0.0551,0.7045,0.86,2164.02,1228.7,0.8088,bright_energetic
1865.02,0.723,0.1168,0.5296,0.5455,3769.16,697.54,1.4112,sharp_chaotic
419.11,0.2727,0.2499,0.5833,0.01,643.42,300.48,0.6708,warm_soft
405.77,0.4334,0.6511,0.5597,0.2027,356.94,331.84,0.63,warm_soft
841.32,0.7692,0.3427,0.6008,0.515,1663.09,1066.17,1.4755,bright_energetic
1252.84,0.5614,0.0936,0.4838,0.3652,3015.16,1588.18,0.8985,airy_ethereal
217.82,0.6032,0.4957,0.2489,0.1708,354.09,322.21,0.9528,deep_calm
1890.94,0.7482,0.1521,0.6101,0.9179,3478.11,1344.66,0.1206,sharp_chaotic
255.05,0.4056,0.4554,0.6095,0.2665,630.86,409.42,0.102,warm_soft
372.46,0.4105,0.4564,0.5466,0.1093,863.86,261.35,1.932,warm_soft
149.86,0.3636,0.5493,0.3323,0.1676,149.27,401.97,0.9138,deep_calm
1610.56,0.99,0.1227,0.6134,0.8209,3420.1,993.66,1.6247,sharp_chaotic
1298.01,0.6755,0.3712,0.3579,0.8032,4598.8,1244.65,1.827,sharp_chaotic
1430.8,0.9237,0.4409,0.599,0.99,3400.66,1153.03,1.839,sharp_chaotic
380.62,0.4637,0.6435,0.5617,0.3389,1155.75,474.17,0.1836,warm_soft
112.85,0.4047,0.5351,0.3037,0.1253,420.15,276.78,1.3391,deep_calm
562.84,0.3383,0.4525,0.6927,0.2345,710.09,650.23,1.9217,warm_soft
1337.63,0.6939,0.3264,0.635,0.8104,2733.14,1152.96,1.4974,bright_energetic
1306.2,0.2955,0.1147,0.3105,0.3746,1948.1,1408.98,1.7584,airy_ethereal
738.77,0.8227,0.1773,0.7258,0.592,1695.36,1467.35,1.2566,bright_energetic
654.71,0.2763,0.0663,0.4549,0.6708,2954.9,1580.96,1.8191,airy_ethereal
605.47,0.8209,0.3413,0.5341,0.6011,3208.97,1638.52,0.8621,sharp_chaotic
1211.71,0.3581,0.1508,0.3226,0.7628,3468.05,1061.57,0.9509,airy_ethereal
2265.72,0.8281,0.3153,0.4504,0.8238,3083.34,1933.89,1.6639,sharp_chaotic
1547.13,0.8979,0.1636,0.21,0.6944,3776.98,1591.22,0.8785,sharp_chaotic
1275.92,0.5963,0.1114,0.5528,0.4994,3171.34,799.15,0.6935,bright_energetic
1039.65,0.735,0.1231,0.5889,0.7806,3203.29,1177.44,0.709,sharp_chaotic
369.5,0.2877,0.3378,0.671,0.2871,385.35,832.45,0.9897,warm_soft
163.11,0.5311,0.6389,0.4128,0.1333,50.0,172.57,1.1571,deep_calm
1599.23,0.6412,0.2507,0.5456,0.7899,3086.77,1403.29,1.2271,sharp_chaotic
1521.36,0.5464,0.1927,0.118,0.6819,2353.52,1284.58,0.6137,sharp_chaotic
1409.43,0.8317,0.2475,0.4644,0.6285,3232.64,1650.66,0.3605,sharp_chaotic
803.96,0.2921,0.1966,0.1023,0.7844,3373.38,1203.46,1.503,airy_ethereal
263.1,0.3428,0.7687,0.5652,0.1542,749.97,704.96,0.7574,warm_soft
743.43,0.8257,0.1904,0.766,0.758,1493.87,918.02,1.0681,bright_energetic
191.83,0.2759,0.756,0.2404,0.0549,330.99,438.76,0.8396,deep_calm
1220.39,0.7372,0.1012,0.5823,0.6273,2371.5,1049.47,1.4251,bright_energetic
1104.58,0.2048,0.01,0.477,0.2955,2661.43,1122.69,0.5417,airy_ethereal
389.31,0.6924,0.0402,0.7491,0.733,2104.93,1139.22,0.6898,bright_energetic
390.51,0.3259,0.4524,0.4996,0.2336,1069.59,714.9,1.1818,warm_soft
382.57,0.3164,0.4303,0.7421,0.3753,878.74,510.38,1.2092,warm_soft
1415.1,0.99,0.2306,0.6521,0.5682,2611.68,1842.64,1.358,sharp_chaotic
214.14,0.3853,0.8636,0.4811,0.1503,365.59,205.89,1.4039,deep_calm
218.25,0.0966,0.9338,0.2452,0.0934,488.73,411.62,0.5475,deep_calm
1254.54,0.8437,0.1136,0.6915,0.5792,1252.39,816.03,0.5352,bright_energetic
612.08,0.7278,0.3037,0.99,0.5905,1918.63,874.16,1.5767,bright_energetic
546.6,0.7717,0.3703,0.4796,0.6898,1306.84,1123.22,1.42,bright_energetic
2157.31,0.7233,0.425,0.7317,0.9049,2735.09,2135.7,1.3947,sharp_chaotic
715.13,0.487,0.6075,0.478,0.1256,1142.28,262.56,0.1005,warm_soft
117.37,0.3539,0.9355,0.241,0.1907,160.26,108.35,1.7595,deep_calm
1234.5,0.3196,0.1486,0.2255,0.6417,2880.09,1095.28,1.5044,airy_ethereal
109.48,0.7816,0.4958,0.8524,0.27,1011.96,584.75,0.7535,warm_soft
187.11,0.4013,0.6804,0.4927,0.1451,345.48,314.55,1.4603,deep_calm
153.56,0.01,0.6946,0.0958,0.0665,196.82,237.83,1.2162,deep_calm
527.53,0.5889,0.1627,0.5938,0.4014,2279.83,415.77,1.4406,bright_energetic
200.89,0.2757,0.8162,0.1958,0.0289,50.0,20.0,0.9205,deep_calm
1773.5,0.3839,0.0679,0.3617,0.6547,2838.74,1058.0,1.3451,airy_ethereal
1055.44,0.6785,0.2049,0.6329,0.7385,1524.31,997.63,0.5513,bright_energetic
1331.54,0.3068,0.2034,0.4565,0.7152,2634.27,1302.61,0.0884,airy_ethereal
367.69,0.7888,0.6334,0.657,0.1876,616.66,451.66,1.8106,warm_soft
1169.37,0.7834,0.2214,0.4045,0.7668,1518.57,1157.22,0.4101,bright_energetic
738.89,0.5649,0.652,0.4797,0.2277,938.67,517.28,0.2181,warm_soft
495.32,0.4426,0.3261,0.798,0.2881,885.36,883.6,0.8061,warm_soft
1157.02,0.3096,0.01,0.5441,0.6772,2608.2,1175.89,0.6142,airy_ethereal
200.33,0.3463,0.6349,0.559,0.1306,1058.26,519.51,1.2257,warm_soft
255.83,0.7623,0.1523,0.7757,0.3681,1747.64,1211.49,1.0574,bright_energetic
79.68,0.1973,0.6806,0.222,0.3158,497.37,315.13,1.1813,deep_calm
148.41,0.3056,0.6129,0.1568,0.185,50.0,330.02,1.3564,deep_calm
1707.31,0.4644,0.3731,0.7203,0.7685,2779.83,1332.43,0.751,sharp_chaotic
587.9,0.6703,0.3076,0.6987,0.189,845.38,461.67,1.8826,warm_soft
250.64,0.4721,0.8317,0.1147,0.0962,228.06,387.52,0.09,deep_calm
1136.69,0.8467,0.2497,0.2032,0.7703,4523.06,2608.26,1.7128,sharp_chaotic
1129.03,0.9741,0.1034,0.3146,0.4856,1955.27,850.25,1.6807,bright_energetic
344.89,0.1845,0.8519,0.459,0.2105,757.06,846.71,1.4717,warm_soft
1658.52,0.7396,0.01,0.1097,0.8305,4298.77,1228.42,1.1683,sharp_chaotic
885.83,0.3167,0.0699,0.4995,0.655,3007.29,875.55,0.9692,airy_ethereal
102.39,0.2374,0.7121,0.01,0.0882,50.0,195.85,1.2623,deep_calm
283.85,0.4985,0.2696,0.3483,0.2017,452.54,500.51,0.7085,warm_soft
879.29,0.6763,0.1887,0.6585,0.5788,1980.77,779.63,0.7893,bright_energetic
49.76,0.4684,0.99,0.1773,0.1128,479.12,292.44,0.5526,deep_calm
903.91,0.7815,0.0204,0.7508,0.5658,1784.96,1307.6,0.789,bright_energetic
616.51,0.8833,0.01,0.3229,0.6024,1636.13,689.45,0.8042,bright_energetic
337.83,0.6183,0.7537,0.2752,0.1753,531.85,350.78,1.0532,deep_calm
2278.08,0.6892,0.255,0.5698,0.8328,3705.19,1451.11,0.6644,sharp_chaotic
822.76,0.7062,0.2481,0.8251,0.99,2378.17,671.02,1.1257,bright_energetic
1283.13,0.3621,0.092,0.2526,0.6757,2692.66,1264.62,0.8383,airy_ethereal
25.51,0.6826,0.2195,0.735,0.7001,1783.45,910.46,1.5063,bright_energetic
997.35,0.6719,0.1674,0.725,0.5598,2320.42,890.57,1.3801,bright_energetic
668.84,0.8631,0.2915,0.2287,0.7747,2281.1,1541.58,1.938,sharp_chaotic
1415.97,0.2994,0.0899,0.2588,0.4584,2675.64,1304.98,0.6041,airy_ethereal
285.41,0.3172,0.4945,0.1368,0.0938,395.23,311.74,1.9256,deep_calm
1004.32,0.8779,0.102,0.279,0.6909,2424.79,1657.54,0.0424,sharp_chaotic
400.68,0.3724,0.3924,0.542,0.2197,573.63,511.23,1.3956,warm_soft
2300.89,0.99,0.1082,0.682,0.7072,3628.64,2541.14,1.8623,sharp_chaotic
182.95,0.6312,0.7167,0.3315,0.0768,50.0,310.57,1.8672,deep_calm
724.05,0.8462,0.1964,0.4132,0.3623,925.83,1305.83,1.4025,bright_energetic
117.1,0.4874,0.9446,0.3257,0.121,262.51,80.22,0.0356,deep_calm
145.82,0.2944,0.8331,0.3291,0.195,89.68,284.48,1.0355,deep_calm
701.56,0.6044,0.2148,0.4534,0.346,1542.67,738.06,1.2997,bright_energetic
418.93,0.2374,0.0553,0.4194,0.3725,916.16,543.76,0.9902,warm_soft
494.3,0.558,0.5981,0.8027,0.0736,451.05,479.26,1.2198,warm_soft
83.09,0.3082,0.2349,0.5421,0.3197,840.9,537.33,1.1728,warm_soft
146.21,0.5095,0.2085,0.6179,0.1112,822.52,480.31,1.7521,warm_soft
185.24,0.2935,0.6329,0.1251,0.1688,297.6,63.49,0.8415,deep_calm
644.07,0.3168,0.4031,0.4738,0.1551,545.21,623.13,0.9587,warm_soft
193.73,0.3468,0.5858,0.0962,0.1584,664.95,235.46,0.4778,deep_calm
218.59,0.1047,0.7798,0.5172,0.01,365.6,390.87,1.6377,deep_calm
2129.8,0.6947,0.1236,0.553,0.9183,2904.19,1830.65,1.4416,sharp_chaotic
1825.38,0.667,0.0829,0.4571,0.8436,2943.88,1776.99,0.2486,sharp_chaotic
535.48,0.8583,0.4166,0.7566,0.8133,2147.36,269.94,1.8964,bright_energetic
220.71,0.1481,0.8573,0.2707,0.255,524.84,143.62,0.6313,deep_calm
1005.46,0.637,0.2439,0.7599,0.5429,2583.06,786.52,0.5708,bright_energetic
803.04,0.6401,0.3128,0.3582,0.3436,2262.33,1181.4,0.0753,bright_energetic
1262.67,0.7328,0.2751,0.5922,0.99,3012.52,1409.9,1.2854,sharp_chaotic
1068.64,0.6189,0.2743,0.3163,0.7415,1075.63,1051.44,1.4497,bright_energetic
195.97,0.4961,0.6583,0.4253,0.222,345.05,261.61,1.4112,deep_calm
313.8,0.4294,0.5241,0.7329,0.0617,1104.15,450.91,1.6322,warm_soft
903.2,0.7604,0.2072,0.3516,0.6974,2585.36,573.72,1.758,bright_energetic
490.02,0.9455,0.1656,0.8237,0.6716,2256.06,818.28,1.2757,bright_energetic
1006.01,0.7317,0.0981,0.6554,0.3393,1880.65,737.29,0.6724,bright_energetic
1001.13,0.4991,0.1535,0.3079,0.8156,1486.88,1270.65,1.2341,airy_ethereal
223.1,0.0969,0.6626,0.3113,0.0711,204.88,258.07,0.4134,deep_calm
55.6,0.4025,0.5036,0.258,0.1494,641.39,237.28,1.775,deep_calm
679.62,0.2942,0.0194,0.5207,0.4798,3772.88,1105.21,1.5281,airy_ethereal
773.08,0.6806,0.4235,0.5736,0.2983,585.8,533.83,0.4086,warm_soft
485.87,0.2478,0.2919,0.4911,0.0406,907.17,373.48,1.8228,warm_soft
363.73,0.4528,0.4905,0.7691,0.2095,1185.46,511.34,0.5782,warm_soft
1179.68,0.3235,0.2234,0.4624,0.6655,2959.87,1459.83,0.0384,airy_ethereal
305.52,0.2518,0.4282,0.6349,0.3236,1161.39,377.27,1.4535,warm_soft
877.44,0.7948,0.2622,0.8033,0.7095,1296.09,982.31,0.0551,bright_energetic
272.39,0.332,0.2418,0.4038,0.3461,1170.32,280.97,0.7842,warm_soft
794.45,0.8784,0.01,0.8142,0.5994,1475.98,697.25,1.6995,bright_energetic
2428.46,0.645,0.2273,0.787,0.7829,3479.41,1429.85,0.1556,sharp_chaotic
1369.66,0.4934,0.1182,0.3793,0.6594,3511.57,1542.21,0.8741,airy_ethereal
1579.08,0.6775,0.1072,0.5234,0.8337,3168.92,753.89,1.6301,sharp_chaotic
839.06,0.6735,0.2424,0.3893,0.7136,1677.8,1227.78,1.472,bright_energetic
1270.93,0.99,0.282,0.8831,0.6992,3609.69,1876.34,0.7242,sharp_chaotic
1063.71,0.9637,0.3694,0.6412,0.457,1556.1,1042.78,0.1021,bright_energetic
449.52,0.6236,0.6796,0.7359,0.2192,757.19,339.93,0.8347,warm_soft
632.89,0.6442,0.2341,0.5599,0.6284,2217.79,1107.59,0.8672,bright_energetic
417.41,0.8985,0.2163,0.4887,0.3021,582.57,599.33,1.5013,warm_soft
1150.25,0.3061,0.1867,0.5588,0.5506,3135.77,1763.7,0.312,airy_ethereal
1195.43,0.9141,0.1459,0.4914,0.7327,1408.23,578.69,0.3157,bright_energetic
643.6,0.5303,0.1304,0.4407,0.8576,2463.46,1005.41,0.6748,airy_ethereal
1517.73,0.7207,0.1073,0.4141,0.7939,4469.89,1766.58,1.4558,sharp_chaotic
1260.72,0.9305,0.01,0.4751,0.6263,3275.71,2333.8,0.806,sharp_chaotic
1120.05,0.4905,0.2226,0.3699,0.4503,1621.0,592.07,0.5873,bright_energetic
653.95,0.5233,0.5575,0.6971,0.0912,1124.63,173.42,1.7507,warm_soft
1341.35,0.8879,0.2875,0.5193,0.7349,3203.06,974.04,0.9485,sharp_chaotic
2371.68,0.6614,0.0838,0.631,0.9524,3008.07,1763.23,1.3844,sharp_chaotic
1161.22,0.3926,0.0194,0.4458,0.8834,1171.51,1392.54,1.446,airy_ethereal
433.82,0.01,0.4291,0.701,0.2634,578.96,337.31,0.9959,warm_soft
306.11,0.3408,0.5655,0.8116,0.3622,507.96,494.29,0.1152,warm_soft
339.42,0.0393,0.77,0.2382,0.1117,177.05,233.74,0.7535,deep_calm
1551.28,0.823,0.0998,0.5578,0.7733,3165.53,987.39,1.739,sharp_chaotic
1822.24,0.1047,0.1266,0.1039,0.7985,2404.68,1350.22,0.6193,airy_ethereal
1372.53,0.3158,0.1558,0.4358,0.99,2120.86,1213.91,0.0001,airy_ethereal
2141.39,0.8696,0.32,0.6112,0.7944,4070.72,1808.24,0.3318,sharp_chaotic
174.48,0.3204,0.7474,0.0696,0.1229,360.89,287.66,0.4693,deep_calm
408.39,0.2886,0.5746,0.3646,0.0358,517.03,350.73,0.1379,warm_soft
515.82,0.5283,0.8608,0.6284,0.3267,790.27,462.3,0.4565,warm_soft
65.19,0.5652,0.6601,0.3434,0.025,240.13,327.96,1.4579,deep_calm
1320.61,0.99,0.3647,0.5935,0.6933,3656.34,1965.7,0.3852,sharp_chaotic
309.3,0.5696,0.493,0.6945,0.1758,1071.92,727.35,0.5078,warm_soft
934.29,0.9659,0.2741,0.4926,0.801,1530.36,606.12,1.907,bright_energetic
1435.56,0.4066,0.0889,0.4994,0.6697,1793.4,1747.99,1.1069,airy_ethereal
829.68,0.8168,0.2337,0.3786,0.7068,3898.88,2050.91,0.3692,sharp_chaotic
492.42,0.3473,0.453,0.4923,0.1613,736.95,261.78,0.1269,warm_soft
431.21,0.4925,0.7695,0.4361,0.2522,751.57,507.68,1.872,warm_soft
320.53,0.2809,0.9163,0.0648,0.2416,393.92,296.45,0.5588,deep_calm
644.4,0.8538,0.01,0.8381,0.9445,1708.25,768.45,1.5473,bright_energetic
203.8,0.4818,0.5116,0.6945,0.3479,395.26,401.45,1.9204,warm_soft
818.63,0.8155,0.1755,0.6996,0.3766,2395.65,619.24,0.6358,bright_energetic
600.57,0.8355,0.1293,0.6146,0.7766,1656.33,439.22,0.6307,bright_energetic
84.38,0.1754,0.8064,0.2386,0.01,50.0,170.58,1.1982,deep_calm
141.9,0.2948,0.8196,0.028,0.0318,449.8,236.81,0.717,deep_calm
1028.75,0.3764,0.1583,0.1561,0.5213,2675.52,1407.65,1.5177,airy_ethereal
739.53,0.9066,0.0836,0.8059,0.7253,2075.95,811.64,1.5218,bright_energetic
895.85,0.7437,0.2448,0.6678,0.703,1689.05,797.54,0.8448,bright_energetic
1254.03,0.7238,0.2302,0.8875,0.4858,1578.64,865.79,1.3363,bright_energetic
729.06,0.99,0.2051,0.6341,0.4733,1540.95,1055.94,1.3841,bright_energetic
1274.08,0.2414,0.0522,0.589,0.8451,2607.54,1727.46,1.4478,airy_ethereal
1567.49,0.5717,0.1305,0.6871,0.8198,1792.11,985.09,1.77,bright_energetic
114.36,0.3252,0.8272,0.2857,0.01,68.07,55.71,1.0136,deep_calm
576.46,0.253,0.4664,0.3807,0.2285,955.44,537.81,0.5104,warm_soft
767.28,0.4714,0.2239,0.2877,0.3476,2635.33,1331.69,0.8882,airy_ethereal
1084.56,0.7065,0.2644,0.5033,0.5884,1679.7,862.31,0.026,bright_energetic
541.49,0.9667,0.0463,0.6581,0.6774,2176.4,742.36,0.127,bright_energetic
604.74,0.5166,0.6217,0.6259,0.2193,423.75,643.79,0.1432,warm_soft
381.86,0.2367,0.6518,0.3401,0.1049,401.14,50.8,0.1147,deep_calm
1322.42,0.7869,0.2318,0.2281,0.8252,3029.26,2561.67,0.3679,sharp_chaotic
1245.27,0.368,0.0799,0.5698,0.5339,2967.52,709.73,0.9901,airy_ethereal
1751.2,0.6935,0.3387,0.4851,0.6981,2358.12,2341.89,1.4223,sharp_chaotic
261.36,0.3595,0.4894,0.335,0.1936,537.49,284.08,1.2837,warm_soft
713.13,0.7458,0.296,0.6879,0.2454,1179.51,733.92,1.2129,warm_soft
20.0,0.3147,0.6726,0.3133,0.1792,302.03,211.39,1.3013,deep_calm
671.15,0.5049,0.3903,0.5099,0.2995,371.88,384.09,1.5003,warm_soft
578.8,0.6712,0.1781,0.6195,0.6277,1511.94,953.63,0.0105,bright_energetic
1320.37,0.4657,0.2389,0.4922,0.6264,3047.23,1056.63,1.6169,airy_ethereal
211.45,0.4194,0.4631,0.5232,0.2227,308.23,668.64,1.6169,warm_soft
1036.17,0.8203,0.1974,0.5264,0.5316,2192.19,488.32,0.2131,bright_energetic
807.1,0.9034,0.2514,0.6119,0.4544,2579.27,1125.94,1.5284,bright_energetic
551.1,0.4525,0.2241,0.7776,0.3351,683.14,431.76,0.056,warm_soft
132.49,0.2207,0.5537,0.3207,0.106,311.0,240.37,0.5908,deep_calm
1031.48,0.514,0.1693,0.7224,0.733,2186.59,1498.66,1.9557,airy_ethereal
1734.06,0.6272,0.0965,0.2355,0.2606,1850.19,1082.29,1.2524,airy_ethereal
1073.38,0.2121,0.1789,0.347,0.4248,3088.78,1279.94,0.1408,airy_ethereal
220.35,0.6773,0.7155,0.3177,0.1226,499.56,234.79,1.7149,deep_calm
1090.69,0.3657,0.1792,0.5479,0.7413,3382.17,859.76,1.8187,airy_ethereal
1127.49,0.5767,0.293,0.7342,0.4373,1899.77,994.74,1.1235,bright_energetic
20.0,0.408,0.7664,0.463,0.2015,102.26,326.31,1.5755,deep_calm
422.52,0.2931,0.6693,0.6299,0.2462,652.34,370.01,1.1658,warm_soft
20.0,0.1067,0.6078,0.3367,0.1696,433.14,200.77,1.4333,deep_calm
172.09,0.4685,0.7834,0.3191,0.1729,116.96,341.13,0.8844,deep_calm
197.8,0.4245,0.6504,0.2653,0.0629,126.64,178.56,0.6066,deep_calm
351.56,0.5631,0.4815,0.5434,0.2722,1157.07,543.33,1.3595,warm_soft
938.01,0.7504,0.1361,0.8499,0.8248,1389.54,966.41,0.9588,bright_energetic
457.17,0.7061,0.3236,0.5389,0.4571,1754.31,1083.87,0.1827,bright_energetic
1534.32,0.6958,0.157,0.5856,0.8221,2257.18,1971.27,1.6863,sharp_chaotic
1203.36,0.3261,0.1491,0.4652,0.6068,1769.92,1674.24,1.4599,airy_ethereal
256.95,0.1816,0.6857,0.2329,0.1595,101.03,300.17,1.2613,deep_calm
300.69,0.3949,0.546,0.5899,0.2713,778.04,590.46,0.8992,warm_soft
267.65,0.2372,0.726,0.2002,0.0976,600.82,140.13,0.8573,deep_calm
603.58,0.9766,0.2773,0.1835,0.7038,2785.07,1137.43,1.9669,sharp_chaotic
1191.26,0.9029,0.2065,0.5959,0.7714,3106.25,1255.33,1.3404,sharp_chaotic
1943.48,0.5429,0.1663,0.4384,0.99,3206.65,1251.55,0.1185,sharp_chaotic
1232.69,0.9156,0.1942,0.7986,0.706,2437.74,1024.76,0.2605,bright_energetic
133.15,0.3042,0.5627,0.3168,0.155,266.73,190.74,1.9248,deep_calm
1160.57,0.6883,0.01,0.3516,0.9287,3684.37,1891.96,1.6237,sharp_chaotic
1142.02,0.8028,0.1696,0.6079,0.8157,1782.6,997.38,0.6845,bright_energetic
310.06,0.0915,0.9047,0.5209,0.1569,135.87,218.94,1.0687,deep_calm
469.38,0.5154,0.407,0.5252,0.2419,942.11,510.84,1.5168,warm_soft
560.82,0.7537,0.223,0.5154,0.7174,2560.85,1432.35,0.899,bright_energetic
1246.35,0.2246,0.1063,0.4838,0.5613,2184.47,603.9,1.9676,airy_ethereal
929.02,0.8127,0.4117,0.4182,0.5985,2263.72,665.26,1.7194,bright_energetic
330.11,0.3081,0.6025,0.3427,0.2606,288.81,514.19,1.8,deep_calm
691.8,0.9466,0.296,0.3263,0.8148,4017.23,1139.26,0.9453,sharp_chaotic
767.37,0.3398,0.1617,0.5177,0.3945,2376.38,263.56,1.8847,airy_ethereal
1861.15,0.3057,0.01,0.6201,0.8307,3494.5,1369.79,1.0864,airy_ethereal
1169.34,0.6789,0.2928,0.7513,0.7723,1871.53,821.37,1.2144,bright_energetic
725.43,0.3,0.1164,0.493,0.5931,2637.53,1235.66,0.0691,airy_ethereal
1656.09,0.4959,0.2903,0.1662,0.6765,2826.16,1627.64,1.924,airy_ethereal
822.73,0.8599,0.1864,0.5376,0.7657,1560.73,692.73,1.4824,bright_energetic
2129.21,0.7977,0.2169,0.763,0.9451,2042.1,2113.96,0.0943,sharp_chaotic
242.14,0.3533,0.7247,0.5366,0.0845,50.0,189.21,0.2715,deep_calm
1799.51,0.9344,0.3072,0.3023,0.6968,2897.89,1418.72,0.5643,sharp_chaotic
1241.98,0.0914,0.0511,0.4388,0.7458,2431.68,1445.42,0.0264,airy_ethereal
1217.81,0.7352,0.2087,0.5807,0.4687,1751.1,828.71,0.3833,bright_energetic
748.31,0.3722,0.2463,0.1626,0.8091,1996.18,946.19,0.0846,airy_ethereal
784.27,0.3721,0.1121,0.5474,0.7934,3556.78,1456.52,1.6175,airy_ethereal
1423.47,0.5939,0.5137,0.4627,0.7234,3077.71,1317.87,1.8888,sharp_chaotic
1107.52,0.4346,0.052,0.271,0.8873,3066.87,1231.15,0.158,airy_ethereal
1456.89,0.01,0.1882,0.3865,0.5107,2758.04,1692.64,0.7494,airy_ethereal
391.78,0.7911,0.1824,0.5271,0.467,1397.18,1273.52,0.1499,bright_energetic
1104.43,0.99,0.1479,0.5943,0.6527,2070.38,2375.56,0.2554,sharp_chaotic
68.87,0.4607,0.4346,0.2927,0.2714,168.35,260.06,0.8756,deep_calm
274.1,0.3888,0.823,0.1457,0.0769,356.66,272.58,1.2896,deep_calm
529.0,0.5852,0.3005,0.5672,0.7445,2151.0,853.93,0.1394,bright_energetic
289.28,0.3788,0.8,0.2555,0.1739,259.56,285.78,0.909,deep_calm
652.08,0.6203,0.139,0.6969,0.6218,1779.83,856.31,0.642,bright_energetic
602.02,0.313,0.2799,0.6748,0.1761,565.82,331.21,1.5977,warm_soft
60.96,0.1294,0.7041,0.1891,0.1692,560.31,233.01,1.099,deep_calm
1520.65,0.7718,0.2274,0.5705,0.5974,1975.06,1349.05,0.9781,bright_energetic
844.2,0.7494,0.1832,0.3495,0.9124,4676.83,630.9,0.1916,sharp_chaotic
911.76,0.8683,0.3365,0.4341,0.816,2501.03,1024.64,1.7235,sharp_chaotic
1440.53,0.38,0.1656,0.2582,0.8214,3108.44,1028.71,1.0858,airy_ethereal
465.08,0.688,0.398,0.4213,0.3427,917.45,211.77,1.1484,warm_soft
182.89,0.4577,0.9152,0.3505,0.024,50.0,379.49,1.9946,deep_calm
767.45,0.4489,0.2073,0.3334,0.5207,3317.36,1398.59,1.2243,airy_ethereal
459.58,0.5807,0.4298,0.3894,0.2451,814.73,451.61,1.7157,warm_soft
165.63,0.1797,0.9033,0.1321,0.076,691.15,326.49,1.3542,deep_calm
163.87,0.1663,0.6819,0.2305,0.01,357.69,312.76,0.7355,deep_calm
208.63,0.3442,0.1986,0.7261,0.2458,1293.07,488.72,0.7961,warm_soft
2219.08,0.7168,0.2045,0.8325,0.7919,2267.97,1286.68,1.9695,sharp_chaotic
236.82,0.5624,0.6676,0.3134,0.1039,259.87,203.1,0.3736,deep_calm
666.24,0.2306,0.1231,0.2113,0.7518,2855.17,520.96,0.4533,airy_ethereal
177.04,0.5092,0.1816,0.7818,0.2797,855.79,463.25,1.37,warm_soft
1258.12,0.8831,0.115,0.2796,0.8223,3717.8,2337.39,0.0573,sharp_chaotic
451.22,0.6544,0.6327,0.2777,0.1568,709.49,545.38,0.8812,warm_soft
263.78,0.0976,0.7684,0.3266,0.2536,491.12,86.56,1.5534,deep_calm
1760.54,0.8925,0.1207,0.3578,0.99,3442.5,1269.55,1.2421,sharp_chaotic
2359.23,0.6908,0.3367,0.6874,0.8252,3899.09,1436.4,1.4942,sharp_chaotic
556.47,0.3662,0.5184,0.687,0.2918,791.35,525.19,1.8771,warm_soft
1625.76,0.6649,0.0822,0.3864,0.759,3238.34,2189.98,0.0754,sharp_chaotic
99.47,0.6107,0.613,0.2577,0.2062,229.98,261.76,0.3553,deep_calm
922.29,0.6306,0.2559,0.6744,0.6282,2596.38,655.64,1.4613,bright_energetic
1676.65,0.9778,0.3465,0.2967,0.5183,3599.08,2026.77,0.7307,sharp_chaotic
1291.4,0.7916,0.2874,0.3822,0.7967,3071.67,2387.6,0.6398,sharp_chaotic
211.01,0.4108,0.6802,0.1909,0.1706,457.94,405.9,0.2533,deep_calm
404.57,0.4735,0.7295,0.4295,0.01,388.0,305.74,0.4523,warm_soft
897.97,0.285,0.0805,0.3078,0.8021,3071.25,1226.12,1.7827,airy_ethereal
1662.23,0.6254,0.0944,0.6841,0.7757,2707.24,2116.1,1.4901,sharp_chaotic
140.34,0.0549,0.5607,0.491,0.1954,411.95,262.01,1.6515,deep_calm
975.39,0.2892,0.2269,0.4788,0.6265,1305.03,1258.34,1.5649,airy_ethereal
965.99,0.9674,0.3546,0.3657,0.7047,3344.3,1274.6,0.6158,sharp_chaotic
1336.72,0.9155,0.311,0.5981,0.9618,4399.16,1291.89,0.8719,sharp_chaotic
1409.57,0.8274,0.2745,0.3595,0.6219,3272.99,1215.34,0.1595,sharp_chaotic
928.76,0.6653,0.2277,0.6837,0.4735,2030.11,1108.53,0.4383,bright_energetic
1190.42,0.7952,0.3191,0.7446,0.3527,1773.74,1014.72,0.5448,bright_energetic
149.64,0.1666,0.7461,0.3089,0.2129,252.04,370.17,1.6572,deep_calm
1037.48,0.6325,0.2919,0.7235,0.4726,1807.39,551.32,0.3311,bright_energetic
1080.49,0.6444,0.0797,0.2449,0.6968,2528.58,2283.72,0.9614,airy_ethereal
291.17,0.4963,0.6285,0.5484,0.1875,797.04,538.04,0.329,warm_soft
310.86,0.2401,0.5364,0.2334,0.2164,170.62,290.32,1.9316,deep_calm
1163.6,0.8925,0.1416,0.4973,0.6189,3064.08,1286.97,1.6871,sharp_chaotic
1514.95,0.9836,0.3512,0.6834,0.6393,4089.4,1611.59,1.3342,sharp_chaotic
87.89,0.2435,0.692,0.286,0.093,784.47,20.0,1.8507,deep_calm
812.65,0.8149,0.2061,0.4994,0.6602,2042.56,861.73,1.6026,bright_energetic
1265.79,0.7798,0.105,0.4625,0.7404,2176.61,1970.16,1.1556,sharp_chaotic
1924.73,0.7527,0.0871,0.3813,0.99,3245.69,2215.14,0.5298,sharp_chaotic
949.84,0.01,0.095,0.1803,0.8686,2366.25,1281.35,0.1513,airy_ethereal
610.15,0.7612,0.341,0.5477,0.7161,2840.06,479.61,1.5046,bright_energetic
306.5,0.5042,0.4119,0.7481,0.3325,298.1,445.63,1.1389,warm_soft
696.91,0.9008,0.1711,0.6972,0.4578,1800.97,1292.28,0.7711,bright_energetic
327.78,0.4657,0.1243,0.5189,0.7685,3022.57,1263.21,0.0973,airy_ethereal
1861.19,0.2018,0.0784,0.2841,0.7703,3316.14,1067.94,0.4849,airy_ethereal
1043.91,0.3092,0.0417,0.4714,0.7652,2933.49,1305.44,0.8163,airy_ethereal
840.15,0.8423,0.3896,0.7782,0.5533,2308.23,1217.11,1.8487,bright_energetic
47.63,0.4077,0.6973,0.2892,0.0891,510.18,241.18,1.2791,deep_calm
534.39,0.6805,0.1099,0.7177,0.4945,2617.92,731.48,0.4372,bright_energetic
917.89,0.8327,0.2143,0.5717,0.8277,2053.66,1183.05,1.1093,bright_energetic
758.28,0.5264,0.2795,0.4567,0.8999,2225.6,900.26,1.9632,bright_energetic
2219.66,0.9775,0.1464,0.5543,0.76,3923.28,1496.66,1.9399,sharp_chaotic
955.91,0.4402,0.1772,0.4398,0.793,1639.65,1460.23,1.1028,airy_ethereal
455.25,0.5419,0.5531,0.3016,0.1056,879.86,608.62,1.3965,warm_soft
153.24,0.0314,0.9654,0.3526,0.0373,145.88,383.77,0.3106,deep_calm
982.07,0.2806,0.1648,0.4487,0.659,2235.35,974.65,1.5127,airy_ethereal
194.65,0.4614,0.6999,0.2242,0.1733,393.6,395.76,1.3776,deep_calm
337.84,0.5745,0.4024,0.815,0.1827,481.63,319.36,0.8304,warm_soft
2079.87,0.8118,0.3026,0.5569,0.7116,4886.57,1155.68,1.6427,sharp_chaotic
1166.31,0.332,0.1584,0.2057,0.5135,3296.58,1555.31,0.1268,airy_ethereal
1154.08,0.357,0.1027,0.3151,0.8754,2341.69,1280.13,0.412,airy_ethereal
559.89,0.4563,0.3356,0.5821,0.2713,155.71,317.55,1.3604,warm_soft
1232.57,0.6095,0.203,0.5042,0.3288,2382.37,1517.11,1.0726,bright_energetic
1230.14,0.5758,0.0617,0.3763,0.7329,3085.08,1889.64,1.0664,sharp_chaotic
397.01,0.3321,0.3389,0.2488,0.3069,1373.23,547.62,0.9624,warm_soft
164.98,0.1223,0.8562,0.1554,0.0411,480.38,351.09,0.9759,deep_calm
988.95,0.9151,0.3862,0.4292,0.4719,2188.07,1801.78,1.735,sharp_chaotic
400.81,0.5784,0.4787,0.4136,0.0844,728.95,598.04,0.9123,warm_soft
199.8,0.3469,0.6922,0.4016,0.135,487.08,435.67,0.7184,deep_calm
481.27,0.8069,0.01,0.5269,0.4224,2325.09,1284.64,0.8431,bright_energetic
1493.26,0.6915,0.1339,0.4745,0.4071,1890.87,912.0,0.4108,bright_energetic
817.81,0.734,0.2614,0.6379,0.8359,2262.09,943.93,1.5135,sharp_chaotic
630.09,0.4236,0.1065,0.1672,0.6727,3677.22,1649.25,1.5702,airy_ethereal
875.49,0.7184,0.2174,0.5155,0.99,1525.26,1369.12,0.9704,bright_energetic
132.53,0.2911,0.6557,0.4967,0.2031,947.99,291.52,0.9619,warm_soft
121.24,0.4679,0.6314,0.1468,0.2652,186.68,86.66,0.0495,deep_calm
985.85,0.6915,0.1551,0.8527,0.6733,2173.88,904.5,0.1769,bright_energetic
243.62,0.2812,0.8144,0.2649,0.1603,50.0,104.19,1.9447,deep_calm
117.58,0.3067,0.6562,0.4082,0.2002,347.12,299.43,0.4517,deep_calm
1717.34,0.9859,0.4247,0.3337,0.9367,2842.56,1651.83,0.8749,sharp_chaotic
615.08,0.3174,0.5611,0.4029,0.1244,961.85,354.42,1.9102,warm_soft
1446.4,0.4549,0.1931,0.626,0.8062,2627.73,1306.38,1.8628,airy_ethereal
490.25,0.6749,0.2793,0.8162,0.5689,2048.73,675.04,1.1533,bright_energetic
1568.1,0.7632,0.1881,0.4459,0.7831,3832.9,1095.32,0.0782,sharp_chaotic
497.36,0.3749,0.4466,0.4187,0.1424,749.01,377.85,0.6577,warm_soft
1690.23,0.9555,0.4693,0.3604,0.9645,3716.46,797.28,1.7236,sharp_chaotic
171.34,0.1969,0.7634,0.1869,0.1743,687.57,257.6,1.0603,deep_calm
1757.63,0.9235,0.3258,0.6716,0.99,1863.98,901.9,0.565,sharp_chaotic
1194.4,0.7221,0.1475,0.5345,0.96,1498.78,1250.8,1.8463,bright_energetic
208.27,0.4934,0.881,0.2226,0.0996,200.05,259.5,0.7846,deep_calm
294.7,0.3074,0.9756,0.3503,0.0141,389.02,242.47,0.8328,deep_calm
581.52,0.3685,0.4887,0.5583,0.2272,641.1,640.49,1.9291,warm_soft
1646.97,0.3352,0.0712,0.2482,0.4872,2481.89,1383.2,0.3309,airy_ethereal
958.57,0.6419,0.0879,0.2456,0.5651,1997.55,1586.78,1.3033,airy_ethereal
1278.61,0.5521,0.0998,0.58,0.8319,2197.37,1097.71,0.0313,airy_ethereal
1187.48,0.4434,0.232,0.4739,0.805,3091.47,1388.11,0.0784,airy_ethereal
44.77,0.0244,0.6502,0.5206,0.2153,433.02,223.77,1.6223,deep_calm
1133.19,0.99,0.3133,0.4478,0.7188,3879.02,2020.35,0.7984,sharp_chaotic
269.06,0.3059,0.8551,0.3088,0.0634,67.96,312.13,0.689,deep_calm
1377.54,0.362,0.2761,0.1152,0.5893,2771.31,1609.81,1.1636,airy_ethereal
1945.86,0.3916,0.1403,0.4042,0.6048,1708.26,1307.72,1.6493,airy_ethereal
321.6,0.3233,0.6888,0.1138,0.2191,285.66,406.93,0.9816,deep_calm
1120.01,0.4003,0.0455,0.5109,0.5577,2566.16,1039.39,0.8029,airy_ethereal
1621.06,0.8812,0.354,0.5453,0.6629,4999.03,811.34,0.1726,sharp_chaotic
355.04,0.311,0.5374,0.6518,0.2656,472.05,287.39,0.1764,warm_soft
1884.01,0.9525,0.4371,0.4314,0.7902,2088.18,1246.32,1.0771,sharp_chaotic
371.82,0.4877,0.4316,0.6092,0.1879,621.04,620.46,1.4201,warm_soft
390.38,0.7992,0.5274,0.7502,0.3229,606.68,462.0,1.35,warm_soft
1009.26,0.616,0.2003,0.5101,0.336,2619.28,765.95,1.1893,bright_energetic
1449.54,0.967,0.3419,0.3416,0.9281,2570.49,1388.13,0.0373,sharp_chaotic
637.13,0.3692,0.2654,0.6106,0.1357,632.1,332.52,0.2956,warm_soft
911.36,0.7638,0.1866,0.4603,0.5985,1974.6,857.43,1.0518,bright_energetic
779.81,0.832,0.2883,0.5688,0.7444,3076.48,2036.64,0.6723,sharp_chaotic
964.21,0.8995,0.2936,0.7031,0.5702,1603.97,553.35,1.1294,bright_energetic
1302.83,0.3539,0.1504,0.2861,0.7546,3133.2,1584.77,1.6405,airy_ethereal
147.99,0.2528,0.6898,0.2828,0.1895,502.05,245.39,1.8384,deep_calm
1283.35,0.7009,0.1301,0.3842,0.99,3476.8,2064.0,1.703,sharp_chaotic
1284.31,0.1823,0.01,0.3797,0.8282,2031.35,1289.68,0.4657,airy_ethereal
195.89,0.1954,0.8441,0.0722,0.0998,50.0,441.04,0.3774,deep_calm
610.46,0.6752,0.2146,0.46,0.8195,2007.42,1064.9,1.305,bright_energetic
241.7,0.2288,0.5233,0.7438,0.2272,754.34,823.92,0.5755,warm_soft
21.9,0.4497,0.7711,0.1973,0.0442,586.25,198.38,0.689,deep_calm
257.22,0.441,0.8061,0.0545,0.2923,163.78,483.5,0.3646,deep_calm
2005.49,0.7504,0.1933,0.5404,0.8625,2984.26,1298.53,1.0199,sharp_chaotic
250.0,0.3453,0.8846,0.2997,0.0485,596.89,195.09,0.0085,deep_calm
799.99,0.9488,0.0149,0.684,0.4841,1774.66,1070.79,0.4688,bright_energetic
1790.16,0.666,0.5207,0.425,0.6518,3304.75,1963.63,1.4304,sharp_chaotic
964.07,0.631,0.2189,0.9621,0.5865,3102.24,977.97,1.7986,bright_energetic
1731.02,0.8859,0.2062,0.2471,0.8195,3090.59,1119.59,0.2284,sharp_chaotic
432.03,0.143,0.6741,0.6143,0.1996,704.69,495.7,1.9053,warm_soft
295.93,0.5361,0.4819,0.5961,0.1784,824.65,739.32,0.9576,warm_soft
165.72,0.3146,0.5017,0.2433,0.2104,259.03,424.5,0.4761,deep_calm
97.12,0.4771,0.99,0.3897,0.1397,218.07,243.25,0.8939,deep_calm
1623.64,0.2236,0.01,0.5022,0.648,2516.74,2042.78,1.1164,airy_ethereal
695.06,0.7536,0.1531,0.8218,0.5495,1837.41,734.23,1.8346,bright_energetic
363.75,0.2797,0.4531,0.3231,0.2818,1050.57,364.16,1.6587,warm_soft
820.1,0.3764,0.01,0.4575,0.5629,3309.26,1234.57,0.2219,airy_ethereal
302.75,0.3306,0.4352,0.5318,0.147,1079.23,776.62,0.0887,warm_soft
176.33,0.4843,0.781,0.3776,0.1472,660.01,337.74,1.3515,deep_calm
760.95,0.4361,0.4822,0.4692,0.0706,791.27,524.67,0.9001,warm_soft
161.54,0.3541,0.7923,0.3207,0.2893,207.04,247.73,1.1391,deep_calm
314.37,0.3717,0.3813,0.7161,0.176,485.77,236.93,1.3081,warm_soft
239.99,0.197,0.6761,0.3076,0.1335,458.02,425.59,1.9514,deep_calm
871.68,0.6618,0.0731,0.5441,0.7833,1507.46,768.72,0.7936,bright_energetic
1017.39,0.269,0.1888,0.2589,0.8427,2577.79,647.76,0.8183,airy_ethereal
1313.64,0.1793,0.1349,0.337,0.5588,2999.39,1440.93,0.5522,airy_ethereal
324.38,0.04,0.7805,0.3768,0.01,198.46,421.33,1.6532,deep_calm
1634.99,0.7698,0.0275,0.7538,0.726,2889.36,1798.6,0.5485,sharp_chaotic
1283.47,0.3034,0.081,0.2719,0.4812,1873.85,1160.43,1.5931,airy_ethereal
336.08,0.8015,0.4367,0.7067,0.2746,734.41,633.42,1.2832,warm_soft
1314.51,0.3796,0.2314,0.4398,0.925,1242.0,1471.67,1.0967,airy_ethereal
303.38,0.4777,0.3665,0.4478,0.0569,931.98,638.08,0.6427,warm_soft
845.26,0.3695,0.1371,0.5303,0.8237,1712.38,1477.08,1.2486,airy_ethereal
875.84,0.2874,0.145,0.3126,0.6985,1971.09,687.55,0.4947,airy_ethereal
488.44,0.7079,0.2661,0.6087,0.8255,1504.01,848.07,0.5215,bright_energetic
297.73,0.3961,0.5191,0.4084,0.208,514.92,700.55,1.6612,warm_soft
831.87,0.622,0.2004,0.7924,0.6153,1259.04,583.17,0.3456,bright_energetic
1718.43,0.4123,0.1657,0.1971,0.99,3399.8,655.8,0.2819,airy_ethereal
942.36,0.0644,0.2382,0.6648,0.8055,3035.81,821.4,1.9927,airy_ethereal
1055.46,0.5724,0.0802,0.5409,0.554,1731.46,1127.65,1.0197,bright_energetic
183.2,0.4424,0.6091,0.01,0.01,81.11,275.27,1.0854,deep_calm
875.64,0.8559,0.2215,0.5767,0.8633,1257.97,943.34,0.2229,bright_energetic
167.31,0.3437,0.6489,0.3553,0.0803,265.97,419.33,0.3832,deep_calm
195.53,0.401,0.7696,0.1583,0.0704,273.87,172.9,1.1919,deep_calm
1120.28,0.8315,0.2578,0.6278,0.7435,3557.92,1356.32,1.3259,sharp_chaotic
217.24,0.2767,0.7283,0.3045,0.0765,362.78,418.46,1.9246,deep_calm
205.18,0.99,0.01,0.6366,0.6348,997.29,914.79,1.359,bright_energetic
199.68,0.3595,0.99,0.0879,0.1895,50.0,316.0,0.6446,deep_calm
354.81,0.5458,0.2822,0.7334,0.1315,992.68,744.45,1.22,warm_soft
322.13,0.7102,0.8505,0.3731,0.1661,96.33,251.26,0.2306,deep_calm
518.45,0.4415,0.6009,0.5955,0.2463,637.14,510.41,1.6667,warm_soft
671.98,0.6725,0.6606,0.3351,0.3111,783.69,553.96,0.6608,warm_soft
1677.27,0.2048,0.157,0.2865,0.5301,2036.5,1322.04,1.3002,airy_ethereal
212.88,0.4436,0.7464,0.2815,0.0815,481.64,447.89,0.0703,deep_calm
1225.89,0.2764,0.1708,0.4281,0.6188,2463.03,1436.2,0.0423,airy_ethereal
1852.57,0.6458,0.1638,0.5699,0.56,2798.19,1388.79,1.1672,sharp_chaotic
286.89,0.4179,0.5113,0.0512,0.0312,162.32,314.27,0.0487,deep_calm
575.41,0.3426,0.1191,0.2214,0.5838,3046.64,1582.76,1.3012,airy_ethereal
335.46,0.2707,0.8314,0.3635,0.0498,580.77,372.33,0.4778,deep_calm
1288.45,0.5802,0.3379,0.6783,0.99,2531.65,1154.04,0.9321,bright_energetic
558.62,0.5127,0.4611,0.4723,0.2185,1432.01,498.26,0.072,warm_soft
220.9,0.3962,0.6303,0.4407,0.1023,168.11,20.0,1.5538,deep_calm
1264.1,0.9657,0.3239,0.5576,0.8747,3060.36,2542.9,0.6676,sharp_chaotic
444.35,0.6387,0.01,0.6565,0.6416,2523.1,836.32,0.1757,bright_energetic
789.35,0.99,0.2207,0.4225,0.3781,3082.47,2169.1,1.253,sharp_chaotic
1281.47,0.6819,0.3385,0.6352,0.3594,2263.84,422.95,1.4184,bright_energetic
423.84,0.4355,0.5627,0.5013,0.1474,769.33,705.84,1.8911,warm_soft
1189.04,0.7933,0.2305,0.5876,0.8422,3376.66,1390.05,1.6372,sharp_chaotic
784.65,0.943,0.2425,0.7457,0.8402,2610.38,1883.73,0.8613,sharp_chaotic
1960.37,0.7325,0.4263,0.6433,0.7773,3889.9,2317.12,1.9204,sharp_chaotic
925.84,0.157,0.1685,0.2572,0.5119,2972.59,1218.42,1.1904,airy_ethereal
1301.88,0.482,0.1163,0.4343,0.2505,3523.59,1308.67,0.3236,airy_ethereal
790.28,0.6957,0.2492,0.3863,0.7573,1802.98,776.61,1.9791,bright_energetic
300.56,0.4124,0.3145,0.5553,0.1903,492.97,967.73,0.1548,warm_soft
1689.93,0.317,0.0771,0.4401,0.5132,2320.84,1247.29,1.8081,airy_ethereal
104.27,0.3172,0.0155,0.2657,0.7752,2324.28,1642.69,0.7557,airy_ethereal
1492.69,0.8595,0.5168,0.3907,0.7956,1858.25,1809.04,0.3142,sharp_chaotic
1086.61,0.2739,0.01,0.2914,0.6062,2631.49,1071.48,1.3797,airy_ethereal
457.85,0.2409,0.01,0.2835,0.2316,2159.52,1545.51,0.3755,airy_ethereal
379.04,0.59,0.2929,0.6516,0.2661,1105.44,275.54,1.9846,warm_soft
195.95,0.4128,0.6153,0.5894,0.4221,1070.88,451.5,0.6498,warm_soft
937.95,0.2337,0.01,0.5247,0.366,2056.53,922.86,0.7189,airy_ethereal
146.15,0.3627,0.5964,0.2813,0.0888,336.76,191.0,1.7065,deep_calm
219.14,0.3864,0.7226,0.4459,0.0951,185.89,120.5,0.9953,deep_calm
270.87,0.5633,0.6916,0.7757,0.2299,916.39,393.32,1.8852,warm_soft
98.51,0.2149,0.8801,0.1205,0.0843,255.43,268.55,0.9559,deep_calm
788.52,0.6298,0.1894,0.81,0.5051,1905.84,581.59,1.3799,bright_energetic
188.91,0.2968,0.6683,0.2072,0.1148,320.04,242.88,0.0455,deep_calm
1547.99,0.6439,0.3032,0.7557,0.7224,3763.08,1040.47,0.6165,sharp_chaotic
1141.18,0.4825,0.1585,0.2915,0.3835,2049.79,1099.29,1.2987,airy_ethereal
396.79,0.4233,0.4442,0.5006,0.112,931.76,599.11,0.3728,warm_soft
1543.13,0.99,0.0289,0.7784,0.6724,3734.88,2162.79,1.283,sharp_chaotic
1453.23,0.8161,0.3571,0.6534,0.7372,3486.24,915.18,0.4704,sharp_chaotic
2064.28,0.9445,0.192,0.224,0.7484,3186.42,1150.52,0.8764,sharp_chaotic
672.43,0.2258,0.7128,0.7853,0.0909,239.06,813.78,1.1673,warm_soft
1394.27,0.81,0.2986,0.7553,0.6296,3057.71,2026.44,0.7926,sharp_chaotic
312.57,0.3954,0.7733,0.3911,0.1824,253.95,475.78,1.4733,deep_calm
1728.92,0.9052,0.1102,0.4543,0.6004,2882.24,1567.78,1.8704,sharp_chaotic
879.99,0.7559,0.1799,0.3906,0.4718,2431.38,1325.81,1.7159,bright_energetic
570.18,0.5113,0.01,0.3432,0.6472,2456.69,1034.86,0.8139,airy_ethereal
559.95,0.3807,0.8445,0.4261,0.2001,710.76,433.77,0.2861,warm_soft
113.08,0.1871,0.4832,0.1507,0.01,612.18,181.82,0.7804,deep_calm
1222.99,0.3223,0.1616,0.2732,0.8827,3188.84,1680.08,1.009,airy_ethereal
1371.99,0.5923,0.2425,0.4496,0.667,2346.94,969.68,0.0159,bright_energetic
253.85,0.527,0.8337,0.3155,0.0451,282.43,362.18,1.0956,deep_calm
1433.8,0.8364,0.0375,0.6285,0.8827,3621.91,922.19,0.1689,sharp_chaotic
2054.41,0.3997,0.183,0.4947,0.6027,3508.43,1878.47,1.1353,airy_ethereal
20.0,0.3678,0.6008,0.1735,0.1096,559.28,336.13,0.2922,deep_calm
1039.04,0.5621,0.1567,0.9043,0.3771,2831.97,808.14,0.8006,bright_energetic
175.51,0.5355,0.4175,0.2455,0.01,313.53,154.96,0.6862,deep_calm
154.14,0.4544,0.7145,0.1337,0.01,216.68,385.79,0.7802,deep_calm
1578.82,0.6535,0.2227,0.4181,0.8473,3557.73,1062.71,0.8962,sharp_chaotic
132.96,0.2981,0.99,0.4305,0.1497,302.24,364.85,1.2427,deep_calm
166.09,0.486,0.6197,0.4828,0.0248,375.99,224.74,1.4756,deep_calm
1430.43,0.3729,0.157,0.2155,0.6644,2698.23,1409.06,1.199,airy_ethereal
1324.47,0.9022,0.4428,0.6883,0.7763,3323.65,1469.16,0.6563,sharp_chaotic
912.57,0.6174,0.1469,0.7689,0.5496,2241.99,997.0,1.3035,bright_energetic
934.56,0.8207,0.251,0.6998,0.4098,1576.85,710.47,0.2619,bright_energetic
1061.13,0.99,0.1525,0.4854,0.8063,2946.4,573.93,0.0854,sharp_chaotic
359.76,0.5198,0.6619,0.33,0.2117,235.41,518.03,0.9281,deep_calm
314.45,0.2679,0.3772,0.4121,0.1523,811.86,420.6,0.568,warm_soft
1137.46,0.3838,0.0975,0.6554,0.812,2719.89,1456.94,1.571,airy_ethereal
1515.48,0.8881,0.4321,0.2819,0.91,4532.02,1664.15,0.3454,sharp_chaotic
1375.73,0.9331,0.3099,0.4838,0.7042,2361.08,2176.93,0.0959,sharp_chaotic
1682.77,0.8333,0.371,0.7191,0.7421,4155.33,1508.08,1.6059,sharp_chaotic
952.28,0.7214,0.3291,0.6346,0.721,2457.09,1372.75,0.4906,bright_energetic
1680.79,0.6876,0.335,0.137,0.7216,3162.24,1299.05,0.0566,sharp_chaotic
215.73,0.3804,0.743,0.2628,0.082,366.18,186.61,0.9825,deep_calm
350.78,0.5408,0.3604,0.6535,0.4226,673.28,452.77,1.6667,warm_soft
149.69,0.2591,0.7378,0.6351,0.1551,217.97,360.41,1.4864,deep_calm
305.44,0.5197,0.6502,0.4731,0.0572,863.08,372.14,1.3349,warm_soft
769.94,0.6994,0.0902,0.7794,0.4988,423.36,1090.6,1.2042,bright_energetic
930.17,0.6802,0.3308,0.5745,0.7754,2216.52,999.2,0.3028,bright_energetic
1514.03,0.7134,0.3194,0.5481,0.99,4106.87,1737.21,0.9796,sharp_chaotic
1253.32,0.99,0.01,0.4631,0.4562,2130.83,1236.09,0.4549,bright_energetic
343.38,0.1846,0.4436,0.4516,0.1503,651.09,242.75,0.6742,warm_soft
527.57,0.2936,0.1608,0.5782,0.7559,3397.66,1341.89,1.5683,airy_ethereal
888.17,0.3646,0.0528,0.515,0.8029,1298.45,1336.61,0.6939,airy_ethereal
1246.73,0.7807,0.5316,0.4496,0.8005,3949.38,1785.07,1.0941,sharp_chaotic
1307.4,0.8786,0.1377,0.6701,0.8112,4958.47,1014.69,1.8921,sharp_chaotic
1462.99,0.7458,0.3159,0.3856,0.9566,3386.16,1641.47,1.4878,sharp_chaotic
993.44,0.764,0.2238,0.7325,0.5522,1921.31,859.34,0.0985,bright_energetic
167.52,0.3207,0.4099,0.5246,0.1994,504.52,363.21,1.2126,warm_soft
118.05,0.276,0.958,0.4067,0.2264,373.0,394.52,1.7443,deep_calm
162.84,0.01,0.8877,0.2389,0.01,302.65,305.31,1.4975,deep_calm
1265.67,0.5059,0.2408,0.1379,0.9707,2384.21,1113.78,1.9307,airy_ethereal
1479.31,0.1232,0.0689,0.4026,0.4836,3722.3,1117.07,0.4172,airy_ethereal
1947.47,0.7751,0.0736,0.5177,0.99,1747.95,1444.69,0.3116,sharp_chaotic
960.81,0.7813,0.2772,0.4848,0.9085,2924.25,1612.1,1.3751,sharp_chaotic
300.37,0.4894,0.8409,0.3038,0.0792,210.34,169.72,1.2801,deep_calm
1290.16,0.7876,0.1315,0.7089,0.7591,1584.36,716.16,1.1499,bright_energetic
413.88,0.6959,0.3151,0.4231,0.01,743.07,20.0,0.8952,warm_soft
166.27,0.2951,0.6297,0.4502,0.1157,456.38,309.67,0.3348,deep_calm
952.08,0.6832,0.1329,0.5535,0.6918,3020.27,955.12,0.7984,sharp_chaotic
347.78,0.7143,0.1992,0.6162,0.5661,2568.97,838.02,0.135,bright_energetic
1090.81,0.7888,0.2104,0.5683,0.5481,2500.69,190.85,1.9493,bright_energetic
269.4,0.454,0.5266,0.6771,0.1959,985.67,344.15,0.1561,warm_soft
189.87,0.4445,0.9723,0.3355,0.1719,620.04,196.76,0.0962,deep_calm
1141.67,0.3882,0.0199,0.5711,0.4414,2811.89,1223.35,1.2857,airy_ethereal
219.83,0.268,0.6292,0.5341,0.0125,655.16,236.24,1.5261,deep_calm
1193.52,0.8192,0.2396,0.5227,0.7976,3462.02,1662.07,1.9554,sharp_chaotic
953.14,0.1231,0.1453,0.4851,0.3366,2318.3,1162.12,1.1469,airy_ethereal
954.72,0.2934,0.1133,0.65,0.7243,2644.37,1615.02,0.0768,airy_ethereal
321.61,0.4343,0.5365,0.7203,0.0235,776.77,378.56,0.2852,warm_soft
1205.71,0.8948,0.2478,0.4623,0.7319,2590.54,1176.89,1.9158,sharp_chaotic
1241.71,0.99,0.3275,0.336,0.9747,3664.56,1001.2,0.0846,sharp_chaotic
150.51,0.5415,0.4786,0.4293,0.1481,481.71,49.97,1.7926,deep_calm
305.89,0.3251,0.497,0.4922,0.1765,1196.65,425.71,0.9629,warm_soft
1761.44,0.8416,0.4318,0.0954,0.7286,4410.0,1991.02,0.8714,sharp_chaotic
183.61,0.2108,0.5232,0.4377,0.1573,1073.11,499.16,0.7706,warm_soft
269.75,0.7315,0.3303,0.58,0.384,1347.71,1265.17,1.343,bright_energetic
564.43,0.3565,0.5613,0.6013,0.1247,1174.27,465.99,1.4928,warm_soft
922.32,0.8649,0.1744,0.6202,0.631,1423.9,459.05,0.2111,bright_energetic
337.96,0.3819,0.5436,0.5091,0.4302,1114.52,368.81,1.0095,warm_soft
243.19,0.5069,0.5488,0.6987,0.1314,988.64,680.13,1.4545,warm_soft
1138.02,0.6275,0.1668,0.4485,0.5491,2812.83,823.24,1.6588,bright_energetic
1014.27,0.8903,0.2143,0.6925,0.5156,1690.31,868.09,0.9767,bright_energetic
1433.4,0.409,0.0864,0.465,0.8776,1235.63,1717.32,1.5664,airy_ethereal
237.9,0.4344,0.8809,0.0643,0.0925,480.6,328.69,0.5602,deep_calm
311.51,0.1831,0.7924,0.2225,0.01,50.0,68.27,1.2477,deep_calm
1185.13,0.6761,0.2079,0.5079,0.7283,2816.05,2019.28,1.9284,sharp_chaotic
153.95,0.4581,0.5081,0.8435,0.3972,738.44,237.83,0.4492,warm_soft
981.85,0.5231,0.3021,0.7464,0.6266,2087.1,1262.55,0.8925,bright_energetic
1977.19,0.9056,0.3566,0.4228,0.5926,4286.77,1884.52,1.4554,sharp_chaotic
1738.6,0.8289,0.3315,0.3112,0.6783,3516.3,1013.78,0.7877,sharp_chaotic
193.49,0.3965,0.7507,0.1672,0.1824,929.46,328.85,1.519,deep_calm
1264.9,0.5604,0.2147,0.4828,0.428,2249.87,1259.33,0.0085,airy_ethereal
141.18,0.2845,0.8595,0.1434,0.2297,113.21,333.71,1.7696,deep_calm
941.97,0.6967,0.3938,0.6704,0.5879,1020.75,657.8,0.9405,bright_energetic
251.54,0.5184,0.6833,0.3145,0.2799,553.5,209.83,0.8495,deep_calm
662.39,0.5285,0.2022,0.3702,0.9007,1911.75,1002.74,1.0934,airy_ethereal
820.66,0.9123,0.3265,0.9763,0.7318,3457.43,955.68,0.2579,sharp_chaotic
229.36,0.2215,0.9841,0.2678,0.1204,233.71,289.46,0.3204,deep_calm
240.15,0.2683,0.9249,0.4265,0.1807,50.97,416.75,1.92,deep_calm
340.93,0.99,0.247,0.4308,0.6476,3690.61,1807.56,1.8439,sharp_chaotic
843.91,0.4928,0.0395,0.32,0.6802,2322.96,1441.71,1.3256,airy_ethereal
300.83,0.2654,0.391,0.7512,0.2801,335.1,302.59,1.865,warm_soft
442.25,0.3201,0.8021,0.2184,0.0437,651.61,136.04,1.1347,deep_calm
889.99,0.4364,0.0723,0.2175,0.442,2212.28,968.73,0.7142,airy_ethereal
1312.72,0.1293,0.1201,0.6502,0.6986,2641.25,793.62,0.6693,airy_ethereal
359.71,0.4238,0.3966,0.4108,0.2448,1061.0,321.91,1.364,warm_soft
736.95,0.5214,0.01,0.5074,0.4809,1850.13,970.14,0.068,airy_ethereal
272.72,0.4549,0.7939,0.0527,0.3767,255.3,88.8,1.208,deep_calm
1209.49,0.7657,0.3778,0.3721,0.7084,3200.95,1403.23,1.6569,sharp_chaotic
499.46,0.99,0.3408,0.5699,0.4949,1124.2,1040.42,0.7632,bright_energetic
287.09,0.372,0.5142,0.7607,0.306,726.92,576.53,1.2988,warm_soft
1297.9,0.4299,0.01,0.3644,0.7241,2364.27,1116.09,0.282,bright_energetic
20.0,0.6018,0.99,0.1983,0.1625,378.59,155.63,1.3511,deep_calm
1024.06,0.5673,0.01,0.7839,0.4711,2434.61,858.8,0.7124,bright_energetic
1167.11,0.6116,0.1244,0.6344,0.6296,1479.63,1149.31,0.2919,bright_energetic
685.68,0.4046,0.0627,0.4529,0.99,2191.93,1184.89,0.296,airy_ethereal
64.7,0.0907,0.6569,0.4461,0.143,50.0,400.58,0.9981,deep_calm
861.02,0.6972,0.2542,0.99,0.417,1366.65,644.41,1.2686,bright_energetic
536.35,0.5752,0.5387,0.4829,0.1154,431.57,622.38,1.8661,warm_soft
1836.24,0.2603,0.14,0.58,0.5567,1991.68,1560.6,0.743,airy_ethereal
168.2,0.2791,0.6998,0.3956,0.1122,506.27,20.0,1.8565,deep_calm
381.74,0.7961,0.0138,0.7542,0.6027,2282.74,1020.48,0.6487,bright_energetic
1190.75,0.1373,0.057,0.3143,0.6053,2293.31,1591.96,1.112,airy_ethereal
260.8,0.4349,0.5874,0.1882,0.01,345.5,247.28,0.6975,deep_calm
961.01,0.5445,0.1819,0.5613,0.5585,1366.0,1043.84,0.9913,bright_energetic
336.95,0.4754,0.7103,0.2182,0.1208,334.14,296.12,0.4389,deep_calm
346.75,0.392,0.1794,0.2719,0.5885,2312.62,1867.17,1.7875,airy_ethereal
1263.0,0.7917,0.3564,0.5877,0.9785,3324.94,1467.23,1.8559,sharp_chaotic
525.47,0.8237,0.1037,0.7608,0.4916,2404.77,815.1,1.046,bright_energetic
1184.5,0.7582,0.2351,0.811,0.9407,2235.4,386.02,1.7757,bright_energetic
172.36,0.3003,0.6409,0.2492,0.2244,576.65,239.82,1.6291,deep_calm
938.64,0.5145,0.235,0.4599,0.408,2124.71,249.63,0.6761,bright_energetic
211.39,0.5282,0.906,0.2671,0.2341,399.94,76.47,1.2731,deep_calm
1700.75,0.1712,0.2555,0.2034,0.7364,2469.01,1435.88,0.5955,airy_ethereal
212.8,0.7588,0.386,0.6346,0.5058,2574.8,306.25,1.7254,bright_energetic
76.3,0.5416,0.6387,0.4242,0.1659,666.31,371.23,0.1725,deep_calm
517.93,0.3318,0.2466,0.3614,0.6664,2563.51,634.82,1.9152,airy_ethereal
529.83,0.4084,0.4444,0.6213,0.1586,1116.42,99.2,0.3535,warm_soft
105.03,0.3773,0.6918,0.5087,0.2649,195.65,405.8,0.3216,deep_calm
382.71,0.2347,0.4197,0.2496,0.3454,1232.12,643.37,1.3543,warm_soft
1607.64,0.99,0.5095,0.5835,0.7148,2433.26,1202.6,0.2744,sharp_chaotic
1291.61,0.99,0.01,0.99,0.8544,2306.46,1132.45,1.7416,sharp_chaotic
1179.48,0.2512,0.1718,0.2815,0.8496,2858.43,1106.93,1.3376,airy_ethereal
704.26,0.3116,0.2071,0.5065,0.7145,3249.98,1885.91,1.2822,airy_ethereal
520.12,0.7742,0.1781,0.8677,0.8536,1761.44,1311.51,0.1086,bright_energetic
282.04,0.3012,0.4007,0.65,0.1908,1167.53,381.18,0.5167,warm_soft
566.46,0.0656,0.1329,0.3394,0.8892,2796.74,1297.16,1.3241,airy_ethereal
254.14,0.2361,0.6557,0.5258,0.1528,460.67,266.17,0.3655,deep_calm
1971.88,0.7992,0.3071,0.7095,0.99,3859.43,1528.97,0.5923,sharp_chaotic
98.31,0.5486,0.4066,0.6581,0.1438,793.81,603.01,1.9347,warm_soft
692.92,0.01,0.0515,0.189,0.7102,1218.06,676.36,1.4888,airy_ethereal
504.5,0.5123,0.5666,0.5437,0.1876,50.0,437.61,1.2631,warm_soft
145.51,0.274,0.7811,0.2313,0.0749,95.85,170.58,1.2005,deep_calm
1395.58,0.8522,0.4129,0.4192,0.5829,3144.25,1524.74,1.0604,sharp_chaotic
1498.54,0.5119,0.1821,0.2866,0.6941,2275.06,996.08,0.3116,airy_ethereal
1315.62,0.6346,0.0992,0.7646,0.5325,2061.94,1130.68,1.5273,bright_energetic
1399.76,0.4074,0.1856,0.128,0.5309,2889.65,1505.03,1.7666,airy_ethereal
568.62,0.7128,0.1985,0.7651,0.8373,1700.1,942.07,0.0601,bright_energetic
947.17,0.4972,0.2494,0.6601,0.4809,2438.45,1140.96,0.4149,airy_ethereal
353.56,0.4255,0.4953,0.6732,0.4219,1060.84,408.01,0.2242,warm_soft
891.5,0.5337,0.01,0.2143,0.9062,1605.49,865.23,1.0075,airy_ethereal
534.78,0.5032,0.43,0.558,0.2926,1009.75,559.05,0.2697,warm_soft
1411.81,0.7252,0.1016,0.6729,0.532,932.8,1144.96,0.9191,bright_energetic
566.73,0.1321,0.1491,0.5093,0.8693,2997.45,1391.73,0.3611,airy_ethereal
2035.99,0.7638,0.2934,0.6783,0.7399,1520.74,1798.79,0.2635,sharp_chaotic
1197.34,0.6446,0.3697,0.785,0.4696,2070.06,965.14,0.3248,bright_energetic
1473.76,0.3131,0.1232,0.526,0.4636,2304.59,739.92,0.4137,airy_ethereal
111.4,0.5776,0.6562,0.7506,0.0992,694.23,531.54,1.2728,warm_soft
460.35,0.4236,0.218,0.4694,0.4774,1638.84,1031.74,0.9339,airy_ethereal
1521.61,0.7358,0.0932,0.5926,0.7412,2788.35,1672.36,1.8602,sharp_chaotic
658.64,0.3716,0.0622,0.3161,0.5632,2288.74,1678.98,0.7323,airy_ethereal
1118.4,0.9319,0.2048,0.9314,0.527,1551.6,924.97,0.8728,bright_energetic
1097.18,0.99,0.3145,0.3633,0.3576,2299.53,762.74,1.5748,bright_energetic
539.65,0.5987,0.6105,0.473,0.1931,463.11,673.59,1.6341,warm_soft
1499.78,0.666,0.1472,0.4241,0.7216,2880.37,1241.33,0.7011,sharp_chaotic
1473.94,0.7903,0.2736,0.7099,0.6372,3590.55,1521.52,0.7438,sharp_chaotic
198.21,0.4522,0.8273,0.1997,0.2013,101.63,411.91,0.1131,deep_calm
452.69,0.6096,0.6003,0.6402,0.1969,617.58,597.83,1.0524,warm_soft
544.9,0.4858,0.3012,0.7595,0.6273,1991.81,797.53,0.516,bright_energetic
266.64,0.437,0.566,0.3125,0.1756,449.24,219.94,1.4991,deep_calm
1481.45,0.0473,0.1653,0.2626,0.5276,3083.92,1204.95,1.3767,airy_ethereal
1335.45,0.6245,0.3162,0.3581,0.9777,3735.35,1791.12,0.8938,sharp_chaotic
304.81,0.5645,0.4694,0.7656,0.01,533.99,253.61,1.4951,warm_soft
1589.95,0.8809,0.1438,0.736,0.6475,3869.66,1806.23,1.1915,sharp_chaotic
918.99,0.2827,0.1597,0.0776,0.8334,2239.28,1464.66,0.5385,airy_ethereal
1480.53,0.7646,0.3685,0.9589,0.6195,2466.1,1193.68,0.8406,bright_energetic
240.36,0.5469,0.4388,0.6073,0.222,341.87,321.14,1.818,warm_soft
597.96,0.2856,0.0819,0.247,0.8609,2241.49,1050.87,0.9712,airy_ethereal
163.84,0.5568,0.99,0.4813,0.1147,378.4,247.03,0.9549,deep_calm
536.24,0.8522,0.1942,0.4241,0.5932,2120.06,988.13,1.7777,bright_energetic
255.63,0.01,0.8377,0.2615,0.079,613.28,172.34,1.4313,deep_calm
64.99,0.3466,0.7105,0.4218,0.0843,751.23,235.4,0.4747,deep_calm
426.7,0.5681,0.2772,0.3489,0.5044,1310.51,1381.66,0.7778,bright_energetic
1064.51,0.8418,0.2216,0.5777,0.7913,2300.18,853.57,0.2816,bright_energetic
1640.59,0.8628,0.2596,0.6846,0.8424,2861.68,1855.96,1.6554,sharp_chaotic
357.62,0.4253,0.3428,0.4943,0.1902,666.44,279.25,0.5855,warm_soft
731.13,0.478,0.4475,0.4847,0.1713,1071.4,529.1,1.2616,warm_soft
106.02,0.5294,0.4825,0.5113,0.0273,667.54,638.01,1.2767,warm_soft
951.72,0.3957,0.0521,0.499,0.688,2499.13,1024.45,0.7266,airy_ethereal
919.17,0.5036,0.152,0.1324,0.5648,2318.23,688.38,1.2545,airy_ethereal
682.07,0.3355,0.1998,0.4184,0.7377,2970.39,1425.46,1.5968,airy_ethereal
873.27,0.99,0.01,0.7862,0.5403,1203.12,1030.6,0.4404,bright_energetic
91.34,0.7045,0.8996,0.4367,0.2726,313.88,288.52,0.1701,deep_calm
728.8,0.9538,0.433,0.4119,0.7799,4122.17,1382.65,1.8469,sharp_chaotic
1890.21,0.2009,0.01,0.6474,0.7282,1658.38,1598.48,0.2897,airy_ethereal
399.38,0.7197,0.4539,0.3557,0.1356,1400.79,465.64,0.8132,warm_soft
129.64,0.4935,0.5641,0.4709,0.2281,168.98,192.37,0.9491,deep_calm
263.84,0.1922,0.7462,0.4002,0.0872,357.7,207.12,1.937,deep_calm
983.26,0.7679,0.2558,0.5652,0.6605,1732.7,462.71,0.7482,bright_energetic
652.22,0.6197,0.0962,0.6018,0.7935,3629.28,553.86,1.0923,airy_ethereal
373.64,0.8194,0.5606,0.6805,0.1506,566.76,608.11,1.3181,warm_soft
658.54,0.7157,0.1873,0.4038,0.5944,2701.86,2202.53,1.4014,sharp_chaotic
246.38,0.4555,0.783,0.1784,0.1346,556.5,245.77,0.0709,deep_calm
507.81,0.5825,0.1697,0.6,0.8857,1620.79,1009.64,1.9592,bright_energetic
692.87,0.4632,0.1429,0.4725,0.6475,1901.11,1597.27,0.3225,airy_ethereal
622.08,0.4677,0.088,0.4803,0.5727,2178.91,753.46,1.5661,airy_ethereal
395.9,0.4739,0.6678,0.5573,0.0546,865.49,564.04,1.2369,warm_soft
1487.24,0.5741,0.1586,0.3894,0.5354,2036.6,1277.77,1.3939,airy_ethereal
1527.36,0.2921,0.1237,0.2637,0.5556,2806.47,953.14,0.1661,airy_ethereal
411.71,0.6885,0.3767,0.4526,0.3023,1170.88,598.55,1.8156,warm_soft
29.28,0.1691,0.6636,0.2569,0.1138,111.97,20.0,0.3322,deep_calm
1437.51,0.8066,0.3877,0.5302,0.5179,1991.46,1203.71,1.5039,bright_energetic
160.1,0.4825,0.4615,0.628,0.0899,902.93,484.35,0.924,warm_soft
363.25,0.4379,0.6059,0.2819,0.1043,420.53,416.29,1.8965,warm_soft
1375.97,0.0774,0.1589,0.2546,0.7706,2704.94,1351.43,1.1814,airy_ethereal
993.6,0.2587,0.1251,0.6225,0.7366,2523.15,697.87,0.6437,airy_ethereal
270.43,0.4454,0.2209,0.6508,0.305,827.29,636.77,1.1821,warm_soft
846.06,0.7855,0.1672,0.7487,0.6405,2149.73,626.97,1.5137,bright_energetic
341.08,0.5798,0.4686,0.6416,0.3281,665.47,593.73,1.5571,warm_soft
1762.74,0.3768,0.2041,0.6156,0.5552,1765.63,1703.9,1.6084,airy_ethereal
1079.11,0.8674,0.2284,0.6182,0.6389,2026.48,961.16,1.2549,bright_energetic
335.91,0.3685,0.7053,0.0854,0.1687,64.02,167.23,0.8626,deep_calm
1062.95,0.3918,0.2816,0.5018,0.7389,2026.8,711.84,1.4316,airy_ethereal
690.64,0.6647,0.2328,0.7485,0.573,2466.25,545.47,0.4843,bright_energetic
650.9,0.9119,0.366,0.6205,0.4354,2315.65,610.37,1.5985,bright_energetic
264.2,0.4074,0.5626,0.0506,0.2369,144.68,373.87,0.6284,deep_calm
175.62,0.4473,0.6033,0.01,0.01,50.0,227.23,1.646,deep_calm
365.33,0.3881,0.3635,0.5185,0.1104,507.41,614.82,0.6181,warm_soft
295.96,0.3619,0.5464,0.2795,0.0271,819.87,249.85,1.0209,deep_calm
127.36,0.4243,0.6793,0.5955,0.0683,126.88,336.09,0.1648,deep_calm
85.24,0.4198,0.6971,0.598,0.0547,636.12,172.82,0.7371,deep_calm
114.06,0.55,0.3585,0.3057,0.4746,778.6,370.16,1.4131,warm_soft
619.24,0.3504,0.4615,0.43,0.1549,755.82,311.28,1.2437,warm_soft
503.82,0.1732,0.0959,0.8573,0.3525,626.59,249.79,1.7607,warm_soft
1530.81,0.0521,0.1635,0.3084,0.5043,667.64,1312.5,0.1725,airy_ethereal
428.56,0.4624,0.1435,0.5822,0.01,603.49,691.84,1.5567,warm_soft
171.6,0.2431,0.7536,0.1474,0.26,231.32,20.0,0.4948,deep_calm
421.75,0.5017,0.375,0.6748,0.2346,701.47,495.13,0.0453,warm_soft
1342.89,0.3216,0.1207,0.2719,0.6394,1163.77,1221.16,0.9187,airy_ethereal
1136.3,0.7197,0.4685,0.2169,0.7416,3233.48,1952.76,0.2029,sharp_chaotic
957.05,0.5598,0.2868,0.6072,0.3257,1877.29,576.64,1.8393,bright_energetic
1518.2,0.1549,0.214,0.4518,0.8145,1637.86,1093.5,1.0971,airy_ethereal
426.49,0.6398,0.7138,0.6581,0.1883,501.0,447.43,1.0715,warm_soft
60.62,0.6622,0.8271,0.2404,0.0183,346.82,150.6,1.7269,deep_calm
265.46,0.7206,0.6977,0.4747,0.0706,772.54,611.48,0.7846,warm_soft
1198.45,0.9146,0.379,0.6144,0.6091,4232.87,920.17,1.4202,sharp_chaotic
1225.29,0.9397,0.2364,0.5761,0.767,3636.83,1930.84,0.0353,sharp_chaotic
1123.84,0.869,0.0981,0.4231,0.3889,2178.36,878.76,0.5749,bright_energetic
449.98,0.4273,0.4909,0.7052,0.2556,733.29,621.91,1.2003,warm_soft
877.61,0.7675,0.2491,0.6168,0.5331,3274.11,981.94,1.3603,sharp_chaotic
1653.39,0.6381,0.0813,0.2873,0.72,3554.74,1216.83,0.9455,sharp_chaotic
253.51,0.4515,0.6594,0.4631,0.1736,482.31,190.41,0.2046,deep_calm
297.54,0.5216,0.5912,0.3288,0.1669,103.56,251.67,0.4622,deep_calm
1957.99,0.9374,0.2901,0.471,0.7983,3482.9,2158.28,1.2101,sharp_chaotic
161.28,0.4801,0.2791,0.6072,0.3106,360.36,611.86,1.1939,warm_soft
1330.46,0.881,0.2621,0.6589,0.5886,2136.13,819.63,1.1758,bright_energetic
287.2,0.2953,0.4895,0.1108,0.1878,558.35,20.0,0.0494,deep_calm
170.69,0.375,0.4717,0.1856,0.2824,168.5,240.12,0.7872,deep_calm
1697.13,0.8473,0.0437,0.5946,0.8589,4331.66,1666.69,1.5363,sharp_chaotic
298.33,0.3552,0.5839,0.2419,0.21,240.34,192.96,1.4542,deep_calm
1291.99,0.5111,0.0427,0.456,0.6474,1997.8,1302.16,0.3249,airy_ethereal
1297.08,0.4264,0.0587,0.3953,0.4354,2511.38,1337.63,0.6464,airy_ethereal
1963.73,0.8,0.2968,0.5274,0.7333,3944.65,1180.07,1.1612,sharp_chaotic
1257.59,0.3169,0.0657,0.4068,0.7265,2726.84,1080.87,1.3654,airy_ethereal
115.06,0.3653,0.8098,0.2823,0.0817,330.92,283.29,0.6086,deep_calm
552.83,0.2143,0.4327,0.6833,0.2711,720.39,359.66,1.7989,warm_soft
533.88,0.4078,0.1411,0.3159,0.5061,2374.0,1585.81,1.2585,airy_ethereal
907.97,0.4448,0.2309,0.3841,0.6304,2619.22,1045.8,0.6255,airy_ethereal
1122.43,0.3443,0.072,0.3711,0.5825,3367.79,1418.35,0.996,airy_ethereal
201.4,0.4626,0.9419,0.3669,0.16,290.33,455.5,0.3901,deep_calm
544.52,0.4591,0.6168,0.6392,0.1656,1156.77,237.79,1.0593,warm_soft
159.85,0.3196,0.631,0.4046,0.0579,476.88,285.72,1.7517,deep_calm
1479.33,0.4971,0.1372,0.4678,0.8175,2412.75,992.85,0.9807,airy_ethereal
145.64,0.4614,0.7153,0.2217,0.0977,66.83,265.13,0.0639,deep_calm
838.2,0.7542,0.0394,0.7666,0.5451,1480.36,877.04,0.7454,bright_energetic
105.0,0.196,0.8023,0.4183,0.1923,525.13,368.17,0.7173,deep_calm
806.53,0.3218,0.1584,0.5002,0.8803,1103.96,216.65,1.3753,airy_ethereal
230.09,0.2633,0.8181,0.4691,0.1437,166.77,282.35,0.9231,deep_calm
1087.65,0.2684,0.01,0.3213,0.5361,2624.85,929.13,1.7998,airy_ethereal
949.1,0.9422,0.0372,0.6803,0.7554,4336.93,1570.3,0.5648,sharp_chaotic
553.14,0.788,0.2513,0.902,0.8785,1863.25,1059.29,0.9422,bright_energetic
1057.24,0.3062,0.1907,0.2919,0.5252,2291.49,2444.79,0.6446,airy_ethereal
875.16,0.8037,0.0575,0.6678,0.6503,2003.14,1044.05,1.5641,bright_energetic
346.3,0.2602,0.8495,0.2452,0.104,439.66,335.53,0.4187,deep_calm
160.06,0.2842,0.5518,0.3237,0.1337,457.75,124.59,1.1427,deep_calm
2403.38,0.8288,0.2276,0.5199,0.9087,3488.51,926.3,1.7984,sharp_chaotic
1675.91,0.8667,0.163,0.3779,0.6964,2699.0,1049.14,1.9755,bright_energetic
317.9,0.6153,0.2565,0.6989,0.6476,2221.05,1130.42,0.0055,bright_energetic
257.82,0.6532,0.2826,0.4873,0.3022,803.28,369.31,1.9049,warm_soft
250.75,0.5856,0.3656,0.5991,0.2509,820.88,497.75,1.4628,warm_soft
1826.72,0.8032,0.053,0.6461,0.7915,2766.21,1567.7,0.3827,sharp_chaotic
384.19,0.7037,0.5049,0.3559,0.1573,751.91,498.83,1.7693,warm_soft
131.28,0.2728,0.0335,0.2612,0.7303,3319.37,770.9,1.3146,airy_ethereal
1022.43,0.7898,0.2537,0.7507,0.3465,2564.91,928.23,0.1045,bright_energetic
254.52,0.1145,0.7016,0.01,0.2517,812.9,375.25,1.4947,deep_calm
1203.28,0.7319,0.3275,0.4011,0.6131,2575.58,839.88,1.2187,bright_energetic
263.63,0.335,0.4722,0.6265,0.1105,1287.88,388.43,1.2868,warm_soft
1490.88,0.41,0.2401,0.3219,0.5289,4050.69,1562.44,1.5722,airy_ethereal
1329.48,0.8815,0.327,0.6756,0.9642,3564.62,1071.14,0.8024,sharp_chaotic
1869.63,0.8303,0.2748,0.5,0.7081,3906.63,1339.93,0.1762,sharp_chaotic
1904.92,0.877,0.177,0.9205,0.933,4456.91,1460.32,0.8591,sharp_chaotic
991.7,0.8254,0.2498,0.7356,0.3814,1855.72,712.92,0.1754,bright_energetic
1060.26,0.8094,0.4663,0.6538,0.7616,4350.59,1720.94,0.2398,sharp_chaotic
1164.36,0.7326,0.1675,0.432,0.6167,3537.51,1491.38,0.4112,sharp_chaotic
442.21,0.4114,0.0931,0.5713,0.344,2348.1,1723.03,1.2046,airy_ethereal
604.98,0.6108,0.1311,0.4687,0.6666,2840.56,1105.13,0.2568,bright_energetic
140.81,0.0689,0.6588,0.2267,0.1846,264.84,121.51,0.1591,deep_calm
1447.01,0.8965,0.2951,0.2018,0.8707,2385.15,1005.77,1.1268,sharp_chaotic
851.86,0.7181,0.1985,0.5636,0.4731,1952.08,1067.32,0.9962,bright_energetic
799.28,0.8265,0.2546,0.6277,0.4829,1673.69,1034.2,0.4238,bright_energetic
424.81,0.6115,0.2515,0.6649,0.2633,1150.29,324.45,0.1783,warm_soft
38.52,0.5178,0.6024,0.3827,0.1584,416.85,204.81,0.5625,deep_calm
798.37,0.3924,0.01,0.3532,0.6218,1680.44,1012.14,1.2263,airy_ethereal
953.12,0.565,0.0316,0.6654,0.9107,2359.85,853.71,1.4689,bright_energetic
857.48,0.2477,0.01,0.551,0.7281,2144.54,1499.64,1.6496,airy_ethereal
1576.66,0.6248,0.01,0.8965,0.5637,2020.44,794.19,0.8748,bright_energetic
1414.99,0.8523,0.27,0.7185,0.9034,2331.67,1334.78,1.97,sharp_chaotic
1149.01,0.3614,0.1749,0.4218,0.6205,2291.48,1160.59,1.1751,airy_ethereal
1331.81,0.7881,0.1674,0.3464,0.7666,3520.78,1025.2,0.7468,sharp_chaotic
37.66,0.4272,0.6983,0.2728,0.1202,441.64,350.92,1.9395,deep_calm
503.99,0.4907,0.6232,0.685,0.158,619.04,505.42,0.0841,warm_soft
886.58,0.8251,0.01,0.2013,0.5503,2584.3,2095.1,1.6738,sharp_chaotic
89.29,0.153,0.6776,0.1825,0.1509,555.4,345.02,1.0945,deep_calm
20.0,0.7313,0.01,0.8076,0.5531,2741.66,1004.96,0.8295,bright_energetic
398.71,0.5385,0.424,0.4734,0.21,975.64,345.2,1.1342,warm_soft
871.56,0.937,0.1445,0.5532,0.7599,3308.93,1419.82,0.9636,sharp_chaotic
225.02,0.5743,0.3566,0.6467,0.3087,531.87,508.16,1.5756,warm_soft
1098.69,0.676,0.01,0.6836,0.8268,4140.05,1952.34,1.4574,sharp_chaotic
223.83,0.3851,0.7051,0.3148,0.0921,50.0,325.28,1.012,deep_calm
360.95,0.6294,0.1079,0.7161,0.5819,2037.8,1125.51,1.7371,bright_energetic
476.92,0.3177,0.5722,0.4341,0.2529,583.07,273.02,1.6167,warm_soft
584.38,0.3978,0.1449,0.3078,0.7865,3320.51,856.03,1.6767,airy_ethereal
2012.16,0.8302,0.0528,0.4292,0.7477,2813.7,686.01,1.9294,sharp_chaotic
414.44,0.6251,0.5399,0.6585,0.266,1383.18,450.32,1.6408,warm_soft
152.22,0.1751,0.6339,0.3518,0.1282,149.34,358.16,1.9402,deep_calm
1003.54,0.9733,0.2218,0.6988,0.511,1842.46,459.93,1.2149,bright_energetic
1027.97,0.99,0.0424,0.72,0.6531,2398.94,561.96,1.3384,bright_energetic
603.59,0.6735,0.098,0.8436,0.4445,1306.45,883.47,1.4948,bright_energetic
749.57,0.4761,0.3092,0.4895,0.0631,1161.72,464.31,0.6358,warm_soft
729.19,0.7496,0.1455,0.615,0.4961,2148.2,1027.93,1.3305,bright_energetic
822.07,0.535,0.01,0.607,0.4342,1558.97,717.64,1.493,bright_energetic
1221.67,0.3407,0.1684,0.3697,0.7071,2686.15,1701.78,1.4297,airy_ethereal
124.74,0.4178,0.7692,0.5035,0.0993,426.54,316.06,1.3747,deep_calm
1239.75,0.3624,0.1256,0.2472,0.5082,3123.3,1318.21,1.4729,airy_ethereal
1105.84,0.7394,0.01,0.6414,0.5052,1762.43,731.28,1.4214,bright_energetic
1152.24,0.5916,0.0409,0.5705,0.7092,910.22,1004.14,0.4113,bright_energetic
1739.65,0.3885,0.01,0.4086,0.7725,3905.48,1704.77,1.1711,airy_ethereal
772.91,0.4898,0.5073,0.6041,0.1742,875.32,468.44,1.4994,warm_soft
751.0,0.2775,0.0797,0.3828,0.6404,2908.02,1426.93,1.5417,airy_ethereal
470.85,0.7962,0.4855,0.6108,0.2219,925.02,410.15,0.9799,warm_soft
487.18,0.692,0.5206,0.6273,0.1055,444.63,242.13,1.277,warm_soft
1760.24,0.2684,0.1988,0.2035,0.53,2797.14,1194.84,1.7874,airy_ethereal
995.01,0.8654,0.2587,0.3371,0.935,3769.57,2323.37,1.8812,sharp_chaotic
175.81,0.3226,0.6136,0.1738,0.1618,532.86,425.47,0.7297,deep_calm
271.12,0.4485,0.3244,0.8072,0.2653,1540.75,641.38,1.5569,warm_soft
1186.86,0.968,0.4715,0.8489,0.8264,3359.57,1301.35,1.2101,sharp_chaotic
201.1,0.248,0.803,0.1812,0.0682,495.94,233.55,0.7505,deep_calm
157.09,0.3007,0.5567,0.3191,0.2476,342.52,364.83,1.3039,deep_calm
803.19,0.99,0.1977,0.5343,0.8101,3620.65,811.55,0.1769,sharp_chaotic
559.85,0.621,0.4338,0.3732,0.5393,1677.24,627.45,0.9011,bright_energetic
1005.02,0.5089,0.1193,0.3068,0.5873,2113.72,1226.64,0.3437,airy_ethereal
643.94,0.8503,0.5058,0.3904,0.2299,935.56,434.7,1.7801,warm_soft
212.71,0.5547,0.99,0.1779,0.1994,293.49,301.6,1.5073,deep_calm
783.5,0.6456,0.1297,0.4699,0.6001,2132.45,796.68,1.0624,bright_energetic
288.4,0.4632,0.3336,0.3761,0.3232,989.86,662.16,1.6352,warm_soft
174.74,0.3882,0.763,0.4212,0.0989,475.8,413.24,1.2418,deep_calm
1338.71,0.3597,0.2352,0.279,0.9339,3204.8,855.3,0.9836,airy_ethereal
1027.46,0.3388,0.1197,0.4597,0.6777,2875.38,1632.06,1.5006,airy_ethereal
1102.05,0.7243,0.3518,0.6164,0.7141,2530.57,985.06,1.3455,sharp_chaotic
1463.63,0.854,0.1703,0.6643,0.6948,3501.44,1311.51,0.4036,sharp_chaotic
282.03,0.3096,0.778,0.3929,0.1247,346.7,317.55,1.9764,deep_calm
343.89,0.4619,0.4764,0.7005,0.0831,846.09,612.46,0.4088,warm_soft
1023.82,0.6609,0.3374,0.3401,0.7621,2257.78,1191.27,0.8025,sharp_chaotic
1631.93,0.9683,0.1574,0.8064,0.7243,2314.56,1948.62,0.9652,sharp_chaotic
699.45,0.2641,0.0528,0.585,0.2423,2732.69,1364.63,0.3712,airy_ethereal
768.94,0.7185,0.2341,0.522,0.6022,1866.32,941.07,1.1148,bright_energetic
1388.72,0.3342,0.1438,0.2632,0.7573,1902.74,1334.96,1.7125,airy_ethereal
1386.2,0.3804,0.149,0.1449,0.5289,1543.48,1141.08,0.081,airy_ethereal
1309.79,0.5352,0.265,0.4613,0.466,3115.53,1549.05,0.5058,airy_ethereal
490.56,0.8747,0.2926,0.5435,0.7513,3404.12,1294.96,1.5749,bright_energetic
1418.32,0.3897,0.1465,0.3128,0.6189,2900.24,1240.06,0.9872,airy_ethereal
1308.4,0.7936,0.2621,0.4701,0.5556,1377.08,784.35,0.1829,bright_energetic
1331.33,0.4995,0.1114,0.3732,0.7112,3006.53,1609.79,0.3968,airy_ethereal
416.55,0.5637,0.3241,0.5307,0.2412,936.67,501.98,1.5538,warm_soft
313.45,0.4757,0.5118,0.4187,0.0564,573.32,582.56,0.5931,warm_soft
1002.8,0.7664,0.4868,0.5478,0.7535,1857.35,735.73,1.4137,bright_energetic
1500.57,0.7854,0.3238,0.5521,0.8032,2739.3,2060.96,1.5908,sharp_chaotic
513.08,0.3656,0.2649,0.4302,0.1789,765.81,467.98,0.7241,warm_soft
203.31,0.4511,0.4051,0.4498,0.2056,1001.25,339.15,1.8257,warm_soft
1951.6,0.99,0.2861,0.6729,0.8016,3194.5,2015.97,1.6274,sharp_chaotic
1452.28,0.8327,0.2365,0.4625,0.8192,3707.73,1596.52,0.52,sharp_chaotic
277.68,0.2751,0.6137,0.576,0.1584,530.84,289.62,1.1999,deep_calm
1441.73,0.4619,0.0665,0.5983,0.6626,2545.07,1216.09,0.0749,airy_ethereal
240.31,0.2861,0.8123,0.1425,0.0431,50.0,125.17,1.3899,deep_calm
840.77,0.7925,0.1073,0.3841,0.7249,2096.54,522.52,1.1136,bright_energetic
1862.04,0.7232,0.01,0.1274,0.99,3357.7,1581.94,1.501,sharp_chaotic
354.98,0.4728,0.1817,0.6338,0.2524,790.15,332.33,1.1337,warm_soft
148.31,0.4234,0.8674,0.5429,0.068,454.89,273.69,1.0173,deep_calm
158.36,0.3578,0.8598,0.1652,0.1077,315.91,163.16,1.6924,deep_calm
656.25,0.1615,0.01,0.4979,0.6263,3394.23,1103.22,1.4954,airy_ethereal
192.24,0.5421,0.874,0.8114,0.133,532.34,762.92,1.1955,warm_soft
936.77,0.4225,0.0306,0.6671,0.7459,2630.88,1274.01,1.6469,airy_ethereal
2107.8,0.9307,0.3603,0.7158,0.81,3959.84,1880.82,0.021,sharp_chaotic
20.0,0.3476,0.5906,0.3573,0.2836,576.56,202.19,0.721,deep_calm
556.29,0.6825,0.2542,0.8381,0.9321,1138.73,865.1,0.7891,bright_energetic
1169.2,0.7478,0.2839,0.6604,0.909,3905.77,1307.46,0.3701,sharp_chaotic
1962.4,0.7615,0.2671,0.689,0.7866,5192.99,1082.47,1.9027,sharp_chaotic
693.07,0.8149,0.3853,0.6381,0.9279,1875.36,791.85,1.9346,bright_energetic
928.69,0.5985,0.3715,0.8126,0.5268,1789.29,1131.6,1.4813,bright_energetic
1569.15,0.4801,0.0879,0.266,0.5281,3744.41,1118.15,0.9415,airy_ethereal
1823.9,0.8867,0.033,0.4556,0.8545,2956.42,1325.99,1.0179,sharp_chaotic
2503.32,0.924,0.2423,0.6474,0.6204,2398.12,1932.1,1.0764,sharp_chaotic
1030.51,0.2804,0.0803,0.1421,0.4908,2287.33,1257.3,0.9163,airy_ethereal
233.85,0.01,0.8027,0.0444,0.107,454.92,327.97,1.8483,deep_calm
1107.69,0.3002,0.01,0.5228,0.5948,2370.6,1795.73,0.8826,airy_ethereal
642.83,0.8446,0.01,0.2843,0.8951,3234.15,1866.78,1.8112,sharp_chaotic
1283.83,0.9483,0.4331,0.2194,0.9312,2570.76,1599.42,1.6471,sharp_chaotic
80.37,0.088,0.5109,0.088,0.1543,293.13,98.92,0.8177,deep_calm
64.56,0.2853,0.6463,0.4594,0.01,480.02,20.0,1.9554,deep_calm
195.48,0.1404,0.656,0.1822,0.1158,108.63,169.63,1.2482,deep_calm
1951.21,0.6861,0.2225,0.5182,0.9028,3978.98,1913.22,0.88,sharp_chaotic
1364.05,0.7001,0.2473,0.8494,0.6161,1817.68,951.75,1.3394,bright_energetic
1298.35,0.1455,0.1008,0.1286,0.4645,2786.68,921.9,1.7462,airy_ethereal
316.01,0.4278,0.568,0.1427,0.0451,529.15,221.96,1.917,deep_calm
910.83,0.8301,0.1444,0.6962,0.6578,4312.69,1547.44,1.022,sharp_chaotic
1512.15,0.6707,0.281,0.4244,0.7176,2763.33,1912.41,1.8808,sharp_chaotic
353.22,0.806,0.2007,0.7932,0.6917,1806.97,1041.56,0.4841,bright_energetic
885.82,0.2506,0.0767,0.4455,0.6308,2731.52,1483.26,1.9575,airy_ethereal
232.27,0.522,0.8683,0.2318,0.1927,536.87,36.28,1.0533,deep_calm
1119.63,0.1326,0.1821,0.052,0.7342,2279.59,730.38,0.2176,airy_ethereal
899.43,0.5426,0.1334,0.6829,0.5314,2445.44,557.8,1.4947,bright_energetic
453.65,0.2837,0.4058,0.7568,0.2418,805.2,697.05,0.0219,warm_soft
1344.71,0.8391,0.2949,0.5413,0.8799,3673.11,1042.88,0.2436,sharp_chaotic
133.9,0.1842,0.5876,0.1951,0.033,704.96,125.29,0.7848,deep_calm
172.66,0.3906,0.6823,0.1928,0.042,50.0,112.57,1.745,deep_calm
824.71,0.4909,0.01,0.2559,0.6994,2681.07,1135.84,1.2664,airy_ethereal
1081.87,0.8349,0.257,0.5491,0.6643,3929.28,636.4,1.9351,sharp_chaotic
321.5,0.1524,0.684,0.7177,0.2178,594.19,609.33,1.3458,warm_soft
527.74,0.3423,0.4491,0.5337,0.1715,572.5,390.34,1.6488,warm_soft
674.66,0.5444,0.1564,0.5153,0.4434,1631.94,646.6,0.4455,bright_energetic
1081.75,0.3762,0.1365,0.2263,0.6181,1676.14,1061.01,0.7165,airy_ethereal
543.75,0.5997,0.5173,0.4945,0.2683,913.2,580.76,1.5218,warm_soft
1264.93,0.326,0.0645,0.2725,0.6168,3185.78,1328.19,1.4984,airy_ethereal
721.56,0.8096,0.1768,0.6101,0.7032,2001.06,1140.92,1.4733,bright_energetic
1244.39,0.4183,0.0835,0.3596,0.8535,2074.22,2072.78,0.4894,airy_ethereal
408.14,0.427,0.7233,0.6438,0.2343,665.42,392.59,0.9551,warm_soft
362.87,0.549,0.5372,0.6191,0.3026,634.72,310.6,1.6984,warm_soft
1119.35,0.2896,0.0909,0.222,0.7155,2070.33,1249.16,0.8119,airy_ethereal
121.07,0.1379,0.99,0.2229,0.1058,621.07,342.42,0.3592,deep_calm
28.22,0.2956,0.9335,0.261,0.135,50.0,188.17,1.4362,deep_calm
1175.3,0.3619,0.01,0.544,0.6015,3227.25,1399.97,0.1178,airy_ethereal
936.23,0.9336,0.5017,0.5465,0.8172,3600.16,1794.64,0.2849,sharp_chaotic
702.68,0.809,0.1391,0.3387,0.7141,2036.91,833.35,0.8248,bright_energetic
1608.9,0.959,0.1521,0.2538,0.7499,3128.5,517.8,1.0074,sharp_chaotic
255.22,0.201,0.8848,0.3312,0.1415,675.37,259.15,1.8517,deep_calm
839.13,0.7757,0.1786,0.5985,0.8839,1445.32,648.42,0.8621,bright_energetic
372.09,0.8263,0.1906,0.4385,0.6279,3418.17,1804.38,0.283,sharp_chaotic
459.4,0.4333,0.6296,0.5791,0.2086,943.81,666.05,1.5508,warm_soft
1113.8,0.6357,0.2189,0.5665,0.5749,2350.41,1009.76,0.7739,bright_energetic
383.27,0.6923,0.332,0.4973,0.2177,763.51,590.62,1.0247,warm_soft
488.31,0.99,0.0504,0.635,0.6087,1677.49,1172.44,0.7588,bright_energetic
1356.71,0.2584,0.1245,0.2818,0.6605,3493.27,2040.38,1.0583,airy_ethereal
199.33,0.3132,0.5602,0.534,0.1085,812.41,624.03,1.1248,warm_soft
538.52,0.2498,0.2698,0.3402,0.6695,2803.74,1310.04,0.7285,airy_ethereal
1012.4,0.7689,0.1806,0.6276,0.7246,2852.78,1030.8,1.939,bright_energetic
275.69,0.5952,0.4027,0.7867,0.0567,695.56,695.57,1.4815,warm_soft
189.71,0.8182,0.1257,0.4311,0.76,2866.76,1629.79,0.6913,sharp_chaotic
1088.85,0.2616,0.1601,0.3339,0.6368,1866.98,618.98,0.9247,airy_ethereal
200.96,0.262,0.5643,0.0196,0.0499,289.76,279.53,0.4875,deep_calm
145.61,0.6976,0.1882,0.6419,0.4885,2146.46,698.73,0.6632,bright_energetic
938.74,0.8408,0.3381,0.6353,0.7849,2502.87,1058.22,0.7565,sharp_chaotic
1312.38,0.7297,0.4254,0.4677,0.9049,2820.94,1561.34,1.184,sharp_chaotic
682.41,0.4468,0.1523,0.4059,0.3535,2224.96,1874.72,1.6958,airy_ethereal
1531.05,0.7122,0.3394,0.673,0.6244,3505.5,2134.0,0.4287,sharp_chaotic
161.63,0.3382,0.8115,0.4089,0.2058,609.37,239.98,0.8513,deep_calm
738.93,0.4271,0.5988,0.6399,0.1575,539.64,383.9,1.8152,warm_soft
506.01,0.5858,0.3245,0.3228,0.8788,3182.08,1529.21,1.8849,sharp_chaotic
939.83,0.7366,0.0906,0.3515,0.6436,2499.71,2508.19,0.1086,sharp_chaotic
523.5,0.7171,0.1574,0.4658,0.0611,947.09,83.87,1.7275,warm_soft
861.51,0.9786,0.0372,0.2858,0.7537,1080.35,441.28,0.5464,bright_energetic
552.06,0.7646,0.6674,0.5037,0.3212,983.49,434.02,1.7578,warm_soft
69.48,0.2881,0.6644,0.3255,0.1379,115.7,179.39,1.2151,deep_calm
252.11,0.4223,0.634,0.594,0.2628,1017.84,609.7,0.1827,warm_soft
198.97,0.2412,0.5214,0.636,0.2703,1056.45,527.06,1.9079,warm_soft
129.5,0.6811,0.4436,0.7655,0.2376,1123.85,480.0,1.5262,warm_soft
1403.09,0.9271,0.1835,0.3839,0.9898,3612.89,1381.61,1.2666,sharp_chaotic
435.53,0.4352,0.5155,0.4474,0.2465,201.3,619.61,1.4407,warm_soft
74.52,0.0511,0.9594,0.0936,0.1411,435.89,331.36,1.9231,deep_calm
194.8,0.2962,0.8356,0.1984,0.2237,157.11,80.32,1.5559,deep_calm
542.26,0.7963,0.0752,0.8207,0.8124,2395.83,1020.69,1.2312,bright_energetic
158.78,0.3516,0.5139,0.2336,0.0237,485.37,340.97,1.2144,deep_calm
754.27,0.825,0.2533,0.3923,0.5584,2319.07,705.98,1.6497,bright_energetic
887.64,0.99,0.2451,0.5739,0.605,1251.13,684.17,1.1667,bright_energetic
1279.29,0.9084,0.3317,0.6907,0.9744,1582.15,854.09,1.0725,bright_energetic
1219.95,0.8676,0.287,0.7773,0.8082,1852.14,737.57,0.7829,bright_energetic
868.48,0.8062,0.01,0.5225,0.5297,2068.18,440.08,0.266,bright_energetic
819.29,0.3473,0.1914,0.3351,0.2102,2145.04,1403.92,1.1777,airy_ethereal
321.22,0.3755,0.428,0.454,0.1383,336.15,579.08,0.014,warm_soft
1567.52,0.6817,0.1483,0.527,0.6842,3455.47,1373.16,0.2546,sharp_chaotic
666.16,0.9064,0.01,0.7294,0.3819,1499.8,655.99,1.2339,bright_energetic
1191.96,0.6984,0.3876,0.8373,0.672,2099.45,1527.38,1.1456,sharp_chaotic
527.2,0.48,0.4279,0.403,0.2235,847.93,513.0,1.677,warm_soft
400.4,0.5756,0.443,0.3553,0.2529,1149.19,624.83,1.3,warm_soft
1167.29,0.99,0.0588,0.5509,0.9338,3468.71,1712.16,1.5809,sharp_chaotic
235.45,0.2388,0.5928,0.39,0.1037,462.18,473.16,1.8985,deep_calm
574.95,0.99,0.1429,0.4725,0.6506,1901.06,1332.63,1.5677,bright_energetic
1828.58,0.8609,0.1125,0.7383,0.671,3555.29,1321.6,0.0532,sharp_chaotic
1175.23,0.7608,0.3982,0.431,0.9296,2512.87,1953.64,1.8402,sharp_chaotic
230.0,0.4776,0.6974,0.4454,0.1506,430.06,198.11,0.7212,deep_calm
995.47,0.8778,0.2339,0.4406,0.6758,3412.43,1419.57,0.5898,sharp_chaotic
122.83,0.29,0.324,0.5462,0.01,788.91,427.58,1.1346,warm_soft
313.41,0.4983,0.5031,0.5358,0.3245,770.89,297.88,1.0749,warm_soft
1097.5,0.6401,0.3683,0.5907,0.4262,1887.22,756.16,1.5996,bright_energetic
154.78,0.5413,0.5729,0.6199,0.15,651.96,436.78,1.365,warm_soft
434.98,0.6376,0.464,0.6503,0.0427,727.52,561.39,1.2703,warm_soft
1013.05,0.6385,0.0616,0.3061,0.8746,3425.99,1098.76,0.9575,sharp_chaotic
86.35,0.1792,0.601,0.1208,0.1894,167.65,383.37,0.5777,deep_calm
325.46,0.6611,0.3306,0.5641,0.4476,679.74,441.76,1.5751,warm_soft
670.32,0.5742,0.2083,0.6302,0.5603,1630.06,1342.24,0.8422,bright_energetic
392.96,0.4446,0.4701,0.4925,0.2354,770.91,676.39,1.9086,warm_soft
546.69,0.7155,0.0585,0.7766,0.6731,2504.48,837.82,0.1667,bright_energetic
91.29,0.8787,0.01,0.7662,0.6652,2427.28,699.26,0.563,bright_energetic
856.25,0.2739,0.01,0.7048,0.734,3341.49,1602.09,1.295,airy_ethereal
345.53,0.3755,0.374,0.3809,0.1401,516.81,439.74,1.063,warm_soft
691.37,0.7442,0.236,0.8846,0.7927,3727.79,2130.12,0.2905,sharp_chaotic
2231.19,0.9421,0.1268,0.5384,0.99,3214.4,1761.73,1.665,sharp_chaotic
1772.26,0.4212,0.0832,0.4662,0.7606,3574.17,567.41,0.333,airy_ethereal
958.78,0.3012,0.0694,0.4256,0.5633,1767.54,1039.67,1.9395,airy_ethereal
792.52,0.9554,0.1993,0.4269,0.6772,2266.42,1440.15,1.2774,sharp_chaotic
1946.95,0.4359,0.1338,0.518,0.8382,2571.61,1118.13,0.18,airy_ethereal
474.97,0.3709,0.5223,0.4987,0.2732,494.18,293.22,0.4211,warm_soft
958.82,0.3505,0.1203,0.3837,0.687,2740.08,955.83,0.9022,airy_ethereal
391.4,0.6124,0.5814,0.47,0.175,741.56,347.73,1.8283,warm_soft
57.98,0.621,0.6964,0.3349,0.1242,355.35,90.38,0.8085,deep_calm
1250.63,0.3951,0.1168,0.4876,0.606,2385.42,1145.17,1.6377,airy_ethereal
204.59,0.4315,0.99,0.3277,0.1225,351.54,447.17,0.4066,deep_calm
1718.99,0.7252,0.1561,0.6966,0.7084,4452.93,1003.19,0.8275,sharp_chaotic
1003.39,0.8716,0.3065,0.3562,0.8621,3497.14,1019.91,0.6496,sharp_chaotic
439.65,0.5863,0.495,0.6821,0.0655,1084.97,94.36,1.8471,warm_soft
425.8,0.6453,0.2944,0.7573,0.5667,2402.48,972.84,1.2586,bright_energetic
208.22,0.4156,0.6075,0.2166,0.1405,138.04,463.6,1.3201,deep_calm
1509.54,0.9647,0.0489,0.5802,0.693,2797.64,2023.77,1.6046,sharp_chaotic
705.31,0.99,0.3295,0.5876,0.626,2089.77,1192.83,0.1919,bright_energetic
770.03,0.6256,0.0692,0.4676,0.3945,1987.59,1509.44,1.7599,airy_ethereal
61.16,0.3117,0.8039,0.2347,0.06,261.1,24.81,1.2769,deep_calm
380.25,0.99,0.2559,0.5046,0.7018,1427.72,1115.86,0.434,bright_energetic
20.0,0.2619,0.6672,0.3356,0.1681,302.91,314.85,1.1808,deep_calm
466.4,0.7237,0.15,0.637,0.3401,1372.8,905.47,1.8324,bright_energetic
1079.72,0.3237,0.186,0.4231,0.7576,2707.19,1433.69,1.22,airy_ethereal
645.03,0.8359,0.2345,0.6088,0.5329,1782.58,219.6,0.9953,bright_energetic
201.97,0.2576,0.8771,0.3205,0.1118,277.85,397.9,1.1372,deep_calm
155.55,0.3891,0.5388,0.2071,0.1363,583.25,274.69,0.5292,deep_calm
1104.48,0.99,0.076,0.6,0.3193,2291.82,968.44,1.7304,bright_energetic
430.15,0.0553,0.6099,0.4931,0.1265,1084.99,837.88,1.5154,warm_soft
886.98,0.3923,0.0675,0.3434,0.5882,2386.07,1047.92,0.53,airy_ethereal
1867.73,0.7576,0.4255,0.5264,0.8323,3304.66,1076.29,1.2352,sharp_chaotic
220.71,0.4515,0.6516,0.4753,0.41,1162.87,719.86,1.6558,warm_soft
258.35,0.4517,0.5804,0.3903,0.2101,200.62,332.1,0.9695,deep_calm
824.84,0.4076,0.1098,0.4371,0.454,902.15,933.09,1.6348,bright_energetic
119.89,0.2204,0.4002,0.818,0.0195,695.13,513.44,1.3676,warm_soft
1244.05,0.515,0.3533,0.6803,0.7605,1053.57,1016.34,1.454,bright_energetic
253.24,0.2988,0.7348,0.227,0.2283,243.31,340.43,0.0049,deep_calm
1125.17,0.5582,0.1109,0.2487,0.5772,1134.04,843.52,1.441,airy_ethereal
728.8,0.7204,0.3825,0.6709,0.2902,1619.96,958.03,1.5032,bright_energetic
1353.09,0.6042,0.1799,0.449,0.986,3022.21,2500.18,0.8249,sharp_chaotic
441.83,0.4258,0.4991,0.4538,0.212,687.68,260.27,1.3732,warm_soft
945.34,0.7297,0.2305,0.6547,0.7284,3300.02,1729.15,0.1953,sharp_chaotic
413.26,0.6325,0.3516,0.5715,0.3301,1091.74,537.47,0.3242,warm_soft
746.88,0.3394,0.1727,0.3022,0.7308,2257.85,1160.56,1.2538,airy_ethereal
835.02,0.8733,0.01,0.5928,0.7872,2224.76,418.43,1.8716,bright_energetic
158.94,0.3763,0.2073,0.4037,0.8379,2746.18,1544.65,0.6147,airy_ethereal
48.86,0.2384,0.7903,0.3909,0.283,113.43,144.1,0.982,deep_calm
818.19,0.8346,0.2418,0.9797,0.516,2290.77,660.98,1.4516,bright_energetic
1956.64,0.9268,0.1978,0.1801,0.7188,2514.23,2360.33,0.638,sharp_chaotic
1279.94,0.8231,0.2767,0.4837,0.7013,2091.52,1017.5,0.3273,bright_energetic
2296.89,0.8636,0.2817,0.6807,0.7039,3440.27,1407.35,0.083,sharp_chaotic
553.81,0.2492,0.5059,0.5809,0.0909,497.37,408.99,0.2043,warm_soft
228.71,0.5401,0.7007,0.6429,0.0813,813.08,505.19,1.041,warm_soft
179.6,0.5589,0.8048,0.6519,0.2098,653.37,373.39,1.7452,warm_soft
919.5,0.3979,0.2188,0.7147,0.4556,2695.13,828.03,1.8048,bright_energetic
1053.52,0.3147,0.0857,0.5762,0.556,2395.87,910.79,0.394,airy_ethereal
379.17,0.4525,0.5907,0.5559,0.1289,1126.43,687.74,1.1786,warm_soft
1121.84,0.7963,0.3532,0.7771,0.3784,1699.31,934.64,1.9572,bright_energetic
895.77,0.1331,0.3106,0.4861,0.8502,2362.59,1323.84,1.0511,airy_ethereal
567.17,0.7177,0.01,0.6976,0.6554,2486.79,917.71,1.3983,bright_energetic
131.95,0.1029,0.7921,0.5659,0.0494,520.76,475.53,0.2786,deep_calm
847.07,0.8135,0.4228,0.7192,0.6878,1452.24,1036.07,1.0513,bright_energetic
1893.43,0.8403,0.2435,0.2702,0.7823,2651.08,2331.79,1.0073,sharp_chaotic
343.85,0.5717,0.7554,0.6482,0.2331,755.2,654.57,1.7585,warm_soft
1875.31,0.99,0.2429,0.2465,0.64,3450.86,1477.77,0.1736,sharp_chaotic
304.94,0.3207,0.4028,0.5068,0.1442,570.87,287.33,1.9166,warm_soft
706.09,0.6549,0.2289,0.5732,0.584,1192.32,270.29,1.4555,bright_energetic
235.51,0.1797,0.6441,0.3369,0.2088,263.61,247.73,0.2399,deep_calm
330.22,0.2917,0.4342,0.4447,0.2475,500.57,450.16,1.2791,warm_soft
429.22,0.4149,0.4054,0.5045,0.1612,790.58,417.88,0.1613,warm_soft
620.31,0.6928,0.0751,0.6946,0.3984,2083.71,972.08,0.698,bright_energetic
462.27,0.6667,0.1934,0.6948,0.4348,2659.52,1058.59,1.7166,bright_energetic
1237.05,0.267,0.0402,0.42,0.4466,2854.01,825.14,0.0168,airy_ethereal
438.52,0.2606,0.2769,0.4654,0.2368,837.68,699.63,1.5593,warm_soft
534.17,0.5488,0.1194,0.6349,0.6335,1212.49,781.81,1.9773,bright_energetic
441.51,0.6571,0.3555,0.5172,0.3751,980.9,465.0,1.8057,warm_soft
214.5,0.2528,0.8469,0.2879,0.0499,565.57,33.94,1.6724,deep_calm
267.56,0.4323,0.3992,0.4921,0.01,1150.57,642.84,0.2483,warm_soft
1214.8,0.8395,0.1807,0.7251,0.8417,1834.1,1503.48,1.3008,sharp_chaotic
1149.29,0.7057,0.0369,0.488,0.368,1211.2,978.79,1.1225,bright_energetic
720.7,0.3108,0.0778,0.3553,0.8949,1920.11,1078.42,0.61,airy_ethereal
1042.91,0.6085,0.096,0.2013,0.711,2233.57,489.05,1.7298,airy_ethereal
327.29,0.488,0.4672,0.9167,0.0917,814.88,618.74,0.4898,warm_soft
1527.65,0.5655,0.1651,0.3903,0.5191,3004.62,563.13,1.9829,airy_ethereal
222.58,0.3253,0.9287,0.3779,0.1875,566.45,67.6,1.7835,deep_calm
1049.28,0.4439,0.0999,0.2561,0.9246,2543.11,1194.93,1.1104,airy_ethereal
601.12,0.5011,0.5324,0.4175,0.2467,590.64,222.75,0.2203,warm_soft
391.33,0.5183,0.7621,0.8029,0.2125,936.15,592.52,1.7901,warm_soft
208.41,0.3961,0.5161,0.5903,0.3092,558.95,312.05,0.4474,warm_soft
2405.44,0.8761,0.2938,0.4758,0.5368,2180.31,1958.31,0.2781,sharp_chaotic
1246.27,0.9513,0.0646,0.546,0.7321,2563.51,1948.39,1.4166,sharp_chaotic
46.88,0.5781,0.4247,0.7199,0.7528,1730.35,924.33,1.227,bright_energetic
185.41,0.3725,0.5042,0.328,0.4234,1059.02,212.65,0.6071,warm_soft
721.23,0.8862,0.0865,0.5822,0.5771,1525.58,1123.68,1.7988,bright_energetic
247.45,0.361,0.6506,0.504,0.085,211.37,197.01,1.4222,deep_calm
259.78,0.3035,0.8193,0.3154,0.2106,50.0,387.03,1.3489,deep_calm
82.47,0.2568,0.8713,0.2195,0.2274,649.56,408.36,0.98,deep_calm
20.0,0.5771,0.1403,0.2549,0.7904,1103.83,1771.06,0.2618,airy_ethereal
1400.04,0.5061,0.3075,0.2993,0.444,1427.97,1412.02,0.3146,airy_ethereal
219.13,0.6719,0.7549,0.1306,0.0982,62.39,436.35,0.7748,deep_calm
735.57,0.2385,0.1576,0.4317,0.7927,2518.6,1601.08,0.6053,airy_ethereal
241.96,0.466,0.4311,0.7848,0.2265,915.5,224.35,0.6469,warm_soft
24.24,0.1934,0.788,0.3451,0.1173,185.71,307.46,1.4098,deep_calm
470.58,0.4095,0.4775,0.5024,0.1735,1047.95,498.04,1.8863,warm_soft
1579.91,0.7833,0.3416,0.4154,0.99,3511.2,1276.2,0.0398,sharp_chaotic
1539.93,0.8813,0.4451,0.8785,0.9457,2529.08,1702.29,0.1988,sharp_chaotic
1173.76,0.1839,0.2174,0.626,0.572,2492.17,669.65,0.1422,airy_ethereal
1218.9,0.8348,0.2975,0.7979,0.8404,4190.53,1631.34,1.4244,sharp_chaotic
141.45,0.2239,0.7331,0.2717,0.1806,138.5,165.55,1.7293,deep_calm
238.79,0.4859,0.7316,0.2546,0.1918,561.96,181.91,0.1161,deep_calm
844.0,0.3535,0.2427,0.4265,0.5782,2421.55,1359.55,1.1777,airy_ethereal
1282.83,0.5997,0.2717,0.585,0.6188,4539.04,1400.67,0.4942,sharp_chaotic
126.53,0.2555,0.7481,0.2609,0.1486,531.16,262.26,0.1122,deep_calm
556.1,0.6168,0.5403,0.6248,0.1306,405.01,535.62,1.814,warm_soft
1984.56,0.7921,0.4974,0.4315,0.9759,2829.15,1730.27,0.2333,sharp_chaotic
155.24,0.4584,0.8495,0.2497,0.01,131.04,460.92,0.5572,deep_calm
332.83,0.4914,0.1665,0.3753,0.1089,1198.52,428.92,1.1268,warm_soft
109.58,0.2686,0.5726,0.3386,0.1482,290.58,171.74,1.5761,deep_calm
1158.59,0.7933,0.2793,0.3891,0.5874,2223.66,1600.66,0.584,sharp_chaotic
276.33,0.3652,0.2363,0.585,0.1531,680.17,278.72,0.5726,warm_soft
252.89,0.5943,0.4179,0.7128,0.2733,847.5,102.11,0.9478,warm_soft
111.32,0.6434,0.9236,0.134,0.1532,451.7,137.24,1.8747,deep_calm
1254.08,0.9562,0.3698,0.6839,0.8746,1857.27,1941.59,1.2819,sharp_chaotic
747.68,0.8874,0.3084,0.5304,0.6199,1504.97,731.35,0.5082,bright_energetic
218.27,0.5929,0.6475,0.7991,0.3575,805.95,599.53,0.6681,warm_soft
292.66,0.286,0.7498,0.3837,0.1213,50.0,267.32,1.1211,deep_calm
413.7,0.518,0.363,0.7904,0.6411,2450.7,648.61,0.3626,bright_energetic
1963.6,0.6284,0.2757,0.677,0.8854,4289.46,2082.26,1.2342,sharp_chaotic
183.35,0.4668,0.6765,0.397,0.1811,156.16,248.46,1.1524,deep_calm
1695.26,0.631,0.3092,0.4646,0.99,3192.13,1188.38,0.1601,sharp_chaotic
1005.46,0.7615,0.2814,0.4397,0.7903,3006.18,2060.05,1.7965,sharp_chaotic
778.75,0.4778,0.0828,0.7881,0.488,2418.29,741.18,0.344,bright_energetic
737.29,0.7374,0.1461,0.3015,0.99,3429.28,1501.78,1.4191,sharp_chaotic
1189.02,0.3282,0.1237,0.2635,0.545,2095.24,1099.49,1.5889,airy_ethereal
328.07,0.4813,0.3813,0.6436,0.1576,918.41,292.02,1.2,warm_soft
614.68,0.8005,0.0567,0.4265,0.4441,2263.49,1442.01,0.4743,bright_energetic
691.12,0.4911,0.0788,0.3714,0.6141,2957.9,2180.55,1.5155,airy_ethereal
1507.81,0.5507,0.1117,0.5669,0.8224,1870.81,942.57,1.6439,bright_energetic
440.44,0.3418,0.2681,0.5902,0.038,816.97,510.29,1.5902,warm_soft
2426.62,0.7125,0.2109,0.7297,0.8324,3559.01,1181.28,0.0515,sharp_chaotic
1814.99,0.8327,0.3014,0.2836,0.6939,3319.05,1625.31,1.877,sharp_chaotic
737.43,0.8355,0.209,0.7023,0.6792,2768.08,1297.74,0.8155,bright_energetic
1175.83,0.596,0.2591,0.7479,0.7582,2929.98,983.05,1.9668,bright_energetic
1398.92,0.7651,0.1409,0.8927,0.2833,2281.9,876.97,1.8258,bright_energetic
744.0,0.705,0.01,0.6699,0.6075,1755.02,370.95,1.7117,bright_energetic
877.46,0.8153,0.2128,0.8695,0.4953,2660.3,1187.72,0.1476,bright_energetic
686.06,0.342,0.1334,0.2999,0.9826,2155.69,1470.78,0.7765,airy_ethereal
546.19,0.2965,0.01,0.2805,0.5598,2679.43,976.55,1.6175,airy_ethereal
120.43,0.0461,0.6054,0.353,0.1418,50.0,206.31,1.5622,deep_calm
461.48,0.4109,0.3755,0.6648,0.1164,406.87,224.28,1.6252,warm_soft
423.84,0.4842,0.2232,0.7829,0.01,635.26,508.61,0.0705,warm_soft
974.83,0.6266,0.4321,0.6089,0.5726,1989.28,813.48,1.2887,bright_energetic
1571.92,0.7877,0.0364,0.4463,0.9825,4450.69,2099.25,0.1844,sharp_chaotic
446.49,0.4546,0.3864,0.5165,0.3032,540.38,372.41,0.2444,warm_soft
982.82,0.6745,0.1945,0.6814,0.529,3119.37,255.14,0.8542,bright_energetic
1911.93,0.7642,0.0242,0.8432,0.9149,3304.01,801.48,1.0132,sharp_chaotic
983.89,0.7684,0.3657,0.5284,0.9135,2585.91,1558.72,0.0069,sharp_chaotic
299.45,0.5672,0.4856,0.6463,0.3194,188.98,674.24,0.0076,warm_soft
1681.1,0.828,0.2931,0.6698,0.8819,3289.93,1350.42,0.1052,sharp_chaotic
1364.53,0.7581,0.1165,0.4244,0.4712,1655.55,993.22,0.2012,bright_energetic
1181.08,0.6746,0.4087,0.6407,0.2712,1720.67,1341.37,0.3249,bright_energetic
1105.93,0.3571,0.2392,0.2414,0.5573,4593.81,517.37,0.6453,airy_ethereal
708.81,0.7503,0.2257,0.5678,0.8472,3654.51,1790.79,1.4017,sharp_chaotic
26.49,0.372,0.7205,0.2179,0.1589,273.69,254.17,0.1288,deep_calm
219.37,0.6384,0.485,0.6625,0.2733,106.46,336.75,1.6188,warm_soft
743.08,0.2122,0.2233,0.2113,0.5415,2596.92,1521.92,0.9953,airy_ethereal
971.24,0.2106,0.1658,0.339,0.74,488.33,1316.83,0.1164,airy_ethereal
155.35,0.3363,0.8428,0.1496,0.0985,409.35,128.0,1.8995,deep_calm
87.1,0.6675,0.7348,0.454,0.1154,275.55,286.85,1.3573,deep_calm
2111.77,0.6196,0.4394,0.6601,0.99,2842.13,861.79,0.4645,sharp_chaotic
754.27,0.3303,0.0426,0.2624,0.8143,1858.85,1438.31,1.7335,airy_ethereal
340.75,0.2939,0.4283,0.3854,0.1227,734.99,342.24,0.2263,warm_soft
1513.6,0.8355,0.0305,0.7748,0.6575,3365.45,782.03,0.0735,sharp_chaotic
1308.27,0.6646,0.2199,0.7403,0.6933,2498.08,728.45,1.6331,bright_energetic
334.03,0.5786,0.4761,0.5508,0.1629,624.51,180.82,1.9484,warm_soft
923.22,0.5049,0.1292,0.6639,0.5846,2241.33,1325.4,0.6119,airy_ethereal
1218.5,0.5656,0.0439,0.4129,0.7247,1537.1,1995.23,1.6981,airy_ethereal
2149.41,0.7416,0.01,0.8844,0.6711,4560.95,1285.74,1.0377,sharp_chaotic
1098.12,0.5991,0.2286,0.4433,0.5722,3528.54,1297.8,1.1605,sharp_chaotic
193.99,0.1699,0.6681,0.3343,0.01,363.7,211.97,1.7495,deep_calm
555.12,0.8211,0.2708,0.7422,0.6558,1580.78,809.72,1.9274,bright_energetic
1218.91,0.4142,0.1647,0.5358,0.7036,1864.55,990.57,0.8386,airy_ethereal
558.76,0.37,0.4144,0.5644,0.224,606.1,509.34,1.981,warm_soft
1192.71,0.7719,0.2556,0.5069,0.627,1578.43,1253.02,0.5184,bright_energetic
518.12,0.4637,0.4348,0.7087,0.1626,1301.36,455.56,0.6436,warm_soft
581.22,0.601,0.0869,0.6653,0.5407,1944.11,1146.62,0.9257,bright_energetic
1037.12,0.8482,0.4479,0.5439,0.8164,2594.74,1626.97,1.9513,sharp_chaotic
1582.72,0.7876,0.3948,0.7205,0.8296,2530.91,1347.31,1.2472,sharp_chaotic
849.95,0.99,0.2476,0.5237,0.99,3997.99,1659.83,0.0489,sharp_chaotic
1233.95,0.8517,0.2898,0.8162,0.6712,1597.48,1249.86,0.6384,bright_energetic
1381.05,0.6337,0.184,0.5497,0.6166,1422.54,1402.56,0.2821,airy_ethereal
765.48,0.7178,0.2685,0.7821,0.5642,1851.44,963.01,0.4009,bright_energetic
354.92,0.4157,0.5614,0.3963,0.1814,909.77,453.58,0.9091,warm_soft
548.56,0.452,0.4654,0.546,0.3338,839.75,498.84,0.8887,warm_soft
1915.65,0.3484,0.2013,0.3547,0.6202,1567.7,818.77,1.5323,airy_ethereal
1154.59,0.8431,0.453,0.6283,0.8407,3378.04,1320.42,0.5742,sharp_chaotic
1277.0,0.866,0.3088,0.5859,0.6047,4006.65,1800.88,1.8013,sharp_chaotic
1037.25,0.4009,0.1942,0.259,0.5506,3013.41,1566.08,1.8177,airy_ethereal
552.45,0.4082,0.1971,0.4456,0.553,2699.78,1730.41,0.3662,airy_ethereal
484.97,0.542,0.4295,0.6606,0.1748,807.28,526.29,0.3113,warm_soft
819.1,0.914,0.116,0.6406,0.5909,1128.17,748.19,1.426,bright_energetic
186.29,0.2383,0.5888,0.1608,0.1333,314.66,20.0,1.6148,deep_calm
1479.79,0.7664,0.4307,0.5029,0.9125,3350.14,1723.14,0.137,sharp_chaotic
349.94,0.3902,0.4666,0.6962,0.1209,930.63,724.15,1.2846,warm_soft
1715.53,0.2555,0.0112,0.6012,0.678,1934.48,1626.29,0.1712,airy_ethereal
504.61,0.3562,0.7149,0.6062,0.2294,999.95,465.7,0.1329,warm_soft
392.68,0.7008,0.5045,0.5772,0.2643,642.61,414.25,0.3298,warm_soft
99.51,0.4532,0.791,0.3902,0.01,144.59,64.74,1.1261,deep_calm
102.3,0.4633,0.8175,0.1982,0.0701,375.48,202.65,1.1148,deep_calm
359.71,0.7295,0.7999,0.1925,0.176,287.29,201.8,1.4489,deep_calm
209.52,0.1846,0.6079,0.3217,0.0382,381.21,45.13,1.8953,deep_calm
347.61,0.4324,0.375,0.5685,0.1921,1198.33,489.61,1.576,warm_soft
237.05,0.4347,0.8567,0.3525,0.2094,371.38,161.67,1.9627,deep_calm
35.8,0.427,0.7851,0.2335,0.1152,516.39,340.05,1.9535,deep_calm
1408.61,0.8336,0.3884,0.2952,0.8058,3131.73,1844.52,1.8453,sharp_chaotic
237.18,0.2603,0.7911,0.3241,0.3191,392.62,75.0,1.4043,deep_calm
993.1,0.6812,0.261,0.5505,0.7304,2035.67,1090.19,1.6285,airy_ethereal
448.9,0.5808,0.3329,0.6393,0.6234,2211.54,766.97,1.4567,bright_energetic
510.94,0.6989,0.4612,0.8367,0.7834,3157.96,1882.43,0.6739,sharp_chaotic
1387.95,0.2868,0.122,0.6294,0.5058,2489.15,958.49,0.9374,airy_ethereal
947.95,0.7934,0.1571,0.5486,0.7834,3092.75,2197.64,0.3271,sharp_chaotic
245.38,0.4173,0.372,0.7206,0.3109,1245.4,612.94,0.3668,warm_soft
808.98,0.7977,0.0983,0.6004,0.8689,2324.67,808.11,0.3676,bright_energetic
1277.35,0.5283,0.0894,0.2724,0.6698,2673.1,763.66,0.0028,airy_ethereal
418.3,0.8068,0.8687,0.3638,0.2265,441.07,501.98,0.9788,warm_soft
976.37,0.698,0.1607,0.8754,0.7044,1312.57,1161.07,1.0753,bright_energetic
915.34,0.8441,0.2813,0.7874,0.6285,2513.98,768.5,1.9735,bright_energetic
1155.07,0.3174,0.145,0.4,0.7448,2957.23,1095.5,1.8627,airy_ethereal
754.75,0.3969,0.0857,0.2327,0.4191,2549.2,891.02,0.9596,airy_ethereal
742.43,0.642,0.1032,0.574,0.3492,1789.51,964.02,1.803,bright_energetic
663.99,0.7444,0.2693,0.6021,0.9412,1875.93,1908.93,1.7231,sharp_chaotic
1041.64,0.694,0.01,0.6252,0.8227,2442.88,586.45,0.1656,bright_energetic
102.08,0.5936,0.4805,0.1621,0.0777,347.67,426.97,1.8474,deep_calm
141.55,0.266,0.4559,0.1439,0.195,810.9,519.43,1.2164,deep_calm
269.61,0.3925,0.5508,0.2886,0.1049,198.91,504.86,1.3244,deep_calm
630.59,0.7183,0.2816,0.6233,0.6504,2038.42,613.74,1.9207,bright_energetic
1038.54,0.6102,0.0372,0.5791,0.4367,1647.97,680.08,1.762,bright_energetic
820.77,0.785,0.3846,0.6093,0.6215,3344.87,1516.56,1.4706,sharp_chaotic
202.39,0.3094,0.5422,0.2305,0.1326,150.83,277.55,1.259,deep_calm
923.79,0.363,0.1132,0.357,0.7058,3205.47,1355.59,1.3003,airy_ethereal
843.63,0.3021,0.2506,0.1212,0.4944,2815.44,1344.3,1.8419,airy_ethereal
344.15,0.4296,0.5691,0.5285,0.1842,569.28,108.04,0.7612,warm_soft
492.35,0.3219,0.0171,0.3472,0.618,2949.04,989.68,0.8867,airy_ethereal
250.71,0.2804,0.1706,0.5799,0.7999,2382.79,1462.56,0.76,airy_ethereal
713.43,0.9135,0.1119,0.5315,0.4194,1884.71,562.62,0.0067,bright_energetic
782.0,0.8538,0.0891,0.8099,0.6422,2490.52,1009.94,0.5995,bright_energetic
2251.06,0.898,0.3359,0.3597,0.9489,3570.32,1222.85,0.8824,sharp_chaotic
1004.14,0.6892,0.5074,0.5305,0.8468,3293.28,1583.89,0.9039,sharp_chaotic
112.34,0.4047,0.6542,0.2459,0.1894,453.41,246.75,1.866,deep_calm
254.38,0.5405,0.1916,0.5025,0.3857,964.3,204.34,1.0712,warm_soft
20.0,0.5898,0.0792,0.7523,0.3409,1354.21,847.35,1.2519,bright_energetic
337.2,0.539,0.5197,0.5051,0.0587,499.7,459.98,1.7947,warm_soft
851.85,0.3476,0.1404,0.6447,0.6529,2642.41,2104.2,0.764,airy_ethereal
453.45,0.155,0.7143,0.5987,0.4014,1108.03,418.28,1.6734,warm_soft
1349.25,0.631,0.01,0.8194,0.4237,1893.29,860.89,0.9629,bright_energetic
1281.85,0.796,0.2416,0.2941,0.7013,2776.76,2357.28,0.5169,sharp_chaotic
1161.51,0.1979,0.1688,0.559,0.3686,2559.82,1565.3,1.0046,airy_ethereal
212.96,0.356,0.7925,0.2707,0.0757,408.5,263.32,0.4474,deep_calm
1075.01,0.7573,0.2018,0.512,0.9589,4181.92,1364.46,0.884,sharp_chaotic
1025.09,0.4636,0.0293,0.1789,0.6672,2037.0,910.48,1.6237,airy_ethereal
212.57,0.012,0.7955,0.2759,0.1831,489.16,100.14,0.8174,deep_calm
1813.56,0.8639,0.1348,0.7659,0.9838,3358.69,1388.06,0.2328,sharp_chaotic
1324.36,0.99,0.2771,0.6478,0.8436,2489.62,938.28,0.436,bright_energetic
392.36,0.6677,0.1771,0.5684,0.7421,1780.47,1371.43,0.7412,bright_energetic
1184.45,0.6529,0.206,0.3102,0.7942,3180.01,1539.53,1.4967,airy_ethereal
56.04,0.4947,0.91,0.2989,0.0527,368.51,235.73,0.7918,deep_calm
999.06,0.4334,0.2847,0.7431,0.7717,2127.59,964.34,0.5758,bright_energetic
814.7,0.9408,0.1582,0.4082,0.8357,2879.48,2053.59,1.8631,sharp_chaotic
1080.98,0.59,0.2232,0.6384,0.3629,2279.56,790.52,0.7553,bright_energetic
636.42,0.5426,0.1451,0.8083,0.1078,867.09,592.41,0.4279,warm_soft
361.59,0.4628,0.405,0.67,0.2463,1200.91,607.77,0.9707,warm_soft
886.21,0.8331,0.1351,0.6564,0.6532,3950.88,1694.88,1.1816,sharp_chaotic
788.26,0.855,0.4682,0.7798,0.5526,1614.66,1167.59,1.8213,bright_energetic
1117.51,0.3443,0.2045,0.1989,0.8449,2520.62,787.19,1.2582,airy_ethereal
2141.23,0.8496,0.1883,0.6279,0.8678,3644.54,1167.98,0.1465,sharp_chaotic
861.32,0.2217,0.1568,0.3116,0.6632,2911.7,1319.92,1.0331,airy_ethereal
205.53,0.7196,0.3215,0.647,0.1564,803.06,483.18,1.4444,warm_soft
1015.15,0.8348,0.339,0.5829,0.9818,4149.87,1327.53,0.244,sharp_chaotic
498.65,0.8586,0.3255,0.5896,0.99,3243.81,1677.39,1.4751,sharp_chaotic
468.75,0.5307,0.4221,0.5821,0.2802,711.46,438.76,0.8319,warm_soft
1189.04,0.2445,0.1646,0.1792,0.8732,2600.55,1179.09,1.1335,airy_ethereal
1017.26,0.484,0.1166,0.2915,0.6399,3183.38,1076.69,1.1034,airy_ethereal
735.71,0.5839,0.1861,0.7818,0.4718,1999.98,903.22,0.7718,bright_energetic
1226.14,0.3012,0.01,0.2102,0.9749,2169.25,1709.03,1.4618,airy_ethereal
1750.33,0.8357,0.218,0.6856,0.6821,3539.61,1939.99,0.3887,sharp_chaotic
611.72,0.5605,0.0764,0.7255,0.6484,1885.99,1320.31,1.9006,bright_energetic
191.51,0.2503,0.7578,0.0658,0.2782,148.28,414.79,1.4585,deep_calm
901.34,0.5426,0.2515,0.6361,0.4098,2191.98,285.54,1.4731,bright_energetic
214.89,0.5495,0.5564,0.2308,0.1909,392.92,162.47,0.3549,deep_calm
552.75,0.4698,0.471,0.4062,0.2494,812.63,430.61,1.9934,warm_soft
1901.79,0.6741,0.3252,0.7737,0.8244,3030.79,1353.03,1.3789,sharp_chaotic
1533.48,0.1864,0.084,0.167,0.7172,2783.53,1167.31,1.4295,airy_ethereal
1303.35,0.3972,0.01,0.2213,0.6524,2175.56,1205.12,1.8473,airy_ethereal
1470.41,0.6283,0.3404,0.3876,0.8498,3951.02,1726.52,1.8538,sharp_chaotic
770.4,0.6337,0.1112,0.6962,0.4108,1940.5,693.22,0.1639,bright_energetic
985.79,0.9111,0.0127,0.6731,0.3515,2873.45,838.99,1.5947,sharp_chaotic
1497.22,0.2318,0.0616,0.2,0.708,2940.01,1124.82,0.3761,airy_ethereal
122.01,0.4169,0.7839,0.6077,0.0714,686.57,264.28,1.7415,deep_calm
2116.61,0.9501,0.161,0.5517,0.9156,4247.99,1448.88,0.7991,sharp_chaotic
591.47,0.8032,0.6891,0.6334,0.2513,816.41,606.01,1.3324,warm_soft
656.2,0.4493,0.4518,0.5634,0.2273,826.71,783.91,1.2357,warm_soft
1326.16,0.8013,0.108,0.6886,0.9432,2818.69,1135.74,1.7016,sharp_chaotic
320.6,0.3388,0.4128,0.5569,0.4018,402.17,672.82,1.585,warm_soft
1000.11,0.7192,0.3965,0.5613,0.5935,2167.62,863.67,0.703,bright_energetic
221.14,0.3588,0.8143,0.3503,0.1131,859.65,598.55,1.8249,warm_soft
1096.11,0.3373,0.2152,0.2701,0.6731,1988.91,1048.61,1.8806,airy_ethereal
210.76,0.7582,0.1603,0.2648,0.7136,3448.68,1637.73,1.6988,sharp_chaotic
388.21,0.7912,0.2642,0.5955,0.3344,1806.99,909.14,1.757,bright_energetic
981.47,0.8151,0.1889,0.6047,0.5184,1837.98,535.24,1.6163,bright_energetic
987.36,0.9837,0.294,0.4746,0.695,2036.6,1339.47,1.4425,bright_energetic
99.52,0.2237,0.923,0.2597,0.1623,244.61,117.39,1.1795,deep_calm
533.67,0.4597,0.4834,0.4081,0.277,654.53,418.67,1.6377,warm_soft
919.9,0.773,0.2302,0.4912,0.7117,2871.64,1539.77,1.9979,sharp_chaotic
20.0,0.1386,0.2343,0.413,0.8401,2384.05,1384.81,0.4661,airy_ethereal
888.35,0.6495,0.4691,0.4923,0.6698,941.94,949.88,0.3183,bright_energetic
880.53,0.669,0.2655,0.5957,0.6973,2183.32,968.65,1.3447,bright_energetic
195.89,0.4047,0.9199,0.2717,0.0879,123.69,325.9,1.9138,deep_calm
1299.84,0.5879,0.1952,0.141,0.8651,3457.72,1824.39,1.8032,airy_ethereal
241.1,0.326,0.82,0.4578,0.061,582.5,368.77,0.2393,deep_calm
99.03,0.5889,0.6441,0.183,0.0701,127.21,387.06,1.5468,deep_calm
231.09,0.1915,0.4182,0.4992,0.1312,1178.9,648.2,0.2655,warm_soft
818.01,0.8425,0.2056,0.3077,0.8456,2508.02,1877.38,1.7438,sharp_chaotic
1228.46,0.1436,0.0381,0.2368,0.6971,2297.66,1108.75,0.9943,airy_ethereal
748.24,0.467,0.2134,0.3224,0.4584,2083.42,1195.15,0.3767,airy_ethereal
523.93,0.3875,0.5208,0.6412,0.3646,1210.8,451.72,0.5354,warm_soft
1758.62,0.6091,0.0694,0.6619,0.6989,3910.35,1300.1,0.2986,sharp_chaotic
211.66,0.1596,0.6847,0.4964,0.1913,452.96,360.77,0.0326,deep_calm
81.24,0.4017,0.741,0.3743,0.2574,354.61,92.36,1.2252,deep_calm
423.92,0.3407,0.7874,0.7693,0.01,1051.08,649.28,1.1058,warm_soft
1534.53,0.2772,0.1156,0.5681,0.6368,1885.23,1152.95,0.925,airy_ethereal
257.22,0.3252,0.3386,0.6334,0.1625,843.09,762.29,0.0614,warm_soft
219.57,0.0218,0.7214,0.1339,0.1693,567.51,345.89,0.361,deep_calm
370.65,0.577,0.2262,0.6948,0.3315,391.65,570.68,1.6912,warm_soft
536.2,0.4326,0.5098,0.6167,0.1422,717.39,428.23,1.4335,warm_soft
875.09,0.7646,0.1875,0.6792,0.2671,2824.87,1071.48,0.5718,bright_energetic
440.4,0.7435,0.2157,0.5174,0.6592,3137.05,726.06,0.9908,bright_energetic
753.28,0.6067,0.2309,0.7171,0.4578,2117.05,641.5,0.5239,bright_energetic
1651.97,0.452,0.0787,0.3559,0.5322,3274.73,1315.1,0.2251,airy_ethereal
310.37,0.1708,0.5231,0.8317,0.1728,601.8,328.1,0.4483,warm_soft
639.8,0.5344,0.2732,0.6764,0.6705,1568.51,705.07,1.0102,bright_energetic
149.93,0.4218,0.547,0.3324,0.1442,271.01,288.91,1.8977,deep_calm
83.14,0.3796,0.6623,0.3587,0.0562,763.8,161.05,0.3518,deep_calm
311.25,0.3572,0.5206,0.6585,0.1964,478.05,435.77,1.6019,warm_soft
1857.34,0.99,0.3401,0.6167,0.9304,3818.8,1577.92,1.1754,sharp_chaotic
1278.0,0.2464,0.2966,0.2077,0.5201,2815.04,1418.0,1.5788,airy_ethereal
186.73,0.2064,0.7031,0.5498,0.0701,576.26,552.45,0.1336,warm_soft
692.7,0.6934,0.1554,0.6407,0.7049,1623.74,717.48,0.8359,bright_energetic
1175.06,0.4699,0.0942,0.381,0.9679,2642.33,1084.02,1.542,airy_ethereal
1015.73,0.6122,0.4111,0.1927,0.7357,3156.14,1382.28,0.6087,sharp_chaotic
179.83,0.4448,0.5875,0.3829,0.1457,156.13,264.24,1.2507,deep_calm
335.97,0.422,0.3862,0.3898,0.2322,1044.16,269.92,0.1061,warm_soft
343.73,0.2349,0.1394,0.5212,0.2842,1003.97,352.29,0.1089,warm_soft
390.76,0.6872,0.1291,0.7181,0.6932,2723.07,1429.36,1.3047,bright_energetic
237.38,0.3933,0.5507,0.3782,0.121,392.11,181.62,0.4357,deep_calm
907.25,0.7986,0.2495,0.5061,0.6384,1094.63,807.74,1.3271,bright_energetic
683.67,0.6685,0.1376,0.4821,0.5564,1724.95,1314.69,1.875,sharp_chaotic
671.72,0.6482,0.2612,0.7175,0.4805,2345.99,694.69,1.7134,bright_energetic
774.95,0.6309,0.1194,0.5144,0.7599,2022.36,747.62,1.8731,bright_energetic
488.22,0.6284,0.01,0.5584,0.0411,978.8,220.14,1.5584,warm_soft
676.43,0.76,0.2935,0.1842,0.7861,2686.75,1811.48,1.4036,sharp_chaotic
1553.79,0.6652,0.2897,0.5565,0.7853,3650.56,1504.85,1.1653,sharp_chaotic
501.43,0.7802,0.4503,0.6908,0.6944,4404.73,2135.81,1.0487,sharp_chaotic
1668.94,0.9046,0.3091,0.461,0.8486,4674.67,1795.6,0.0759,sharp_chaotic
1087.53,0.2409,0.0706,0.2932,0.6483,2225.21,1625.89,0.4517,airy_ethereal
1433.23,0.2237,0.1805,0.1677,0.5439,2529.44,1162.43,1.5235,airy_ethereal
2389.32,0.7778,0.2497,0.5353,0.5992,4016.84,1335.14,0.0893,sharp_chaotic
691.2,0.7927,0.1513,0.8472,0.4349,2372.1,900.06,0.1228,bright_energetic
154.13,0.3591,0.4127,0.5978,0.0127,558.38,494.03,0.8288,warm_soft
1956.79,0.6168,0.4503,0.2557,0.9124,3653.24,883.62,0.943,sharp_chaotic
1056.69,0.6719,0.1636,0.7367,0.5321,1736.24,1231.71,1.8417,bright_energetic
380.78,0.1197,0.4762,0.6088,0.2559,723.21,414.73,1.5525,warm_soft
69.7,0.1253,0.7438,0.351,0.01,50.0,154.87,1.7327,deep_calm
793.94,0.7877,0.308,0.111,0.9208,3303.28,1249.76,0.6959,sharp_chaotic
1544.52,0.7537,0.5359,0.6308,0.4942,2893.39,1702.42,1.1089,sharp_chaotic
1528.5,0.7746,0.1874,0.329,0.6815,3957.03,1617.1,1.4658,sharp_chaotic
637.66,0.3555,0.0872,0.4394,0.7672,2306.31,1597.35,1.9876,airy_ethereal
2107.84,0.8564,0.2175,0.8212,0.7739,2305.02,1694.56,0.9419,sharp_chaotic
477.01,0.2016,0.58,0.4235,0.52,1097.64,724.16,0.6012,warm_soft
1200.48,0.7133,0.2472,0.783,0.5568,2176.78,578.85,0.0742,bright_energetic
837.84,0.5408,0.2166,0.5554,0.7247,2001.21,1124.77,1.1403,bright_energetic
434.32,0.3619,0.4636,0.5277,0.1709,932.48,475.0,1.1429,warm_soft
1097.36,0.7883,0.52,0.7718,0.697,2075.92,1876.7,0.8802,sharp_chaotic
1185.26,0.9395,0.148,0.3261,0.6501,3209.51,1217.52,1.2011,sharp_chaotic
259.06,0.1826,0.8001,0.3253,0.1664,360.95,249.79,1.3591,deep_calm
207.42,0.1648,0.662,0.4059,0.122,276.85,361.61,0.8379,deep_calm
376.61,0.2955,0.7737,0.4696,0.2541,668.98,538.02,0.1521,warm_soft
313.62,0.5476,0.2088,0.6795,0.1814,1168.82,418.47,0.2481,warm_soft
428.47,0.3789,0.2037,0.0685,0.4884,2088.8,1852.53,1.3523,airy_ethereal
2186.8,0.778,0.3267,0.4032,0.7503,2741.46,1240.46,1.9265,sharp_chaotic
1036.33,0.6034,0.1497,0.7276,0.504,1858.55,1039.42,1.2141,bright_energetic
248.41,0.3949,0.7928,0.4115,0.1257,456.47,258.35,0.4921,deep_calm
1874.65,0.7483,0.4991,0.5608,0.6737,2843.8,1031.45,1.6692,sharp_chaotic
619.91,0.4403,0.1609,0.6741,0.7346,1818.05,788.04,0.2593,bright_energetic
258.7,0.2969,0.5895,0.6893,0.0411,809.4,496.57,1.3849,warm_soft
1584.54,0.6857,0.1402,0.3916,0.7419,3429.53,1726.49,1.2854,sharp_chaotic
915.56,0.9376,0.4272,0.6999,0.7535,2300.1,1017.12,0.9306,sharp_chaotic
143.82,0.3461,0.5488,0.4407,0.1114,274.32,330.55,0.0686,deep_calm
449.54,0.5061,0.3347,0.5077,0.1284,717.11,452.15,1.7089,warm_soft
3309.58,0.8828,0.3473,0.5169,0.8456,2430.89,1750.64,1.9461,sharp_chaotic
465.51,0.6323,0.3609,0.6312,0.188,788.75,544.34,0.6314,warm_soft
448.78,0.5622,0.6701,0.7804,0.1062,855.94,126.77,1.6604,warm_soft
1140.84,0.4914,0.0271,0.3915,0.562,1694.38,1365.56,0.607,airy_ethereal
1060.48,0.3212,0.1037,0.351,0.99,2693.25,2310.66,1.2797,airy_ethereal
1904.65,0.6057,0.1642,0.6509,0.7148,3408.34,1023.95,1.347,sharp_chaotic
1434.44,0.6165,0.0505,0.8252,0.5773,4158.93,1300.54,1.8038,sharp_chaotic
1108.0,0.1411,0.2865,0.3494,0.9703,2981.95,2043.48,1.2951,airy_ethereal
939.76,0.4647,0.1105,0.5823,0.6092,2012.73,960.07,0.4366,airy_ethereal
1106.54,0.7848,0.2649,0.8229,0.6355,1893.32,1396.78,1.7908,sharp_chaotic
1284.86,0.8964,0.2391,0.3393,0.9407,2510.46,2047.27,1.6923,sharp_chaotic
20.0,0.7242,0.5353,0.5321,0.7527,3059.74,1128.13,1.5585,sharp_chaotic
654.58,0.9551,0.2653,0.3667,0.9577,1864.08,1744.53,1.1149,sharp_chaotic
1111.49,0.4777,0.2348,0.5803,0.6374,2708.66,1442.98,1.6464,airy_ethereal
172.16,0.5039,0.4433,0.1909,0.1196,278.28,297.37,0.815,deep_calm
52.41,0.57,0.6126,0.209,0.2193,105.95,271.13,0.9053,deep_calm
669.35,0.3967,0.376,0.6633,0.1891,509.3,269.45,0.6204,warm_soft
793.47,0.9203,0.1748,0.5803,0.7773,4009.06,1586.79,1.201,sharp_chaotic
554.31,0.282,0.5957,0.645,0.2032,362.25,704.47,0.5885,warm_soft
1020.75,0.8212,0.0467,0.4506,0.4629,1206.28,873.99,0.8926,bright_energetic
564.45,0.99,0.157,0.9491,0.5794,1807.57,1002.61,0.3185,bright_energetic
280.17,0.2724,0.5879,0.2224,0.0806,118.02,196.86,0.9308,deep_calm
1098.2,0.6069,0.205,0.7497,0.4689,3327.9,1342.16,0.7438,bright_energetic
2105.06,0.9407,0.4081,0.2933,0.8619,2966.31,1892.26,0.7314,sharp_chaotic
312.92,0.5886,0.3358,0.5251,0.17,690.96,713.04,0.2873,warm_soft
1486.84,0.9194,0.4357,0.5624,0.6697,2152.95,941.19,1.9011,sharp_chaotic
1046.6,0.2057,0.0618,0.3269,0.8586,3375.79,1217.26,1.5157,airy_ethereal
392.6,0.5814,0.5203,0.4448,0.2094,1270.9,266.97,0.4178,warm_soft
1432.58,0.4623,0.096,0.2178,0.4963,3180.71,1084.27,1.2592,airy_ethereal
808.82,0.3482,0.1131,0.2651,0.722,2433.16,1269.53,0.7932,airy_ethereal
1981.15,0.754,0.2702,0.2946,0.7405,2504.18,2347.74,0.3634,sharp_chaotic
59.2,0.485,0.3626,0.2784,0.1454,217.55,311.08,0.194,deep_calm
1726.41,0.8108,0.1752,0.6982,0.9401,3346.42,1589.59,1.8938,sharp_chaotic
436.86,0.4855,0.475,0.4965,0.2072,683.3,606.15,1.694,warm_soft
329.25,0.01,0.5658,0.6585,0.3943,571.03,432.91,1.0892,warm_soft
1585.6,0.8811,0.2334,0.515,0.8296,2974.64,1048.75,0.4412,sharp_chaotic
1695.86,0.7073,0.01,0.6109,0.8935,3250.25,1116.34,1.2315,sharp_chaotic
331.23,0.661,0.4139,0.4412,0.0757,898.45,522.59,0.2357,warm_soft
969.89,0.3568,0.2031,0.4622,0.7454,2917.34,1864.47,0.6126,airy_ethereal
79.24,0.4525,0.7681,0.0497,0.117,50.0,468.32,1.3134,deep_calm
1190.86,0.7939,0.3413,0.4788,0.8746,1393.61,834.0,0.2122,sharp_chaotic
957.29,0.99,0.2198,0.6813,0.6025,1672.81,580.97,0.4536,bright_energetic
851.52,0.6607,0.2512,0.5146,0.6804,1595.84,1220.13,1.4545,bright_energetic
476.39,0.631,0.7144,0.7199,0.1811,809.78,646.18,0.769,warm_soft
1030.51,0.4822,0.2246,0.3352,0.5384,2278.47,808.56,1.6023,airy_ethereal
313.87,0.4657,0.7864,0.3354,0.25,97.7,104.69,0.9756,deep_calm
949.08,0.5735,0.1458,0.2771,0.7069,2210.11,1336.17,0.4193,airy_ethereal
950.08,0.4937,0.1183,0.5853,0.5787,2153.34,1056.99,0.9935,airy_ethereal
267.48,0.3085,0.8084,0.8423,0.299,766.63,469.39,1.3335,warm_soft
56.13,0.264,0.9842,0.0776,0.1655,409.11,299.81,0.4736,deep_calm
598.4,0.4839,0.3246,0.7708,0.01,473.45,530.24,1.7237,warm_soft
311.53,0.4147,0.8127,0.3739,0.0658,228.44,305.84,0.2713,deep_calm
423.49,0.3526,0.5591,0.7585,0.1813,578.42,414.47,0.008,warm_soft
157.27,0.193,0.6407,0.01,0.0999,105.69,252.24,1.9676,deep_calm
468.63,0.6961,0.3332,0.5789,0.3564,919.7,460.33,0.0542,warm_soft
452.72,0.1861,0.6248,0.5409,0.1683,657.53,471.58,0.607,warm_soft
302.33,0.3071,0.8095,0.2033,0.0925,526.02,315.3,1.9975,deep_calm
592.58,0.2789,0.1739,0.556,0.6588,2531.02,1414.84,0.1517,airy_ethereal
368.36,0.4771,0.5731,0.3528,0.2353,419.93,380.7,1.2107,warm_soft
949.92,0.4308,0.1139,0.3002,0.8512,2647.22,1742.43,1.2662,airy_ethereal
494.64,0.6602,0.6264,0.428,0.348,993.5,682.85,1.9999,warm_soft
56.1,0.1995,0.7905,0.3712,0.0471,217.98,559.28,1.0749,deep_calm
169.32,0.3908,0.8846,0.2707,0.2101,50.0,98.42,0.5044,deep_calm
1172.04,0.4424,0.0389,0.6793,0.4779,2429.71,1522.25,0.2793,airy_ethereal
1507.62,0.8122,0.2953,0.4334,0.9095,3175.58,1442.99,1.3085,sharp_chaotic
665.07,0.5645,0.1091,0.7116,0.6998,2670.66,848.94,0.3357,bright_energetic
552.73,0.7963,0.3483,0.7466,0.5209,2039.11,905.42,1.5834,bright_energetic
1400.19,0.4993,0.01,0.4259,0.5953,2417.1,1734.32,1.6616,sharp_chaotic
2743.49,0.6481,0.1007,0.2604,0.6915,1503.96,1981.29,0.0944,sharp_chaotic
905.67,0.5665,0.2814,0.8615,0.6249,2561.75,656.68,0.2421,bright_energetic
1963.24,0.9864,0.1617,0.0767,0.6957,4253.48,2258.5,1.2538,sharp_chaotic
276.26,0.5205,0.5521,0.5852,0.1625,529.64,287.71,1.5824,warm_soft
289.13,0.4051,0.6327,0.4764,0.1699,589.46,231.91,1.7004,deep_calm
432.09,0.2086,0.5107,0.7937,0.1628,1325.0,347.07,0.4924,warm_soft
1495.4,0.7995,0.3975,0.5461,0.8843,2856.82,2145.94,0.1034,sharp_chaotic
2399.27,0.7754,0.1533,0.5058,0.6516,2430.36,1089.66,1.5105,sharp_chaotic
292.1,0.5915,0.4367,0.6038,0.1789,947.58,738.54,0.0217,warm_soft
458.8,0.5859,0.1655,0.4529,0.5175,2024.59,1727.94,0.453,airy_ethereal
300.54,0.3542,0.6472,0.4361,0.154,682.47,416.86,0.2151,warm_soft
601.61,0.32,0.7365,0.3133,0.2563,980.21,501.31,0.5801,warm_soft
186.48,0.3832,0.6119,0.1711,0.0812,482.03,211.69,1.4466,deep_calm
1164.29,0.5601,0.2263,0.6737,0.8683,3513.25,1168.08,0.036,sharp_chaotic
795.05,0.7742,0.1217,0.5466,0.3896,1399.97,1058.62,0.7035,bright_energetic
249.06,0.2076,0.7737,0.3414,0.1374,154.06,166.35,0.7569,deep_calm
1521.48,0.936,0.3605,0.6867,0.6934,2412.3,1427.96,0.6548,sharp_chaotic
279.42,0.4173,0.8013,0.1633,0.1293,355.66,178.13,0.1271,deep_calm
1452.4,0.6963,0.2116,0.482,0.9308,2929.14,1848.76,1.411,sharp_chaotic
3033.42,0.8014,0.3211,0.3986,0.817,3670.01,1638.28,0.2501,sharp_chaotic
499.36,0.358,0.4959,0.7496,0.3015,961.72,367.15,1.2391,warm_soft
2268.66,0.9265,0.1331,0.552,0.621,3361.34,1186.24,1.9455,sharp_chaotic
1316.85,0.4684,0.1216,0.3395,0.8747,2785.53,1165.07,1.2187,airy_ethereal
319.31,0.4047,0.3984,0.7684,0.2378,934.17,391.58,1.4775,warm_soft
1507.9,0.8608,0.2332,0.5269,0.705,3127.16,1280.92,1.2252,sharp_chaotic
1379.05,0.3562,0.1913,0.3787,0.4807,2328.15,671.34,0.4514,airy_ethereal
27.72,0.4418,0.8732,0.3179,0.1646,630.31,127.83,1.4289,deep_calm
249.88,0.5225,0.5061,0.3492,0.2891,542.65,457.15,0.2028,warm_soft
1243.81,0.5905,0.2253,0.4717,0.4809,1782.56,847.76,0.0844,bright_energetic
992.13,0.2172,0.1079,0.6699,0.8909,3141.31,1327.3,0.7343,airy_ethereal
220.86,0.2755,0.6338,0.126,0.3142,264.92,349.03,1.1133,deep_calm
1318.83,0.9554,0.3169,0.5258,0.528,1621.62,1284.25,0.6848,bright_energetic
412.86,0.4117,0.2878,0.4876,0.6144,2865.37,1073.81,0.1681,airy_ethereal
1539.82,0.5012,0.0336,0.5235,0.6499,2091.69,875.69,0.8738,airy_ethereal
1884.9,0.7499,0.0141,0.3846,0.6908,2244.86,1022.16,0.6168,sharp_chaotic
863.38,0.5353,0.2273,0.5392,0.4006,1694.91,1205.32,0.0715,airy_ethereal
143.25,0.4008,0.8606,0.1878,0.2443,230.16,360.89,0.8958,deep_calm
1460.95,0.0978,0.0786,0.3151,0.8186,2402.92,992.12,0.9561,airy_ethereal
105.6,0.3127,0.9574,0.2897,0.1827,300.67,458.04,0.1896,deep_calm
442.74,0.42,0.5594,0.5978,0.1781,819.0,455.54,1.2332,warm_soft
607.15,0.8268,0.2296,0.9669,0.9881,3494.97,1520.44,1.5303,sharp_chaotic
238.48,0.2167,0.5625,0.6929,0.1652,558.57,619.48,0.6495,warm_soft
574.99,0.7236,0.3275,0.5836,0.587,1905.39,746.14,0.8212,bright_energetic
1311.22,0.2129,0.1787,0.2817,0.6499,849.11,1892.99,0.7978,airy_ethereal
1563.1,0.7927,0.3179,0.9556,0.8385,4322.21,994.98,1.1361,sharp_chaotic
138.39,0.4427,0.8919,0.1369,0.0934,295.72,333.91,1.971,deep_calm
1090.68,0.99,0.2854,0.4627,0.7982,3507.97,1068.58,1.5496,sharp_chaotic
1118.63,0.1727,0.1757,0.5096,0.559,1918.0,1225.42,1.1984,airy_ethereal
569.9,0.2105,0.7491,0.6148,0.2278,1151.0,534.61,0.9297,warm_soft
1027.65,0.2139,0.116,0.2473,0.6944,2732.13,980.96,0.0963,airy_ethereal
1606.53,0.9258,0.2255,0.4171,0.7678,3165.03,1723.48,0.4685,sharp_chaotic
136.69,0.3521,0.9055,0.4303,0.3228,206.74,439.88,1.5628,deep_calm
336.12,0.6048,0.7808,0.6767,0.0533,706.99,572.73,1.2439,warm_soft
356.26,0.4538,0.4572,0.6252,0.1625,1137.72,642.73,0.2015,warm_soft
1527.38,0.3832,0.1897,0.5592,0.7818,2300.25,1581.29,1.806,airy_ethereal
918.69,0.5797,0.2593,0.7208,0.5716,1805.9,793.1,1.6932,bright_energetic
1933.59,0.9854,0.01,0.2601,0.8389,3617.66,1066.17,0.4904,sharp_chaotic
292.76,0.368,0.5903,0.3539,0.145,251.78,571.17,1.7547,warm_soft
1727.76,0.6162,0.1455,0.6157,0.626,3962.01,1698.19,1.5324,sharp_chaotic
1078.63,0.762,0.4925,0.3752,0.7344,3758.52,1748.06,1.8102,sharp_chaotic
1249.44,0.7117,0.3233,0.8602,0.5012,1355.55,919.96,1.5469,bright_energetic
538.0,0.7365,0.3874,0.4492,0.4968,1891.24,1001.58,1.7413,bright_energetic
865.37,0.5144,0.0502,0.5527,0.7374,2316.96,880.89,0.1904,airy_ethereal
1578.78,0.3852,0.0775,0.3552,0.6172,2695.16,806.53,1.654,airy_ethereal
2181.21,0.7552,0.1747,0.6075,0.7978,3526.92,1704.05,1.103,sharp_chaotic
131.11,0.3236,0.7726,0.2698,0.01,381.46,189.66,1.6761,deep_calm
200.63,0.3834,0.6865,0.2481,0.0263,71.42,130.07,0.9779,deep_calm
183.98,0.3778,0.5925,0.2432,0.0749,50.0,251.29,1.6897,deep_calm
1004.27,0.4736,0.0976,0.4894,0.6886,4081.3,1037.47,0.3684,airy_ethereal
727.11,0.5961,0.1918,0.5146,0.6704,4799.3,1448.75,0.0459,sharp_chaotic
394.18,0.598,0.8744,0.5211,0.2387,624.5,474.38,1.2717,warm_soft
344.98,0.2486,0.3778,0.5799,0.035,841.19,349.21,0.7359,warm_soft
1118.08,0.3473,0.1096,0.1924,0.7926,1787.13,1592.52,1.6122,airy_ethereal
227.67,0.4788,0.3783,0.4364,0.0867,966.19,323.39,1.9878,warm_soft
219.94,0.2977,0.6838,0.3789,0.0721,50.0,480.37,1.6194,deep_calm
79.93,0.6696,0.5325,0.482,0.1102,548.82,397.41,0.9396,warm_soft
213.42,0.7036,0.598,0.7393,0.1209,797.4,589.5,0.0635,warm_soft
1192.57,0.3782,0.1446,0.5396,0.5767,2275.59,1342.49,0.5653,airy_ethereal
147.33,0.068,0.7483,0.2978,0.0697,321.25,409.89,0.5131,deep_calm
1337.34,0.8997,0.4436,0.7447,0.6988,2296.1,1154.69,0.8269,bright_energetic
1097.07,0.5978,0.2355,0.5707,0.3448,1969.64,728.14,0.9695,bright_energetic
1616.58,0.8119,0.2115,0.5974,0.8361,3486.32,99.61,0.356,sharp_chaotic
1227.43,0.7842,0.2429,0.667,0.6359,2730.12,1924.89,1.972,sharp_chaotic
1218.72,0.3252,0.0744,0.6653,0.6118,1536.06,1688.61,0.1951,airy_ethereal
413.39,0.3595,0.1066,0.3966,0.8292,2340.53,764.03,0.9955,airy_ethereal
478.56,0.698,0.2611,0.7169,0.7382,1582.1,851.42,1.6094,bright_energetic
46.75,0.5146,0.5859,0.0795,0.1514,445.0,299.52,0.0464,deep_calm
1500.71,0.346,0.1448,0.2464,0.893,1585.49,839.66,0.1971,airy_ethereal
183.72,0.2223,0.6442,0.6345,0.1309,756.48,304.17,0.3673,warm_soft
1066.46,0.5108,0.024,0.3072,0.2841,2812.46,563.77,1.8774,airy_ethereal
385.2,0.5168,0.4095,0.5018,0.2691,1115.09,665.01,1.3725,warm_soft
1617.55,0.7488,0.1695,0.7938,0.9625,3321.18,1454.05,1.7948,sharp_chaotic
183.18,0.4838,0.5341,0.8992,0.01,698.8,568.42,0.7979,warm_soft
1717.37,0.7075,0.3434,0.434,0.7179,4118.88,1650.65,1.5938,sharp_chaotic
1014.81,0.9777,0.1066,0.6426,0.7191,2300.56,882.81,0.8272,bright_energetic
149.77,0.3912,0.5703,0.1549,0.1668,376.49,457.03,1.4217,deep_calm
302.75,0.1921,0.6471,0.3534,0.0587,521.73,198.69,1.4581,deep_calm
2249.8,0.7906,0.2523,0.2745,0.8508,2735.37,1904.01,0.3436,sharp_chaotic
90.94,0.4099,0.773,0.1815,0.0783,194.99,340.05,1.3881,deep_calm
660.5,0.3068,0.0875,0.3191,0.665,3182.88,1218.4,1.6055,airy_ethereal
786.67,0.7117,0.1231,0.7513,0.5302,2456.02,1274.51,1.4037,bright_energetic
655.89,0.7963,0.2759,0.5241,0.4034,1556.49,664.83,1.2456,bright_energetic
404.85,0.2907,0.5079,0.5369,0.3263,1028.07,430.71,1.7352,warm_soft
1292.83,0.8054,0.2119,0.4465,0.9785,2921.08,1646.96,1.5398,sharp_chaotic
1009.27,0.4511,0.1392,0.5461,0.7336,3836.4,1456.44,0.076,airy_ethereal
173.43,0.4234,0.5441,0.7872,0.3272,751.31,243.71,1.9845,warm_soft
757.75,0.1866,0.1008,0.3731,0.6992,2907.46,1263.04,0.6034,airy_ethereal
172.01,0.4969,0.8322,0.3857,0.1396,918.08,73.58,1.2868,deep_calm
185.34,0.4216,0.4961,0.5513,0.0551,512.63,530.22,1.3219,warm_soft
1392.22,0.3934,0.1303,0.3514,0.7424,2896.26,986.46,0.4142,airy_ethereal
314.84,0.4983,0.6333,0.517,0.1574,1059.34,519.81,1.052,warm_soft
1937.35,0.7159,0.2244,0.7108,0.7859,4136.91,1405.36,0.764,sharp_chaotic
214.65,0.2416,0.5679,0.2285,0.0748,325.6,177.36,1.8289,deep_calm
177.67,0.368,0.6043,0.2672,0.1391,599.17,287.69,0.3902,deep_calm
405.13,0.6817,0.4528,0.4319,0.2804,1042.36,354.61,1.937,warm_soft
214.46,0.299,0.7901,0.2978,0.0611,457.57,313.27,0.2062,deep_calm
1080.0,0.6184,0.1493,0.5943,0.4217,1669.23,858.92,0.8971,bright_energetic
740.27,0.2363,0.2062,0.3143,0.99,1900.03,2223.69,0.05,airy_ethereal
139.63,0.32,0.8732,0.3255,0.1443,438.39,145.7,1.2505,deep_calm
2536.31,0.6781,0.0474,0.4218,0.801,3244.92,1205.14,1.6472,sharp_chaotic
137.76,0.4749,0.407,0.436,0.1624,584.94,350.75,1.0721,warm_soft
1165.7,0.4984,0.081,0.4713,0.7386,3534.56,849.4,1.3773,airy_ethereal
1209.7,0.1977,0.1766,0.4912,0.6249,2204.26,1132.13,1.0864,airy_ethereal
1384.53,0.7065,0.1666,0.5812,0.8615,3797.37,1256.74,0.8252,sharp_chaotic
1581.89,0.8362,0.3369,0.6303,0.6547,2956.22,1289.74,1.8341,sharp_chaotic
345.43,0.3808,0.5166,0.4752,0.2317,721.8,572.08,1.689,warm_soft
454.07,0.47,0.7198,0.7446,0.2462,894.41,552.81,1.8732,warm_soft
227.21,0.2239,0.7106,0.3633,0.1587,604.82,232.82,0.748,deep_calm
1121.79,0.3692,0.0559,0.297,0.6956,3094.19,1453.49,1.0186,airy_ethereal
113.2,0.1107,0.6832,0.3033,0.2522,50.0,123.91,0.8355,deep_calm
1483.34,0.3013,0.0537,0.5868,0.5494,2580.62,1169.7,0.1676,airy_ethereal
1490.37,0.7328,0.01,0.3552,0.9219,4359.63,1645.52,1.6198,sharp_chaotic
369.94,0.5426,0.6329,0.5018,0.1306,710.08,624.27,0.4486,warm_soft
516.21,0.2554,0.4145,0.7898,0.1671,1028.18,419.75,1.8582,warm_soft
1679.6,0.8517,0.0769,0.5594,0.7091,3041.47,617.15,0.7377,sharp_chaotic
750.06,0.2011,0.0688,0.3733,0.9893,2104.4,1421.9,0.913,airy_ethereal
370.6,0.6182,0.1824,0.4678,0.5959,2467.36,1041.88,0.8197,bright_energetic
339.11,0.4153,0.6706,0.2154,0.2852,953.58,135.89,1.1911,deep_calm
159.12,0.3026,0.5005,0.3449,0.179,650.25,344.97,0.3805,warm_soft
422.59,0.7959,0.1357,0.7459,0.715,1445.34,1077.49,1.2608,bright_energetic
1231.55,0.7203,0.2269,0.5142,0.615,4628.22,1628.47,1.8944,sharp_chaotic
155.1,0.1288,0.6892,0.2029,0.1012,251.72,316.27,1.0994,deep_calm
1101.91,0.5114,0.2129,0.3578,0.3631,3034.2,1622.46,1.5757,airy_ethereal
553.45,0.4863,0.3455,0.7279,0.1575,678.32,832.93,0.5244,warm_soft
964.46,0.7919,0.4214,0.8217,0.8203,2713.08,1082.17,1.2316,bright_energetic
1665.92,0.4238,0.1082,0.3146,0.802,2573.35,1224.12,1.2055,airy_ethereal
153.7,0.396,0.8873,0.2459,0.01,179.19,234.77,0.4895,deep_calm
180.54,0.3637,0.7225,0.3981,0.01,79.05,162.02,0.7097,deep_calm
1067.76,0.5241,0.3063,0.8095,0.5451,2341.84,1231.96,1.1491,bright_energetic
764.19,0.7254,0.0548,0.7726,0.5344,1994.33,927.28,0.3812,bright_energetic
2523.72,0.7565,0.5435,0.2884,0.8143,3605.41,1752.46,1.4171,sharp_chaotic
520.77,0.6798,0.0885,0.5145,0.6,1643.14,1085.61,1.8191,bright_energetic
1005.97,0.5951,0.3574,0.6764,0.5974,1254.95,955.16,0.4039,bright_energetic
799.01,0.7632,0.0726,0.6957,0.6503,2285.71,986.45,1.279,bright_energetic
1074.3,0.6019,0.0764,0.2871,0.7075,2821.02,1396.42,0.0041,airy_ethereal
511.07,0.9219,0.3254,0.6811,0.6981,2243.05,958.56,1.765,bright_energetic
1761.22,0.6373,0.4289,0.4649,0.9132,1557.92,2035.37,0.5292,sharp_chaotic
1054.22,0.7122,0.3503,0.6989,0.9187,3162.66,1788.69,1.0607,sharp_chaotic
488.65,0.01,0.1074,0.3101,0.7253,3871.78,677.01,1.5699,airy_ethereal
224.17,0.7286,0.9394,0.0391,0.1667,94.64,317.25,1.3971,deep_calm
127.34,0.4038,0.3877,0.6275,0.2622,787.09,535.96,1.2616,warm_soft
882.75,0.4955,0.2922,0.4372,0.8943,3651.38,1958.19,0.9589,sharp_chaotic
1173.13,0.3042,0.0301,0.1394,0.8309,1967.86,1456.62,1.1285,airy_ethereal
594.9,0.04,0.0637,0.3981,0.4052,2432.55,1357.58,0.1251,airy_ethereal
590.31,0.3838,0.4552,0.4494,0.1832,450.47,476.49,0.9549,warm_soft
885.34,0.3579,0.0297,0.5645,0.6954,2952.68,1675.85,0.3417,airy_ethereal
1633.22,0.2388,0.1238,0.6059,0.5369,2368.11,609.81,1.2007,airy_ethereal
301.99,0.5013,0.2093,0.6221,0.6832,1809.2,101.58,1.7855,bright_energetic
1092.38,0.8163,0.4181,0.2078,0.8636,3369.38,1767.56,1.9558,sharp_chaotic
1216.49,0.2734,0.1361,0.3523,0.6667,2932.55,897.12,1.4862,airy_ethereal
236.88,0.3524,0.7754,0.3408,0.2615,386.43,114.39,1.4488,deep_calm
540.08,0.1249,0.2153,0.3047,0.7084,2579.44,989.25,1.5241,airy_ethereal
765.27,0.699,0.1855,0.452,0.8695,2373.63,927.13,0.1,bright_energetic
868.14,0.3982,0.0349,0.3765,0.4304,3004.38,1260.56,0.3403,bright_energetic
505.52,0.4011,0.1727,0.4404,0.5675,2619.35,454.08,0.7746,airy_ethereal
42.24,0.3828,0.7622,0.3842,0.01,126.59,66.37,0.6522,deep_calm
1147.58,0.6425,0.0682,0.645,0.6735,2591.75,851.36,1.3646,bright_energetic
565.46,0.7745,0.01,0.5265,0.5694,1242.72,226.01,1.9326,bright_energetic
1222.86,0.476,0.0923,0.5073,0.509,3390.24,1147.44,1.3417,airy_ethereal
1065.95,0.7581,0.1533,0.5033,0.6929,2137.63,1457.75,0.3717,bright_energetic
2274.21,0.5091,0.1171,0.552,0.7141,3406.81,1632.45,0.0419,sharp_chaotic
214.12,0.9109,0.225,0.7521,0.3859,1544.54,860.53,1.5585,bright_energetic
584.68,0.329,0.2579,0.5521,0.2783,726.58,428.01,1.2423,warm_soft
2011.38,0.4958,0.1198,0.585,0.6892,2609.79,1084.86,1.5894,sharp_chaotic
1056.8,0.719,0.0273,0.6,0.9672,2420.71,1390.97,1.1709,sharp_chaotic
1413.62,0.4459,0.1997,0.3418,0.7164,2147.96,1175.02,1.1346,airy_ethereal
372.0,0.4739,0.5345,0.6725,0.2508,700.87,278.9,0.6726,warm_soft
570.23,0.3782,0.5993,0.6252,0.1149,736.7,584.07,1.2697,warm_soft
222.44,0.4884,0.6651,0.057,0.0964,386.69,274.42,1.2967,deep_calm
937.99,0.463,0.401,0.6882,0.5768,1849.08,879.14,0.9994,bright_energetic
716.09,0.6042,0.2102,0.6917,0.8227,1521.83,457.15,0.8768,bright_energetic
742.27,0.516,0.241,0.5828,0.4557,1564.16,300.26,1.9759,bright_energetic
186.81,0.4996,0.686,0.4661,0.0132,292.13,177.46,1.8346,deep_calm
973.72,0.6775,0.3355,0.3087,0.6038,3022.0,1584.6,0.5343,sharp_chaotic
1316.46,0.2605,0.1698,0.3942,0.3935,2495.16,1349.1,1.2946,airy_ethereal
1180.08,0.717,0.3807,0.5923,0.457,1363.9,939.19,1.5724,bright_energetic
554.59,0.5639,0.4832,0.4168,0.2109,539.1,573.63,0.6791,warm_soft
666.11,0.6882,0.2939,0.4734,0.6289,3052.6,681.8,1.4501,sharp_chaotic
81.29,0.6756,0.9332,0.2678,0.1923,123.07,285.33,0.2999,deep_calm
277.74,0.596,0.4637,0.734,0.2333,461.9,299.81,1.6757,warm_soft
431.76,0.4552,0.741,0.2137,0.275,916.39,604.97,1.8292,warm_soft
1504.63,0.4454,0.1549,0.4007,0.5521,2796.67,1291.49,0.1672,airy_ethereal
1770.19,0.7715,0.1799,0.4674,0.6955,3197.15,1488.91,0.0852,sharp_chaotic
128.57,0.3595,0.8212,0.2897,0.3744,581.21,164.59,1.6317,deep_calm
746.41,0.8329,0.3137,0.5913,0.6001,1901.04,1114.22,1.8332,bright_energetic
184.78,0.1502,0.7174,0.321,0.0658,287.12,277.88,1.548,deep_calm
20.0,0.383,0.6101,0.2561,0.194,123.17,252.86,1.2018,deep_calm
595.86,0.8107,0.2529,0.7264,0.9006,3624.82,1817.39,1.0517,sharp_chaotic
446.07,0.4446,0.6283,0.5729,0.2737,488.74,441.89,1.8124,warm_soft
1312.25,0.9041,0.0553,0.2187,0.7163,3756.25,1333.03,1.1958,sharp_chaotic
204.54,0.3448,0.8544,0.3457,0.01,671.29,360.58,1.0492,deep_calm
1612.12,0.1974,0.1856,0.2866,0.5242,1104.45,1044.37,1.1622,airy_ethereal
1154.76,0.2202,0.1641,0.3416,0.4858,2484.3,977.41,1.5344,airy_ethereal
662.37,0.9269,0.2273,0.1923,0.8379,3930.38,993.29,0.1941,sharp_chaotic
1139.19,0.8288,0.1247,0.6375,0.3846,2071.57,633.39,1.6374,bright_energetic
702.63,0.7915,0.2492,0.7446,0.7591,1752.65,512.62,1.9951,bright_energetic
1018.17,0.2798,0.1315,0.2611,0.8577,1837.87,1603.7,0.1709,airy_ethereal
228.36,0.6235,0.4398,0.8226,0.1943,693.37,341.91,1.2254,warm_soft
1137.78,0.419,0.01,0.4182,0.7308,1885.36,637.57,1.5839,bright_energetic
760.68,0.7416,0.0818,0.777,0.4437,1817.21,543.96,0.7023,bright_energetic
310.68,0.3547,0.112,0.2462,0.7979,3277.63,1283.44,1.93,airy_ethereal
400.88,0.2185,0.3016,0.7875,0.359,861.68,280.55,0.1767,warm_soft
1126.23,0.99,0.5205,0.4718,0.8625,3103.54,2150.71,1.0618,sharp_chaotic
314.85,0.3779,0.6023,0.1916,0.0637,78.85,93.85,1.4068,deep_calm
380.53,0.3465,0.4714,0.57,0.1517,999.86,153.48,0.1064,warm_soft
1788.57,0.4943,0.1255,0.4319,0.7769,2392.93,823.17,0.3763,airy_ethereal
51.86,0.3883,0.6653,0.352,0.0772,339.14,142.94,1.9856,deep_calm
697.49,0.7814,0.2424,0.7097,0.5163,1388.63,1182.85,0.4497,bright_energetic
824.7,0.5952,0.1472,0.7265,0.5745,2325.94,982.31,1.1927,bright_energetic
430.76,0.4433,0.5184,0.4413,0.2385,512.93,471.5,0.0233,warm_soft
1985.69,0.5026,0.1371,0.1271,0.6994,2028.5,1739.27,0.251,airy_ethereal
1091.15,0.5606,0.0373,0.9368,0.5433,2214.68,696.43,0.0652,bright_energetic
238.55,0.5673,0.7031,0.105,0.1523,412.98,225.24,0.6428,deep_calm
804.97,0.4229,0.6925,0.498,0.2082,856.49,560.62,1.6869,warm_soft
263.86,0.3299,0.3694,0.7318,0.3071,821.28,524.6,1.9577,warm_soft
539.78,0.7545,0.0622,0.99,0.6482,1971.25,781.03,1.1566,bright_energetic
167.96,0.5999,0.6966,0.2269,0.1258,161.39,182.78,1.1919,deep_calm
785.45,0.4969,0.1992,0.7282,0.6262,1728.86,915.54,0.7973,bright_energetic
964.9,0.4091,0.2381,0.7405,0.5688,2385.8,793.29,0.8012,bright_energetic
256.62,0.4197,0.5445,0.2825,0.0523,50.0,142.78,1.6021,deep_calm
540.65,0.8232,0.0783,0.4356,0.4058,1381.26,813.53,1.6355,bright_energetic
1991.38,0.8385,0.3947,0.2981,0.913,2083.35,863.29,1.7302,sharp_chaotic
1047.66,0.051,0.1667,0.2487,0.3943,2275.86,1874.19,1.2409,airy_ethereal
1818.06,0.6459,0.1761,0.6753,0.8107,3813.64,1254.73,1.3742,sharp_chaotic
843.92,0.5202,0.01,0.2924,0.7165,3433.16,731.59,1.652,sharp_chaotic
708.06,0.2895,0.7169,0.4392,0.1318,744.62,422.49,0.1342,warm_soft
171.14,0.5558,0.5479,0.1425,0.1917,255.43,288.56,1.9867,deep_calm
1408.98,0.4983,0.124,0.6825,0.6788,2433.07,616.49,1.3803,bright_energetic
278.76,0.4073,0.5024,0.683,0.2259,996.24,749.53,1.8626,warm_soft
68.0,0.2057,0.744,0.4168,0.0857,239.78,195.0,1.1566,deep_calm
124.0,0.3108,0.99,0.1889,0.0404,236.82,254.11,0.1465,deep_calm
1107.74,0.99,0.1596,0.6257,0.6018,1691.29,906.48,1.9242,bright_energetic
174.89,0.2605,0.7198,0.4134,0.1439,490.65,170.47,0.849,deep_calm
342.91,0.4817,0.6277,0.7082,0.0856,623.2,601.44,0.4855,warm_soft
523.21,0.4543,0.3691,0.4031,0.0623,795.26,465.47,1.0242,warm_soft
685.59,0.5192,0.1793,0.7097,0.4596,2759.96,823.25,1.1705,bright_energetic
756.15,0.6409,0.153,0.4626,0.426,1676.49,1202.37,1.8537,bright_energetic
151.54,0.2269,0.6739,0.4709,0.0716,60.16,351.78,1.2856,deep_calm
314.71,0.391,0.4007,0.6106,0.0558,805.84,216.86,0.2325,warm_soft
1263.75,0.4875,0.01,0.3714,0.7774,3050.38,2117.47,1.9681,airy_ethereal
2097.35,0.8754,0.219,0.5922,0.819,2768.64,2207.5,1.5118,sharp_chaotic
1154.54,0.6167,0.0317,0.4406,0.7581,3634.38,1928.18,0.0555,sharp_chaotic
1517.37,0.5264,0.01,0.3544,0.6969,3059.59,915.46,1.0502,airy_ethereal
477.26,0.6089,0.5482,0.6464,0.2217,672.31,312.8,1.9018,warm_soft
604.67,0.2702,0.3736,0.4764,0.1678,1229.22,378.74,1.817,warm_soft
114.15,0.6689,0.2467,0.6978,0.7631,1908.68,861.49,1.672,bright_energetic
632.69,0.5328,0.0662,0.7023,0.6665,1682.35,863.61,0.7348,bright_energetic
403.98,0.1388,0.7159,0.6387,0.2405,734.21,692.0,0.1525,warm_soft
1022.69,0.7894,0.1664,0.7602,0.5553,1668.17,987.79,1.4159,bright_energetic
301.56,0.5875,0.7251,0.5103,0.1697,221.81,339.05,0.6711,deep_calm
391.28,0.3643,0.2661,0.703,0.079,1003.62,506.4,0.8321,warm_soft
309.81,0.4871,0.4571,0.5388,0.1573,359.82,241.8,0.0203,deep_calm
1896.12,0.8553,0.0608,0.4497,0.8284,3370.26,2170.03,1.97,sharp_chaotic
794.62,0.5671,0.2673,0.5846,0.4389,1774.13,1308.65,1.4705,bright_energetic
241.96,0.7618,0.5353,0.6852,0.2165,606.76,328.47,1.0925,warm_soft
219.13,0.391,0.6756,0.3887,0.2302,1125.24,189.69,1.4718,warm_soft
168.54,0.2807,0.5968,0.5622,0.2513,813.71,288.09,1.2301,warm_soft
2299.42,0.99,0.2817,0.4543,0.7966,2909.65,1708.66,1.9347,sharp_chaotic
276.05,0.3333,0.6462,0.2585,0.3793,536.59,20.0,1.1622,deep_calm
200.3,0.407,0.9467,0.308,0.0775,50.0,172.06,0.5043,deep_calm
2871.64,0.9131,0.146,0.4166,0.919,3885.91,822.51,0.1974,sharp_chaotic
981.0,0.5267,0.1138,0.2982,0.3766,3591.96,1200.21,0.2533,airy_ethereal
519.18,0.7391,0.1101,0.8352,0.5953,925.13,958.29,1.0752,bright_energetic
885.55,0.4636,0.3585,0.6342,0.5761,2076.31,1105.65,1.589,bright_energetic
172.82,0.2715,0.5253,0.3206,0.1592,280.09,285.66,1.7734,deep_calm
569.89,0.6214,0.1483,0.6185,0.4652,1335.05,560.9,1.746,bright_energetic
1657.02,0.1866,0.2033,0.4819,0.9699,1480.73,708.46,1.4203,airy_ethereal
498.64,0.6712,0.4928,0.8296,0.1857,585.14,381.7,0.2815,warm_soft
290.6,0.5688,0.5397,0.416,0.3864,1250.77,450.99,0.172,warm_soft
1096.91,0.7034,0.4639,0.4684,0.7702,3441.73,1403.62,1.1277,sharp_chaotic
894.05,0.7919,0.333,0.5318,0.8734,1458.74,1193.59,1.3263,bright_energetic
732.01,0.7374,0.3223,0.4777,0.5193,1827.82,679.36,0.6092,bright_energetic
898.68,0.5107,0.0732,0.1596,0.5188,1134.05,1238.99,0.3928,airy_ethereal
908.79,0.474,0.1123,0.288,0.6913,1307.8,976.22,1.4711,airy_ethereal
74.52,0.3722,0.8896,0.3098,0.05,409.04,116.49,1.9128,deep_calm
871.91,0.8796,0.0761,0.6567,0.518,1078.32,930.18,0.6655,bright_energetic
180.77,0.5098,0.5958,0.3181,0.2565,50.0,447.89,0.9299,deep_calm
633.67,0.2791,0.1405,0.635,0.7096,2354.14,1010.21,0.8097,airy_ethereal
396.75,0.403,0.1471,0.3196,0.7664,2473.94,536.55,1.2883,airy_ethereal
95.3,0.3457,0.8331,0.1804,0.1519,230.33,244.56,0.992,deep_calm
995.53,0.5831,0.3068,0.7118,0.3441,2321.81,950.32,1.0923,bright_energetic
1129.14,0.886,0.154,0.51,0.7544,2154.78,975.54,0.1748,bright_energetic
453.22,0.6322,0.0776,0.4616,0.5134,2253.65,1409.43,0.8363,airy_ethereal
1334.73,0.464,0.1003,0.1226,0.431,2312.0,1241.83,0.6228,airy_ethereal
1450.89,0.99,0.0202,0.6518,0.643,3729.3,1908.51,1.4483,sharp_chaotic
996.32,0.4364,0.1077,0.2703,0.9539,3807.35,1271.72,1.2154,airy_ethereal
333.53,0.5026,0.4389,0.6361,0.1641,1034.76,363.5,0.3574,warm_soft
224.52,0.4199,0.6396,0.4775,0.4256,817.13,558.64,1.4886,warm_soft
86.91,0.0766,0.99,0.2844,0.1822,90.25,316.59,1.4879,deep_calm
49.67,0.2868,0.8536,0.418,0.18,253.42,407.51,1.9951,deep_calm
1660.28,0.7603,0.3642,0.3308,0.6503,2363.6,832.56,1.8506,sharp_chaotic
391.88,0.6037,0.6095,0.3603,0.2178,798.77,295.86,0.0231,warm_soft
217.25,0.3353,0.4891,0.3714,0.2063,293.97,189.56,0.8973,deep_calm
104.63,0.1271,0.9262,0.2322,0.0989,325.56,331.63,1.0404,deep_calm
2183.85,0.99,0.2931,0.1875,0.9075,2921.91,1803.64,1.6,sharp_chaotic
162.91,0.3807,0.7381,0.3066,0.0729,95.39,102.56,0.9873,deep_calm
263.55,0.3896,0.7841,0.1858,0.0699,296.21,375.21,0.0888,deep_calm
456.94,0.6544,0.511,0.7068,0.0545,871.32,612.63,0.1814,warm_soft
90.25,0.2574,0.435,0.2585,0.2204,120.2,230.59,0.42,deep_calm
714.79,0.3034,0.1126,0.7068,0.8433,2269.48,1565.82,1.8737,airy_ethereal
1488.17,0.7857,0.077,0.7036,0.5953,1308.25,633.17,0.1115,bright_energetic
1262.9,0.99,0.2445,0.4349,0.76,3159.63,1549.25,0.6639,sharp_chaotic
203.09,0.416,0.4918,0.6117,0.2384,649.31,612.42,0.3237,warm_soft
314.4,0.3162,0.6081,0.7241,0.2826,618.6,370.32,0.8707,warm_soft
335.41,0.8887,0.01,0.7498,0.552,1448.59,1003.42,0.6798,bright_energetic
1496.81,0.6863,0.2069,0.01,0.6778,2921.98,2116.65,0.4081,sharp_chaotic
1900.49,0.6281,0.0639,0.5672,0.8075,2943.68,1366.62,1.1705,sharp_chaotic
506.59,0.7143,0.122,0.8183,0.9041,1890.9,719.81,1.8225,bright_energetic
665.91,0.4691,0.5967,0.7262,0.2006,1044.67,425.39,0.4427,warm_soft
57.17,0.5246,0.5534,0.2954,0.1306,480.37,389.27,0.2408,deep_calm
1458.05,0.0283,0.01,0.4712,0.7577,3014.6,1525.11,0.5448,airy_ethereal
203.24,0.3603,0.5444,0.2522,0.1621,628.34,337.89,1.1746,deep_calm
322.12,0.4279,0.6139,0.1622,0.1319,334.02,132.26,0.3142,deep_calm
1254.12,0.5681,0.3152,0.5794,0.6598,1730.97,1022.12,1.0665,bright_energetic
971.6,0.9532,0.2542,0.4325,0.7577,2448.74,960.9,1.483,sharp_chaotic
1138.05,0.6973,0.2082,0.7729,0.5071,1846.64,1093.48,1.2076,bright_energetic
1238.52,0.5792,0.1819,0.7454,0.5714,1178.64,814.94,1.7461,bright_energetic
707.13,0.3097,0.1644,0.3082,0.6161,2867.11,1892.69,0.7566,airy_ethereal
203.58,0.1687,0.716,0.2896,0.1147,640.91,231.0,0.9907,deep_calm
451.93,0.8433,0.37,0.422,0.4354,1602.58,951.93,1.2182,bright_energetic
343.92,0.3883,0.7123,0.3549,0.01,373.26,240.73,0.4906,deep_calm
1453.85,0.4042,0.0416,0.4109,0.5736,2383.03,746.59,0.8777,airy_ethereal
666.37,0.8863,0.2342,0.6091,0.6682,2691.65,1100.66,0.7642,bright_energetic
1205.28,0.6975,0.2351,0.343,0.4453,2081.49,750.44,1.6444,bright_energetic
166.83,0.5593,0.6526,0.619,0.0906,1296.04,475.95,1.5684,warm_soft
412.52,0.7155,0.1813,0.8885,0.9125,2058.81,661.1,1.3719,bright_energetic
1350.39,0.3401,0.1193,0.3012,0.5874,2290.85,1056.96,0.6143,airy_ethereal
1389.86,0.9061,0.2784,0.3322,0.9548,3297.27,1563.03,0.7891,sharp_chaotic
1714.0,0.6971,0.3722,0.5497,0.8439,3329.06,1651.07,1.1737,sharp_chaotic
260.22,0.3872,0.4458,0.6766,0.2069,359.62,453.48,0.658,warm_soft
964.54,0.89,0.1908,0.3757,0.7144,4031.53,1286.02,0.0249,sharp_chaotic
646.03,0.7652,0.2475,0.5772,0.5846,2501.17,957.62,0.6677,bright_energetic
1531.61,0.7942,0.2451,0.6615,0.7274,3706.73,1284.65,1.9869,sharp_chaotic
67.35,0.2516,0.8586,0.1022,0.3597,112.42,45.61,0.0638,deep_calm
261.77,0.5123,0.5373,0.1052,0.1822,299.24,285.81,0.358,deep_calm
563.73,0.4845,0.5702,0.5935,0.0904,862.27,426.72,0.8261,warm_soft
181.03,0.3535,0.8458,0.0767,0.1781,495.67,20.0,0.1564,deep_calm
637.49,0.4151,0.01,0.6015,0.6052,2289.0,947.9,0.2553,bright_energetic
847.4,0.6652,0.22,0.8381,0.99,3384.21,953.69,1.5078,sharp_chaotic
628.78,0.3203,0.1236,0.2621,0.5654,3228.39,969.66,1.1038,airy_ethereal
1225.03,0.4126,0.0425,0.502,0.5233,2497.74,1990.21,1.3959,airy_ethereal
754.75,0.5473,0.0877,0.2998,0.7377,2213.49,1575.91,1.7897,airy_ethereal
243.07,0.2809,0.9343,0.3548,0.1008,128.79,322.3,1.6265,deep_calm
1318.22,0.6413,0.1855,0.5044,0.6007,3260.86,1869.35,0.534,sharp_chaotic
672.4,0.5666,0.459,0.6999,0.3466,1094.49,391.75,0.6342,warm_soft
1623.95,0.3036,0.056,0.4202,0.7218,2359.28,1450.92,1.5293,airy_ethereal
573.11,0.4083,0.4655,0.4495,0.3275,867.09,385.0,1.4862,warm_soft
356.93,0.4445,0.6951,0.6948,0.4022,1341.27,20.0,1.9986,warm_soft
621.3,0.4904,0.1585,0.7491,0.6664,3222.82,805.46,1.3819,airy_ethereal
547.08,0.4689,0.0767,0.3572,0.6227,2195.62,1240.09,1.4933,airy_ethereal
1539.84,0.299,0.1172,0.3473,0.266,2480.59,1345.61,0.9012,airy_ethereal
314.38,0.6321,0.6736,0.7969,0.1958,673.77,325.69,1.8698,warm_soft
673.62,0.3464,0.0933,0.3574,0.7718,1916.4,1887.74,1.888,airy_ethereal
1400.34,0.448,0.1247,0.3844,0.6505,2686.51,1284.59,0.4688,airy_ethereal
20.0,0.3166,0.822,0.01,0.1341,276.56,203.41,0.2364,deep_calm
1484.52,0.7583,0.0842,0.3866,0.811,2689.79,1349.29,1.6113,sharp_chaotic
1524.75,0.5753,0.3978,0.5502,0.9456,2618.29,991.8,1.9168,sharp_chaotic
490.72,0.1907,0.4467,0.5715,0.3541,1096.14,213.93,0.2038,warm_soft
1204.8,0.7766,0.1956,0.7134,0.4468,1826.27,917.8,0.6699,bright_energetic
1047.68,0.1758,0.1527,0.4652,0.7289,2423.6,874.9,0.827,airy_ethereal
554.8,0.546,0.3585,0.6648,0.4543,2554.15,1201.52,0.2421,bright_energetic
779.38,0.5239,0.1957,0.4007,0.3791,2007.49,830.46,1.3593,airy_ethereal
722.58,0.3887,0.2727,0.1668,0.7682,2606.29,1327.87,1.7432,airy_ethereal
367.73,0.6448,0.6173,0.6273,0.0713,582.17,340.55,0.0723,warm_soft
20.0,0.3579,0.4708,0.1918,0.0937,92.92,516.76,1.4387,deep_calm
341.77,0.67,0.2653,0.6337,0.3768,894.83,468.91,1.519,warm_soft
819.48,0.9366,0.244,0.6874,0.5399,1873.58,926.81,0.7538,bright_energetic
1130.71,0.6279,0.2003,0.3825,0.6167,2255.15,1397.44,1.1658,sharp_chaotic
990.09,0.4679,0.2555,0.2509,0.751,3212.25,1572.32,1.8186,airy_ethereal
251.36,0.5331,0.6073,0.7772,0.3502,946.58,285.78,0.1273,warm_soft
780.06,0.7342,0.2018,0.5917,0.4293,1920.0,526.03,1.423,bright_energetic
351.46,0.4792,0.8648,0.3233,0.0871,548.51,203.11,0.5652,deep_calm
1713.77,0.9434,0.27,0.3742,0.9528,3968.69,1813.18,1.4741,sharp_chaotic
75.93,0.3634,0.9209,0.2903,0.0666,181.55,237.23,1.4921,deep_calm
20.0,0.2687,0.8733,0.4078,0.1388,289.3,596.54,1.7609,deep_calm
196.9,0.474,0.5094,0.5364,0.0511,879.67,830.65,0.0323,warm_soft
224.82,0.5109,0.5562,0.5823,0.02,909.25,444.86,1.4433,warm_soft
365.43,0.2783,0.7871,0.4882,0.1381,449.03,52.82,1.1824,deep_calm
409.44,0.358,0.7943,0.3716,0.1452,225.4,514.66,0.7213,deep_calm
977.26,0.8242,0.0603,0.523,0.8626,3362.65,1480.02,1.2876,sharp_chaotic
192.48,0.3685,0.4814,0.7055,0.0809,726.32,218.27,1.5987,warm_soft
371.56,0.1074,0.8927,0.3194,0.1404,314.76,204.49,1.969,deep_calm
922.81,0.6504,0.4597,0.2614,0.8244,1261.54,1208.71,0.4125,sharp_chaotic
1720.68,0.99,0.3752,0.3723,0.6839,3662.85,330.69,0.713,sharp_chaotic
1207.42,0.4133,0.3052,0.5343,0.6405,2427.75,1453.92,0.9751,airy_ethereal
631.72,0.7022,0.1928,0.5416,0.835,2677.55,1314.58,1.3718,bright_energetic
201.75,0.4806,0.8574,0.3421,0.1967,290.86,135.65,0.6672,deep_calm
20.0,0.1699,0.5728,0.3466,0.0794,541.93,155.77,1.9324,deep_calm
261.36,0.3116,0.2022,0.4271,0.3849,1133.69,319.41,0.975,warm_soft
1195.07,0.4974,0.2581,0.4844,0.7143,2007.86,870.59,1.5483,bright_energetic
1286.89,0.4452,0.148,0.2587,0.4649,2509.35,1566.43,1.4562,airy_ethereal
89.23,0.3939,0.7749,0.5393,0.2347,725.25,334.68,1.0442,deep_calm
705.41,0.4294,0.0369,0.457,0.7056,2810.93,1561.31,0.1899,airy_ethereal
1598.19,0.4117,0.0251,0.2925,0.6506,3488.52,1406.59,0.8318,airy_ethereal
1162.08,0.3354,0.2038,0.4292,0.8051,1742.6,1266.3,1.6441,airy_ethereal
1399.6,0.814,0.1837,0.747,0.6929,1811.68,723.28,1.4573,bright_energetic
916.06,0.4674,0.0817,0.4843,0.4219,2566.8,863.45,1.4089,airy_ethereal
1310.41,0.3852,0.2015,0.2997,0.511,3231.5,982.8,0.2752,airy_ethereal
1406.63,0.3252,0.0681,0.2585,0.6388,2144.77,1850.97,1.0076,airy_ethereal
691.76,0.7008,0.1992,0.6735,0.4226,1871.64,600.57,0.7036,bright_energetic
242.62,0.5722,0.1668,0.3597,0.3109,845.02,382.64,0.7639,warm_soft
354.34,0.6923,0.0853,0.5719,0.4796,2994.98,983.46,1.451,bright_energetic
1602.23,0.2815,0.0558,0.1772,0.4276,3626.64,1119.78,0.7718,airy_ethereal
45.5,0.2678,0.8838,0.284,0.1195,382.53,261.33,1.1876,deep_calm
1084.19,0.3935,0.01,0.4566,0.7809,1906.05,909.74,0.7275,airy_ethereal
214.1,0.2892,0.7148,0.2238,0.0391,125.29,412.27,0.1035,deep_calm
930.25,0.2669,0.0556,0.4019,0.8206,1545.64,936.51,1.6389,airy_ethereal
79.8,0.3138,0.7075,0.3094,0.1139,385.74,410.77,0.0579,deep_calm
1037.14,0.5911,0.1707,0.1655,0.6604,2472.15,1097.79,1.5415,airy_ethereal
801.38,0.8345,0.4709,0.6795,0.8065,3124.63,1287.29,1.64,sharp_chaotic
705.84,0.5496,0.4712,0.5038,0.2217,1035.3,444.83,0.2142,warm_soft
572.66,0.8913,0.3267,0.6481,0.7303,4245.61,2178.31,1.532,sharp_chaotic
871.78,0.7072,0.2417,0.5482,0.6314,2336.45,1004.49,1.7319,bright_energetic
1682.87,0.7242,0.183,0.2938,0.6807,3762.98,1325.56,1.5057,sharp_chaotic
412.05,0.6517,0.268,0.6374,0.2896,771.48,398.19,1.3951,warm_soft
384.08,0.2763,0.1593,0.3982,0.7287,2204.28,1194.75,0.0615,airy_ethereal
225.88,0.3504,0.6883,0.5579,0.3552,720.44,547.62,1.352,warm_soft
559.93,0.3872,0.2227,0.6077,0.3526,429.47,306.39,0.5764,warm_soft
1919.36,0.703,0.2398,0.5711,0.8383,1779.49,1722.78,0.2215,sharp_chaotic
101.97,0.3562,0.6793,0.3214,0.1838,50.0,370.69,1.0179,deep_calm
198.3,0.2692,0.928,0.2923,0.0251,306.63,362.51,0.7002,deep_calm
251.78,0.3985,0.1471,0.8254,0.1901,982.33,179.73,0.79,warm_soft
795.22,0.8183,0.2165,0.629,0.0703,2143.79,1279.72,1.4261,bright_energetic
1127.27,0.7204,0.2764,0.5693,0.5827,1587.38,944.17,1.556,bright_energetic
227.74,0.4038,0.567,0.2727,0.1976,463.28,369.87,0.6929,warm_soft
817.02,0.6425,0.3333,0.6416,0.8272,1614.17,1289.16,1.2445,bright_energetic
489.15,0.3145,0.4169,0.6397,0.1312,1058.02,617.34,0.8236,warm_soft
562.74,0.4986,0.3655,0.8541,0.2872,642.14,667.72,1.2416,warm_soft
204.08,0.3833,0.603,0.7272,0.2261,990.42,432.7,0.31,warm_soft
95.01,0.3603,0.6155,0.7847,0.3105,181.95,456.49,0.3504,warm_soft
200.08,0.308,0.528,0.3205,0.1157,198.64,220.84,1.3648,deep_calm
1152.59,0.333,0.0817,0.3515,0.8526,2311.34,1462.7,1.2179,airy_ethereal
262.9,0.7048,0.1643,0.6645,0.4634,1063.87,204.46,1.9945,warm_soft
1414.68,0.3161,0.1605,0.6027,0.4229,2749.25,1607.79,0.2368,airy_ethereal
1225.8,0.9142,0.2031,0.4808,0.7755,3578.16,1935.99,0.0693,sharp_chaotic
1181.8,0.4091,0.2181,0.4295,0.666,2822.7,572.45,0.3671,airy_ethereal
766.28,0.351,0.1523,0.4194,0.7574,2488.38,1208.94,0.5891,airy_ethereal
150.64,0.2852,0.8627,0.225,0.1557,329.19,244.25,1.8966,deep_calm
128.02,0.4119,0.8094,0.0214,0.1785,337.03,376.42,1.2517,deep_calm
180.14,0.3466,0.4281,0.6685,0.1795,660.39,611.73,0.3501,warm_soft
353.71,0.6479,0.4186,0.5456,0.8952,2528.83,1723.05,0.983,sharp_chaotic
1258.33,0.7537,0.05,0.6204,0.6545,2246.79,1060.98,0.7977,bright_energetic
874.58,0.4305,0.2077,0.4621,0.5124,3003.24,1003.45,0.0692,airy_ethereal
564.78,0.557,0.4684,0.6795,0.2099,179.93,511.19,1.4441,warm_soft
1354.34,0.3658,0.01,0.5389,0.5794,2609.48,1667.04,1.0609,airy_ethereal
552.23,0.5485,0.2166,0.4989,0.6907,1919.47,977.31,1.6617,bright_energetic
334.74,0.5704,0.2027,0.3064,0.7851,3858.92,946.19,1.7903,sharp_chaotic
162.28,0.4083,0.5191,0.01,0.1342,457.47,317.71,0.2185,deep_calm
496.22,0.4034,0.546,0.7271,0.0633,638.29,842.87,1.5886,warm_soft
497.23,0.3068,0.31,0.3741,0.6336,3794.57,914.96,1.9737,airy_ethereal
697.55,0.3197,0.4494,0.4316,0.2273,1053.92,538.08,1.191,warm_soft
1258.52,0.2652,0.0356,0.1743,0.5349,2925.2,888.41,0.0141,airy_ethereal
613.84,0.459,0.1872,0.2565,0.6672,3072.06,1058.77,0.8711,airy_ethereal
1262.76,0.3395,0.2929,0.2434,0.847,2596.13,1296.67,0.2571,airy_ethereal
264.37,0.3556,0.5257,0.6509,0.332,275.71,711.14,1.5878,warm_soft
1633.78,0.3262,0.3144,0.2078,0.7062,1119.81,1449.33,1.2703,airy_ethereal
235.77,0.142,0.8797,0.3568,0.1473,392.54,323.01,1.5694,deep_calm
154.55,0.2309,0.6868,0.2667,0.2163,416.58,177.56,1.1102,deep_calm
400.93,0.4615,0.4462,0.5259,0.1782,569.05,748.88,0.1943,warm_soft
626.02,0.9227,0.3068,0.6629,0.7282,1853.42,1426.08,0.7641,bright_energetic
149.47,0.1239,0.4284,0.1728,0.01,121.2,106.09,0.9334,deep_calm
960.21,0.6677,0.2436,0.5064,0.6334,1316.41,440.88,0.9069,bright_energetic
1329.51,0.478,0.079,0.4005,0.764,2111.92,1181.02,1.373,airy_ethereal
49.37,0.5882,0.482,0.9271,0.2366,425.47,590.22,1.8661,warm_soft
1119.51,0.3673,0.1319,0.3499,0.7225,2178.51,745.49,0.4279,airy_ethereal
309.51,0.2446,0.1633,0.1734,0.6155,2069.67,1817.11,0.4476,airy_ethereal
1082.07,0.5979,0.1013,0.4365,0.493,2997.93,1098.66,1.1616,bright_energetic
1413.95,0.6393,0.2411,0.5239,0.6035,3380.12,1368.38,1.9856,sharp_chaotic
563.97,0.6571,0.2781,0.5269,0.6087,1906.22,2193.78,1.0867,sharp_chaotic
1082.68,0.5912,0.3092,0.5963,0.8977,2353.41,1350.1,1.8397,sharp_chaotic
293.84,0.1815,0.2641,0.8911,0.0751,1034.63,198.98,1.1657,warm_soft
20.0,0.2378,0.9764,0.2475,0.023,64.87,352.22,1.2605,deep_calm
2245.08,0.5937,0.2729,0.2784,0.901,3825.53,1511.92,1.1153,sharp_chaotic
1359.85,0.6534,0.0682,0.495,0.7377,2837.13,1170.0,0.5744,airy_ethereal
143.38,0.3455,0.7149,0.2391,0.1051,394.01,129.77,0.0387,deep_calm
592.71,0.909,0.1681,0.6147,0.6576,1223.96,1274.17,0.6981,bright_energetic
334.69,0.5571,0.743,0.2448,0.01,132.07,395.46,1.5855,deep_calm
190.91,0.352,0.6862,0.3229,0.1364,120.55,104.83,1.3807,deep_calm
256.84,0.5684,0.2855,0.4128,0.2313,745.91,615.15,0.9583,warm_soft
105.64,0.5568,0.8845,0.729,0.136,338.11,328.15,0.4769,deep_calm
291.78,0.3071,0.7973,0.281,0.1564,343.17,207.23,0.6141,deep_calm
118.27,0.3865,0.8899,0.5714,0.1005,271.03,528.55,0.3609,deep_calm
1024.06,0.2984,0.1474,0.2227,0.7765,3536.62,1337.45,1.0931,airy_ethereal
919.11,0.45,0.0917,0.4154,0.5772,2468.33,1073.16,1.7441,airy_ethereal
347.12,0.7992,0.3836,0.7006,0.1465,857.45,336.5,1.7398,warm_soft
1409.32,0.3577,0.0904,0.4224,0.6529,2091.35,1208.37,0.7252,airy_ethereal
105.88,0.6286,0.2371,0.5929,0.2824,3014.34,544.45,0.9749,bright_energetic
267.15,0.2825,0.4708,0.2806,0.1021,552.76,135.05,0.1518,deep_calm
1297.55,0.686,0.0223,0.7074,0.4877,1825.84,694.61,1.8809,bright_energetic
1447.87,0.7194,0.3978,0.4636,0.7299,3841.94,1203.98,0.8153,sharp_chaotic
582.78,0.3872,0.3984,0.3738,0.4027,782.55,83.3,1.0792,warm_soft
1138.35,0.7306,0.2814,0.6288,0.8302,3298.81,1821.4,0.4734,sharp_chaotic
1439.68,0.6183,0.1201,0.5706,0.4315,2515.87,811.57,1.907,airy_ethereal
526.14,0.99,0.1292,0.5343,0.8554,1585.33,1091.73,1.3844,bright_energetic
376.25,0.784,0.2744,0.5692,0.5291,1610.27,1165.3,1.6073,bright_energetic
1141.18,0.2658,0.167,0.3847,0.8713,1649.32,1850.37,0.045,airy_ethereal
1062.74,0.3199,0.0167,0.481,0.7283,2748.64,166.58,1.2267,airy_ethereal
127.21,0.2735,0.8679,0.1579,0.2225,163.78,345.44,0.5798,deep_calm
1987.35,0.6978,0.1971,0.4667,0.99,3285.79,2138.42,1.0082,sharp_chaotic
1527.91,0.353,0.01,0.1363,0.6701,2097.51,1032.14,0.2245,airy_ethereal
1029.65,0.8856,0.1195,0.7686,0.7808,2093.45,1862.91,0.4766,sharp_chaotic
914.04,0.6662,0.0284,0.547,0.6157,3073.87,1986.24,0.3369,sharp_chaotic
1462.87,0.2817,0.1195,0.7268,0.6795,2078.53,1123.93,0.4871,airy_ethereal
931.32,0.7872,0.0823,0.8201,0.6112,2289.69,380.97,0.0711,bright_energetic
977.79,0.2172,0.0193,0.5334,0.6791,2150.46,1375.14,1.882,airy_ethereal
872.4,0.6139,0.195,0.5947,0.7709,2382.65,964.54,0.3805,bright_energetic
519.64,0.688,0.2167,0.7491,0.3982,1623.06,674.19,0.7215,bright_energetic
199.04,0.3367,0.6747,0.4175,0.1813,289.6,328.3,0.5501,deep_calm
201.94,0.5229,0.6551,0.4898,0.2106,458.08,308.39,0.011,deep_calm
69.8,0.1979,0.9033,0.2855,0.1421,327.89,284.39,0.6616,deep_calm
1168.34,0.99,0.4749,0.5052,0.7263,4056.88,2141.34,0.9679,sharp_chaotic
1232.34,0.1555,0.1928,0.247,0.5751,2026.38,1183.26,0.4607,airy_ethereal
404.74,0.7455,0.5263,0.5787,0.1012,1041.32,530.25,0.929,warm_soft
461.11,0.5881,0.426,0.4995,0.2261,810.17,301.23,1.9444,warm_soft
1431.53,0.6621,0.1316,0.5058,0.7406,3375.97,1665.44,0.5188,sharp_chaotic
843.1,0.5525,0.0944,0.3911,0.8146,1793.65,1033.24,0.7887,airy_ethereal
296.94,0.3377,0.479,0.3125,0.2663,689.32,393.55,1.4882,warm_soft
1696.39,0.7397,0.2896,0.3462,0.6226,1853.38,1974.17,0.827,sharp_chaotic
621.37,0.6509,0.5346,0.793,0.3022,654.29,453.32,0.0971,warm_soft
1678.92,0.8922,0.1193,0.7289,0.8479,3495.19,1535.17,0.9827,sharp_chaotic
789.16,0.6131,0.3673,0.5658,0.7314,3232.06,1132.47,0.7402,sharp_chaotic
406.57,0.4654,0.8959,0.3911,0.1103,344.79,319.11,1.1112,deep_calm
31.04,0.599,0.6735,0.1934,0.1907,208.22,139.41,1.1907,deep_calm
391.03,0.9067,0.2249,0.8243,0.6189,1547.69,945.35,0.952,bright_energetic
436.18,0.2723,0.5614,0.2249,0.1571,1060.22,439.76,1.4633,warm_soft
1774.36,0.9134,0.3501,0.308,0.6302,2610.13,2041.61,1.8733,sharp_chaotic
1494.11,0.334,0.1033,0.3614,0.8103,2083.14,808.5,1.4668,airy_ethereal
665.72,0.5525,0.5622,0.459,0.2439,931.21,404.32,1.4347,warm_soft
535.53,0.3599,0.4478,0.7099,0.4883,915.65,481.22,1.0699,warm_soft
93.27,0.4134,0.6347,0.1943,0.1672,50.0,355.53,0.4897,deep_calm
163.42,0.0163,0.6003,0.3121,0.0192,262.27,192.18,1.8798,deep_calm
817.9,0.3824,0.3169,0.6502,0.6574,1591.04,1058.81,1.1327,bright_energetic
1681.26,0.8429,0.3471,0.3207,0.8296,2910.93,1592.9,1.3371,sharp_chaotic
897.8,0.8342,0.2433,0.5986,0.9706,3223.85,1895.39,0.4018,sharp_chaotic
94.44,0.3611,0.5715,0.4994,0.2417,530.63,757.84,0.2301,warm_soft
543.91,0.99,0.1913,0.6344,0.7322,1797.14,603.37,0.5317,bright_energetic
707.5,0.6988,0.2581,0.5867,0.7836,1430.96,1275.78,1.5823,bright_energetic
1092.3,0.7814,0.4389,0.596,0.8885,4365.45,1134.7,1.0132,sharp_chaotic
129.8,0.3374,0.733,0.1443,0.0583,274.72,287.83,1.7895,deep_calm
1368.17,0.4839,0.1057,0.359,0.8556,2900.05,854.11,1.2189,airy_ethereal
418.83,0.3373,0.4307,0.653,0.1294,346.8,255.32,1.8849,warm_soft
1537.8,0.743,0.2433,0.8773,0.8608,2701.89,1586.68,0.1967,sharp_chaotic
562.4,0.4851,0.1622,0.2921,0.5569,3915.06,1034.47,1.6022,airy_ethereal
219.51,0.0704,0.5718,0.1083,0.1836,497.82,279.0,1.7351,deep_calm
1105.03,0.9549,0.185,0.6227,0.612,3270.13,1586.94,0.4023,bright_energetic
413.99,0.4291,0.4315,0.7623,0.0737,813.15,440.08,1.6474,warm_soft
899.48,0.929,0.1188,0.5481,0.6632,1933.44,1170.39,0.3665,sharp_chaotic
1662.23,0.965,0.3771,0.6596,0.9176,2853.43,1784.51,0.8154,sharp_chaotic
1025.49,0.4909,0.198,0.99,0.7051,2113.2,640.89,1.6131,bright_energetic
695.4,0.3952,0.5159,0.3551,0.1025,1088.28,338.51,1.8423,warm_soft
268.75,0.3445,0.6353,0.01,0.1941,366.89,208.85,0.2921,deep_calm
625.54,0.4687,0.5959,0.9382,0.1027,882.06,658.75,1.7469,warm_soft
518.63,0.7344,0.2578,0.5404,0.4255,1787.67,406.52,1.239,bright_energetic
977.02,0.8471,0.1772,0.486,0.3636,2325.89,984.63,0.2488,bright_energetic
959.04,0.3975,0.1012,0.4333,0.674,2921.33,1167.86,0.586,airy_ethereal
143.55,0.5243,0.511,0.5527,0.1359,717.77,451.35,1.9376,warm_soft
770.94,0.5893,0.2081,0.3208,0.8768,3239.58,801.41,1.3086,sharp_chaotic
1704.8,0.6555,0.2001,0.588,0.7631,2689.54,1252.2,0.4811,sharp_chaotic
817.57,0.7397,0.183,0.4601,0.6152,2937.83,1435.67,1.3962,sharp_chaotic
880.42,0.3884,0.1233,0.3839,0.9753,2425.18,1709.29,1.9167,airy_ethereal
449.16,0.7872,0.1693,0.6336,0.7953,1567.71,467.17,0.4023,bright_energetic
185.67,0.3134,0.671,0.3953,0.0957,272.65,283.68,0.643,deep_calm
1055.94,0.4559,0.2064,0.5321,0.617,1563.42,1246.36,0.5484,airy_ethereal
1746.25,0.794,0.2652,0.3185,0.8383,3430.03,1032.25,0.528,sharp_chaotic
280.8,0.1066,0.6636,0.5512,0.1194,1028.5,381.71,0.0622,warm_soft
1136.41,0.99,0.4285,0.7616,0.7757,3243.77,1933.05,0.4922,sharp_chaotic
446.69,0.3358,0.2796,0.4654,0.01,319.7,571.03,0.5865,warm_soft
280.31,0.325,0.8222,0.257,0.146,257.93,243.18,1.5734,deep_calm
807.53,0.7762,0.2419,0.721,0.8582,1092.03,413.47,0.5676,bright_energetic
1229.06,0.8219,0.1728,0.7492,0.4641,2488.76,161.98,0.0415,bright_energetic
1576.28,0.4312,0.1028,0.2508,0.6184,2888.5,1554.7,0.2225,airy_ethereal
1210.31,0.8649,0.4286,0.5074,0.6504,3621.39,1536.92,0.9249,sharp_chaotic
1106.83,0.7774,0.01,0.5423,0.6965,2042.29,984.69,0.6863,bright_energetic
214.51,0.3696,0.5098,0.4542,0.01,556.46,186.85,1.011,deep_calm
291.54,0.4932,0.4592,0.4712,0.1772,856.74,396.65,1.3876,warm_soft
165.16,0.2812,0.7813,0.2295,0.01,230.65,413.06,1.319,deep_calm
926.98,0.286,0.0207,0.5896,0.99,1523.62,1499.41,0.1396,airy_ethereal
859.39,0.8161,0.193,0.6349,0.632,1575.73,687.57,1.4721,bright_energetic
498.72,0.3367,0.0156,0.366,0.7425,2719.4,1212.71,0.9989,airy_ethereal
1021.76,0.6706,0.2083,0.99,0.4432,2753.3,365.16,1.5374,bright_energetic
501.85,0.5459,0.3401,0.3008,0.0632,928.54,630.95,0.5218,warm_soft
442.82,0.3537,0.4367,0.735,0.0547,1260.47,198.13,1.3853,warm_soft
400.06,0.0166,0.8138,0.2218,0.01,630.28,417.4,1.8623,deep_calm
696.78,0.6245,0.139,0.5627,0.8122,1184.26,947.02,0.9088,bright_energetic
290.03,0.4075,0.9215,0.1652,0.2376,279.14,329.23,1.8112,deep_calm
207.65,0.5747,0.3743,0.7049,0.2662,1059.89,373.05,1.9296,warm_soft
335.38,0.5468,0.4113,0.8026,0.1721,1243.37,29.83,1.1322,warm_soft
2586.21,0.833,0.01,0.676,0.6093,3193.11,1969.62,1.6487,sharp_chaotic
1973.29,0.6361,0.5282,0.2583,0.9086,2928.02,2217.87,1.5705,sharp_chaotic
815.5,0.8519,0.1468,0.4223,0.4401,2150.0,720.59,1.0085,bright_energetic
1293.71,0.3832,0.1637,0.3145,0.5518,2359.15,1365.45,0.9768,airy_ethereal
333.64,0.1952,0.2327,0.1733,0.6535,2874.38,1094.57,1.8423,airy_ethereal
1288.26,0.9283,0.0961,0.706,0.7816,1003.62,1308.13,0.6968,bright_energetic
339.43,0.4878,0.716,0.7505,0.1738,492.87,31.09,1.5592,warm_soft
208.25,0.6842,0.5291,0.3118,0.1619,709.06,165.3,1.2063,deep_calm
220.95,0.32,0.4735,0.3834,0.226,50.0,118.46,1.8558,deep_calm
181.12,0.3467,0.8302,0.3356,0.2474,495.41,444.78,0.0229,deep_calm
536.93,0.3656,0.4422,0.7222,0.242,910.14,515.93,0.0632,warm_soft
1574.6,0.8213,0.2537,0.5013,0.7879,3958.43,1548.39,1.5265,sharp_chaotic
263.47,0.366,0.8494,0.3221,0.128,443.34,274.15,1.197,deep_calm
842.56,0.7618,0.3123,0.5297,0.8353,2812.35,406.49,0.9996,bright_energetic
36.94,0.3356,0.6182,0.1952,0.1598,459.07,185.43,1.1923,deep_calm
182.76,0.1305,0.6416,0.2115,0.01,342.26,203.51,1.5849,deep_calm
442.65,0.5411,0.1137,0.7056,0.8178,2712.06,954.83,0.9708,bright_energetic
1323.92,0.7669,0.0583,0.5247,0.6288,2846.93,1176.92,1.3481,sharp_chaotic
760.76,0.7924,0.2652,0.5412,0.2077,1908.41,1033.44,1.8811,bright_energetic
718.6,0.7907,0.0351,0.5796,0.5379,3554.26,1076.49,1.1211,bright_energetic
401.07,0.3991,0.1578,0.853,0.1513,641.65,905.12,1.8487,warm_soft
114.38,0.3832,0.8682,0.466,0.2011,306.99,142.33,1.3889,deep_calm
1167.45,0.8548,0.2519,0.3478,0.7459,3512.83,1305.62,0.1988,sharp_chaotic
253.13,0.3293,0.99,0.0669,0.2141,287.99,152.19,0.8939,deep_calm
1176.78,0.0456,0.1063,0.3754,0.5095,1849.74,1635.64,1.5946,airy_ethereal
60.5,0.3977,0.3544,0.6284,0.01,302.18,614.99,1.094,warm_soft
827.98,0.328,0.1577,0.1345,0.6657,2131.27,1387.87,1.5504,airy_ethereal
480.87,0.3408,0.6439,0.3099,0.2514,445.68,285.37,1.3117,warm_soft
98.78,0.5478,0.99,0.2193,0.0349,50.0,137.09,1.7058,deep_calm
827.34,0.239,0.01,0.3059,0.5985,3140.02,1042.89,1.4731,airy_ethereal
544.86,0.7406,0.2907,0.4849,0.1656,887.85,728.99,0.8852,warm_soft
679.18,0.8481,0.0258,0.7463,0.8006,3033.89,939.53,1.7606,bright_energetic
696.39,0.3373,0.1154,0.3226,0.7582,3263.25,1447.3,1.1112,airy_ethereal
1745.69,0.8582,0.1889,0.6719,0.9149,4016.0,2305.26,1.6873,sharp_chaotic
1896.83,0.7429,0.1142,0.2411,0.9453,2866.24,1897.53,1.2029,sharp_chaotic
1294.28,0.3545,0.196,0.406,0.5766,2932.06,1255.55,1.4862,airy_ethereal
850.39,0.7451,0.2117,0.6595,0.5625,1304.57,1252.27,0.4676,bright_energetic
1176.85,0.742,0.3302,0.5421,0.8044,2087.31,1015.12,0.0437,bright_energetic
1171.77,0.7371,0.1633,0.4784,0.6255,2217.83,638.23,0.8881,bright_energetic
894.26,0.2091,0.01,0.2227,0.5146,3330.0,1535.22,0.434,airy_ethereal
62.76,0.4184,0.7694,0.1078,0.2021,446.57,318.69,0.9566,deep_calm
801.7,0.8004,0.2889,0.6566,0.3276,1824.23,1194.34,0.5754,bright_energetic
1133.9,0.3164,0.2773,0.3676,0.6258,1789.88,1259.1,1.7347,airy_ethereal
1514.62,0.99,0.2908,0.4847,0.9206,2682.44,1410.29,1.2428,sharp_chaotic
1440.06,0.0465,0.0431,0.2399,0.6889,2676.03,1818.57,1.6199,airy_ethereal
500.62,0.1359,0.1128,0.1878,0.717,2332.86,1595.3,0.4499,airy_ethereal
1220.16,0.1774,0.2355,0.3283,0.6656,3195.05,983.19,1.8987,airy_ethereal
855.41,0.2571,0.2897,0.1657,0.5889,2963.68,1678.86,1.7005,airy_ethereal
136.88,0.3873,0.8161,0.5,0.1837,50.0,82.86,0.8105,deep_calm
662.05,0.7104,0.01,0.0934,0.8801,2243.08,1326.58,1.1961,sharp_chaotic
1459.81,0.9161,0.1223,0.6332,0.7002,2539.67,1424.75,1.1155,sharp_chaotic
1063.36,0.4574,0.1382,0.7372,0.5673,1478.75,523.97,1.6878,bright_energetic
291.26,0.6188,0.4845,0.5108,0.0643,632.64,500.77,0.5983,warm_soft
1113.79,0.99,0.3207,0.757,0.8558,3451.04,2268.29,0.7333,sharp_chaotic
1975.31,0.5283,0.3547,0.5765,0.8555,3803.38,1549.19,0.8291,sharp_chaotic
756.39,0.7775,0.2236,0.4379,0.7519,1835.71,968.09,1.8308,bright_energetic
821.78,0.8392,0.3513,0.6344,0.6724,2084.96,1023.32,0.8924,bright_energetic
417.46,0.3447,0.3535,0.539,0.2391,469.51,356.47,1.3675,warm_soft
791.57,0.99,0.2256,0.6055,0.6515,2944.56,694.94,0.9088,sharp_chaotic
440.25,0.7401,0.4479,0.4708,0.1567,976.1,295.05,0.9972,warm_soft
218.73,0.3847,0.7384,0.0569,0.0588,304.82,320.4,0.263,deep_calm
507.9,0.5619,0.3226,0.6733,0.1204,806.35,467.46,0.5409,warm_soft
331.85,0.5051,0.3177,0.692,0.01,902.03,998.42,1.0312,warm_soft
915.79,0.6778,0.1799,0.99,0.6538,1580.96,984.42,0.0816,bright_energetic
362.83,0.9207,0.3187,0.605,0.8391,3397.09,1443.57,1.5164,sharp_chaotic
405.25,0.1397,0.771,0.7195,0.3137,853.79,805.21,1.6025,warm_soft
341.78,0.3543,0.6274,0.3417,0.2402,154.2,260.88,1.6355,deep_calm
100.11,0.1543,0.7492,0.3752,0.01,405.58,280.48,0.5144,deep_calm
300.22,0.2572,0.5545,0.15,0.0676,387.74,325.92,1.2204,deep_calm
2220.24,0.8073,0.2846,0.7041,0.6101,2041.89,805.53,1.1977,sharp_chaotic
836.92,0.4278,0.2268,0.6333,0.6584,1086.01,696.24,1.0655,bright_energetic
759.93,0.9138,0.0452,0.4053,0.9066,5121.72,1223.58,0.1077,sharp_chaotic
964.02,0.4046,0.0158,0.3405,0.7112,2508.88,1346.44,0.7553,airy_ethereal
122.89,0.3097,0.2026,0.6872,0.2139,1100.2,528.32,0.7557,warm_soft
467.24,0.4041,0.3717,0.5812,0.2405,825.19,452.83,1.3541,warm_soft
1064.74,0.9635,0.2336,0.4813,0.6287,2464.32,1305.4,1.6641,sharp_chaotic
175.39,0.3739,0.5917,0.5328,0.151,484.44,131.77,1.0293,deep_calm
1767.83,0.5882,0.2807,0.9694,0.5479,1463.71,1863.37,0.8623,sharp_chaotic
1074.17,0.984,0.0936,0.4546,0.7603,2664.73,1435.89,0.7383,sharp_chaotic
380.25,0.6398,0.5618,0.6975,0.1039,1195.79,266.98,1.9116,warm_soft
157.64,0.6916,0.6137,0.7588,0.3148,821.53,278.52,0.2179,warm_soft
164.32,0.3824,0.5985,0.2237,0.0504,301.0,409.42,1.0785,deep_calm
1267.6,0.9172,0.2023,0.4845,0.7632,3129.84,1207.44,0.5975,sharp_chaotic
545.5,0.6403,0.44,0.5878,0.1725,1226.56,397.95,0.3373,warm_soft
255.99,0.1278,0.8201,0.1455,0.2985,602.85,326.53,0.5962,deep_calm
633.39,0.5094,0.3015,0.3306,0.7165,2902.95,1185.04,1.9155,airy_ethereal
2008.3,0.8449,0.1393,0.5003,0.5858,2822.54,2176.24,0.8979,sharp_chaotic
324.16,0.1421,0.7922,0.3392,0.1425,353.6,147.56,1.5014,deep_calm
20.0,0.494,0.6597,0.247,0.2315,403.63,257.31,1.2774,deep_calm
228.43,0.6621,0.719,0.2718,0.0453,298.82,232.63,0.8001,deep_calm
385.9,0.429,0.5404,0.55,0.3752,630.77,736.87,0.6289,warm_soft
1301.09,0.711,0.2076,0.5788,0.693,3396.89,691.86,0.1244,sharp_chaotic
323.86,0.1945,0.4402,0.5609,0.01,959.18,722.72,1.2468,warm_soft
579.27,0.6473,0.1007,0.7547,0.4427,2332.89,921.07,1.3275,bright_energetic
1295.74,0.874,0.5614,0.453,0.7184,4500.0,1168.31,0.3121,sharp_chaotic
1643.65,0.5132,0.1663,0.2705,0.6535,3536.68,2049.7,1.2815,airy_ethereal
89.79,0.5322,0.748,0.3214,0.0723,299.97,121.26,1.6215,deep_calm
558.27,0.342,0.01,0.4107,0.5642,2433.74,2022.82,0.6679,airy_ethereal
969.45,0.9071,0.1132,0.4756,0.5862,2004.81,1150.44,0.3607,bright_energetic
1458.55,0.1957,0.1653,0.5369,0.7574,786.05,922.16,1.7422,airy_ethereal
1566.66,0.9376,0.1042,0.7833,0.687,3848.28,1822.57,1.1686,sharp_chaotic
1447.51,0.6289,0.4114,0.6859,0.7719,1796.13,1561.02,0.9576,sharp_chaotic
166.72,0.3296,0.8334,0.1722,0.01,166.0,306.96,0.7373,deep_calm
262.54,0.8835,0.6311,0.476,0.2053,432.73,329.02,0.1451,warm_soft
930.92,0.6348,0.2407,0.7322,0.7282,2251.28,1254.59,1.0243,bright_energetic
1245.37,0.435,0.2783,0.3777,0.7252,2588.6,158.0,0.2528,airy_ethereal
556.3,0.8369,0.0814,0.7002,0.52,1386.86,904.28,1.8269,bright_energetic
937.44,0.4024,0.01,0.2973,0.5397,3344.26,855.02,1.4404,airy_ethereal
258.98,0.2689,0.1402,0.3391,0.7543,3081.47,1429.88,0.7615,airy_ethereal
369.27,0.5883,0.6176,0.4865,0.2091,306.98,524.25,0.2105,warm_soft
1147.37,0.8713,0.2194,0.5394,0.7685,3220.86,1516.26,1.4573,sharp_chaotic
1057.41,0.627,0.2111,0.5062,0.7948,1333.89,506.02,1.9059,bright_energetic
1085.96,0.8421,0.351,0.6914,0.5079,1754.45,466.78,0.1386,bright_energetic
325.31,0.3774,0.4092,0.5042,0.1325,1021.19,355.13,1.1515,warm_soft
1636.23,0.2974,0.2239,0.4197,0.5407,2780.43,1355.52,0.2134,airy_ethereal
202.97,0.3647,0.847,0.1323,0.01,231.78,227.89,0.3494,deep_calm
223.45,0.6287,0.3082,0.5865,0.2785,612.72,551.12,1.2794,warm_soft
900.07,0.4439,0.1488,0.2187,0.5162,1595.43,1004.71,1.6727,airy_ethereal
654.77,0.9473,0.3597,0.6103,0.5704,2448.52,519.92,0.4557,bright_energetic
1191.51,0.3741,0.0332,0.2181,0.8138,2134.29,1934.39,0.4356,airy_ethereal
825.07,0.7702,0.2281,0.5312,0.7086,2093.47,575.15,0.6592,bright_energetic
837.88,0.4029,0.0986,0.229,0.406,2584.12,1587.25,0.2033,airy_ethereal
469.14,0.4274,0.3201,0.4694,0.3032,653.5,555.14,1.7268,warm_soft
231.89,0.4411,0.6364,0.7378,0.1856,555.42,253.31,0.9508,warm_soft
1193.15,0.3482,0.1701,0.4682,0.5806,3157.08,731.68,1.6478,airy_ethereal
125.55,0.5018,0.706,0.301,0.1009,363.28,254.77,0.2219,deep_calm
449.42,0.3135,0.4766,0.6124,0.2274,824.84,511.16,0.4779,warm_soft
604.45,0.7681,0.3874,0.3628,0.8116,1803.16,964.93,1.9394,bright_energetic
313.33,0.2611,0.6298,0.1755,0.0641,85.21,85.02,1.7319,deep_calm
675.38,0.7294,0.01,0.5081,0.8754,3311.1,1168.41,0.4887,sharp_chaotic
126.84,0.2199,0.5918,0.5586,0.1856,366.94,422.14,1.2962,deep_calm
953.26,0.2672,0.1073,0.2971,0.2895,3009.08,856.3,0.7052,airy_ethereal
167.33,0.2475,0.9827,0.397,0.1484,50.0,218.11,1.5781,deep_calm
1686.79,0.0885,0.2083,0.3772,0.7847,2413.63,1478.87,1.9977,airy_ethereal
674.95,0.776,0.1397,0.6049,0.629,1939.0,677.98,0.9338,bright_energetic
1650.19,0.9758,0.2885,0.4026,0.8696,2620.2,1496.27,1.8734,sharp_chaotic
456.77,0.7562,0.1393,0.7966,0.2953,1740.68,444.08,1.7154,bright_energetic
254.66,0.3773,0.471,0.3411,0.04,355.51,120.12,1.7795,deep_calm
20.0,0.2002,0.1409,0.358,0.8152,2298.46,1402.33,0.4885,airy_ethereal
908.53,0.7857,0.0787,0.626,0.5034,3280.85,686.52,1.9605,bright_energetic
512.19,0.7438,0.5263,0.5673,0.062,1159.6,522.69,1.7699,warm_soft
137.75,0.1643,0.7339,0.1223,0.1381,528.93,212.42,0.6533,deep_calm
288.89,0.9326,0.176,0.8506,0.449,2173.71,980.73,1.892,bright_energetic
1193.74,0.5226,0.2391,0.6497,0.5847,2379.54,516.54,1.6733,bright_energetic
191.8,0.1569,0.7831,0.2932,0.2104,176.46,197.35,0.6958,deep_calm
198.25,0.1991,0.9025,0.0765,0.1367,691.8,248.3,1.1424,deep_calm
1432.28,0.7446,0.0564,0.408,0.8211,3335.6,1588.36,1.8885,sharp_chaotic
2018.68,0.815,0.2564,0.5244,0.675,2964.32,2197.84,1.6097,sharp_chaotic
1374.75,0.7942,0.3536,0.4878,0.7476,3594.19,620.35,0.8671,sharp_chaotic
1013.6,0.8197,0.3448,0.4454,0.463,1707.88,725.72,1.389,bright_energetic
1904.5,0.9038,0.4123,0.4363,0.8866,3035.75,1303.67,1.9353,sharp_chaotic
695.44,0.7089,0.238,0.4352,0.761,1794.51,801.76,0.7702,bright_energetic
1659.88,0.8189,0.2253,0.5635,0.7291,1534.72,1467.07,1.6571,sharp_chaotic
1283.33,0.1623,0.0736,0.3801,0.7567,3059.45,884.55,0.8032,airy_ethereal
181.26,0.4316,0.7645,0.601,0.1062,239.07,273.9,1.7545,deep_calm
1125.88,0.7559,0.3568,0.5267,0.5703,1260.37,1015.25,1.8704,bright_energetic
236.3,0.4009,0.8191,0.1907,0.1618,770.21,171.18,1.731,deep_calm
1207.14,0.5521,0.3975,0.8109,0.7391,1677.13,1181.71,1.0077,bright_energetic
440.19,0.3986,0.6426,0.3967,0.095,1010.99,739.96,1.3422,warm_soft
857.74,0.7239,0.3565,0.4022,0.7189,2805.14,1511.54,1.6827,sharp_chaotic
1306.69,0.2757,0.1261,0.5486,0.7049,2116.59,1616.39,1.5714,airy_ethereal
593.04,0.1873,0.0919,0.3908,0.6791,1537.78,1401.84,0.1484,airy_ethereal
237.57,0.3099,0.5306,0.2218,0.0737,540.03,341.15,1.0255,deep_calm
1530.88,0.6738,0.3373,0.5723,0.7035,3877.57,1954.67,1.6425,sharp_chaotic
20.0,0.5773,0.1443,0.4402,0.8971,2119.78,1199.05,0.3704,bright_energetic
82.58,0.2371,0.6736,0.0682,0.105,54.54,249.2,0.4224,deep_calm
136.04,0.3297,0.4632,0.4927,0.225,382.37,182.97,0.5743,warm_soft
593.83,0.6688,0.2726,0.5559,0.8784,3811.11,1566.62,1.1052,sharp_chaotic
2063.72,0.9712,0.2532,0.6514,0.589,2625.47,1858.87,1.0531,sharp_chaotic
518.58,0.3819,0.0345,0.5291,0.5669,2172.92,1076.96,1.1233,airy_ethereal
2212.29,0.8379,0.1342,0.7601,0.6542,3794.7,1920.56,0.5624,sharp_chaotic
1371.06,0.8912,0.3414,0.3005,0.6615,2123.12,1741.38,1.728,sharp_chaotic
374.43,0.3807,0.1555,0.4568,0.6968,2868.82,2032.2,0.5276,airy_ethereal
210.53,0.4332,0.4639,0.5026,0.2839,595.49,720.44,1.4925,warm_soft
100.07,0.3769,0.7212,0.1646,0.2009,322.77,160.17,0.1583,deep_calm
137.54,0.3257,0.6178,0.2404,0.1462,233.28,274.21,0.9282,deep_calm
1165.85,0.2377,0.0625,0.3391,0.5866,1772.66,847.96,0.2904,airy_ethereal
1037.48,0.3045,0.2484,0.3751,0.6129,3360.65,748.65,1.4764,airy_ethereal
318.97,0.337,0.2401,0.8562,0.1751,681.7,365.73,0.3255,warm_soft
95.97,0.3148,0.8783,0.3479,0.2885,232.61,254.63,0.7004,deep_calm
474.51,0.8464,0.3802,0.732,0.5441,1328.33,975.05,1.7845,bright_energetic
750.42,0.4752,0.0885,0.2745,0.4743,2194.42,1536.34,1.5853,airy_ethereal
1146.38,0.5552,0.0285,0.4659,0.5438,2913.83,879.38,0.8128,airy_ethereal
336.81,0.6348,0.5351,0.4777,0.1999,354.17,567.52,1.8568,warm_soft
1148.75,0.7981,0.3177,0.5901,0.8694,2550.91,2096.73,1.1321,sharp_chaotic
1099.63,0.7316,0.01,0.6526,0.4908,2654.18,731.08,0.5503,bright_energetic
406.38,0.3727,0.3024,0.518,0.2949,877.59,697.54,0.4927,warm_soft
231.17,0.3705,0.7044,0.827,0.078,766.7,551.47,0.8627,warm_soft
358.28,0.3756,0.6858,0.4964,0.0563,513.57,368.47,0.0792,warm_soft
907.45,0.6287,0.2187,0.8478,0.7038,1948.37,1032.43,0.3539,bright_energetic
1511.82,0.3662,0.1056,0.3515,0.7419,2541.97,1159.76,1.0922,airy_ethereal
1003.77,0.7231,0.2946,0.8138,0.8426,3892.83,1484.24,0.551,sharp_chaotic
1552.54,0.2625,0.1614,0.1973,0.7165,1655.39,1209.76,1.6269,airy_ethereal
398.4,0.2963,0.5022,0.4712,0.0939,926.01,591.57,0.6653,warm_soft
1520.27,0.5967,0.1904,0.5937,0.7099,3097.79,707.29,1.3706,sharp_chaotic
294.96,0.3303,0.5254,0.7151,0.273,939.17,405.96,1.8005,warm_soft
1405.18,0.4504,0.1756,0.3337,0.7644,3242.79,1268.89,1.7537,airy_ethereal
1432.71,0.8774,0.1007,0.5674,0.6904,4281.63,1268.03,1.0032,sharp_chaotic
143.02,0.3056,0.7087,0.1571,0.01,50.0,269.47,1.3185,deep_calm
192.91,0.4985,0.7675,0.4924,0.222,684.32,356.42,1.2613,warm_soft
320.56,0.2434,0.5232,0.5763,0.295,626.17,265.47,1.9322,warm_soft
328.22,0.2907,0.6877,0.3535,0.226,548.79,448.39,0.2822,warm_soft
87.23,0.4344,0.8216,0.1861,0.0327,50.0,389.86,1.8561,deep_calm
1144.45,0.7379,0.0913,0.7015,0.5494,1978.83,975.43,1.5201,bright_energetic
908.47,0.3901,0.1312,0.4324,0.7626,2906.37,1016.71,1.8839,airy_ethereal
20.0,0.2848,0.8472,0.3515,0.0608,393.29,187.0,1.0404,deep_calm
1376.77,0.8688,0.2082,0.5303,0.8775,3550.66,2394.1,0.875,sharp_chaotic
79.44,0.5168,0.5788,0.3036,0.0412,206.67,194.91,0.6941,deep_calm
1081.33,0.7877,0.2591,0.7173,0.99,2919.81,1328.04,1.6986,sharp_chaotic
1197.29,0.6123,0.0152,0.2986,0.7368,3108.46,1591.93,0.0687,airy_ethereal
139.05,0.4067,0.9115,0.3346,0.1991,286.93,94.37,1.5962,deep_calm
387.69,0.661,0.6405,0.7719,0.0497,806.38,356.47,0.6183,warm_soft
1444.12,0.1157,0.0546,0.1726,0.4972,2893.67,1406.78,0.6173,airy_ethereal
1218.6,0.1966,0.1973,0.4798,0.7519,3182.18,1120.49,1.0401,airy_ethereal
817.69,0.6417,0.1311,0.517,0.6203,1669.2,951.69,0.4208,bright_energetic
1234.05,0.4349,0.1,0.5044,0.5617,4040.14,2294.05,0.7034,airy_ethereal
569.2,0.3921,0.5754,0.3971,0.2695,790.0,474.54,1.1371,warm_soft
551.11,0.6533,0.7102,0.4381,0.169,74.59,680.74,0.9494,warm_soft
970.83,0.5926,0.1502,0.8871,0.6229,1572.0,900.7,1.0044,bright_energetic
668.57,0.4603,0.4806,0.6093,0.0382,731.32,335.53,1.6602,warm_soft
215.07,0.3859,0.7915,0.0866,0.0977,127.39,409.66,1.2511,deep_calm
309.66,0.3999,0.4346,0.8786,0.2067,908.37,491.52,0.1199,warm_soft
415.87,0.3096,0.5742,0.4817,0.2505,409.4,773.12,0.3701,warm_soft
885.9,0.6224,0.3564,0.635,0.3957,2316.33,974.99,1.2348,bright_energetic
445.72,0.6498,0.377,0.8647,0.7333,1191.25,721.06,1.115,bright_energetic
774.59,0.2905,0.2382,0.6469,0.6403,2396.3,1414.73,1.3755,airy_ethereal
1854.69,0.6429,0.3094,0.4386,0.7407,2688.24,1429.24,1.3153,sharp_chaotic
286.9,0.3633,0.99,0.4258,0.1497,600.45,323.43,0.7993,deep_calm
521.09,0.3714,0.9102,0.3505,0.1653,540.65,655.41,1.9962,warm_soft
543.93,0.9105,0.2102,0.6805,0.6252,2133.95,1225.8,1.8462,bright_energetic
1361.36,0.768,0.0369,0.3441,0.7165,2264.54,903.48,0.1497,sharp_chaotic
877.97,0.492,0.1759,0.3187,0.4181,1705.65,935.65,1.2641,airy_ethereal
666.08,0.2661,0.5802,0.4619,0.311,850.85,353.72,0.6931,warm_soft
221.86,0.327,0.7907,0.2839,0.177,278.98,151.42,0.8673,deep_calm
1639.93,0.2811,0.1061,0.6217,0.7845,3114.52,1551.74,0.137,airy_ethereal
1053.67,0.7603,0.318,0.4379,0.8483,2261.47,1822.85,1.001,sharp_chaotic
1631.03,0.7942,0.3338,0.4966,0.99,4094.62,1599.54,0.0164,sharp_chaotic
915.26,0.1927,0.1634,0.4942,0.9025,2261.87,1184.55,0.901,airy_ethereal
141.34,0.564,0.5293,0.6322,0.4545,953.2,461.67,1.9916,warm_soft
529.26,0.69,0.01,0.6846,0.287,2139.31,639.55,0.9751,bright_energetic
1258.87,0.6468,0.1421,0.5172,0.8852,3331.15,1798.1,1.7801,sharp_chaotic
423.85,0.4323,0.5315,0.5721,0.3008,942.39,333.08,1.0202,warm_soft
644.52,0.6006,0.2629,0.8973,0.2855,2560.16,716.08,1.7519,bright_energetic
2082.2,0.6583,0.0679,0.7408,0.8575,3141.97,881.08,1.265,sharp_chaotic
233.37,0.5777,0.3789,0.6244,0.1173,411.71,498.87,1.7937,warm_soft
129.94,0.3376,0.6394,0.2567,0.023,442.1,335.02,1.3944,deep_calm
1108.4,0.2813,0.01,0.1143,0.4852,921.49,815.47,0.0237,airy_ethereal
608.34,0.8313,0.3599,0.2577,0.6548,1536.6,652.67,1.9744,sharp_chaotic
321.41,0.7372,0.4565,0.778,0.0448,462.37,410.81,1.3885,warm_soft
741.02,0.7209,0.2742,0.6719,0.7695,1581.74,1616.47,1.7392,bright_energetic
748.87,0.0757,0.1481,0.3604,0.717,3324.95,1062.76,0.509,airy_ethereal
104.63,0.3565,0.7589,0.327,0.01,282.78,228.01,1.5219,deep_calm
302.33,0.1312,0.4859,0.3985,0.0148,331.0,359.65,0.2517,deep_calm
1278.75,0.202,0.0958,0.571,0.4095,2727.54,1013.22,0.5148,airy_ethereal
2120.3,0.7484,0.4346,0.5871,0.7095,4561.28,1293.77,1.8015,sharp_chaotic
871.97,0.99,0.282,0.4567,0.8092,2228.38,629.66,1.8014,bright_energetic
77.45,0.4167,0.8502,0.4566,0.1578,58.79,167.26,1.2086,deep_calm
239.74,0.6851,0.6547,0.6319,0.0981,460.58,351.28,0.3999,warm_soft
633.95,0.3812,0.5061,0.5292,0.2746,595.64,524.52,1.6102,warm_soft
616.98,0.5526,0.4039,0.5824,0.1704,740.28,553.02,1.2744,warm_soft
1373.03,0.3301,0.12,0.4089,0.6677,2217.78,760.7,1.5236,airy_ethereal
209.53,0.4833,0.4844,0.5181,0.2622,50.0,657.28,0.3168,warm_soft
280.9,0.4868,0.6607,0.501,0.2957,694.92,598.48,1.5101,warm_soft
296.51,0.6968,0.1647,0.621,0.2511,1209.2,474.34,1.0745,warm_soft
642.32,0.8106,0.01,0.6221,0.728,1290.74,793.17,1.66,bright_energetic
1330.13,0.1567,0.1072,0.3367,0.6228,2223.19,1578.91,0.4485,airy_ethereal
975.72,0.3546,0.2482,0.4017,0.7506,1635.6,1064.08,0.2644,airy_ethereal
116.58,0.2005,0.6363,0.1171,0.1024,351.34,371.04,0.0178,deep_calm
1054.97,0.8837,0.3915,0.8532,0.4217,2207.08,347.31,1.7941,bright_energetic
321.76,0.7622,0.2879,0.5303,0.321,1072.34,338.97,0.5006,warm_soft
80.0,0.1885,0.6476,0.336,0.0896,499.96,406.9,1.022,deep_calm
618.31,0.6397,0.2917,0.7129,0.5031,698.81,809.14,1.8161,bright_energetic
569.87,0.36,0.0224,0.5149,0.7493,3125.47,2028.22,1.8614,airy_ethereal
217.57,0.3379,0.5461,0.2841,0.01,381.06,490.8,1.0339,deep_calm
170.01,0.3841,0.7179,0.9055,0.1085,856.41,283.52,0.1381,warm_soft
2136.85,0.8626,0.2067,0.4581,0.8607,2263.56,1149.79,1.5813,sharp_chaotic
1001.48,0.4848,0.2782,0.6231,0.7128,2597.18,1593.99,1.2467,airy_ethereal
171.35,0.4229,0.5687,0.6325,0.1193,1067.23,427.22,0.283,warm_soft
200.65,0.0893,0.9642,0.2993,0.0253,235.7,310.18,1.0561,deep_calm
276.86,0.4044,0.7121,0.3926,0.159,287.38,127.04,1.8334,deep_calm
245.89,0.3243,0.4995,0.6259,0.3241,862.21,564.33,0.7061,warm_soft
309.18,0.0722,0.7224,0.1376,0.2127,408.06,308.82,0.2818,deep_calm
305.98,0.2371,0.5942,0.7292,0.2521,736.28,652.82,0.0741,warm_soft
1580.75,0.2231,0.2153,0.4845,0.8679,2417.19,1162.2,0.5288,airy_ethereal
141.77,0.426,0.846,0.3338,0.0622,566.8,334.59,0.3198,deep_calm
635.62,0.6421,0.235,0.5946,0.7921,1654.71,895.12,0.0775,bright_energetic
242.93,0.3515,0.7045,0.1697,0.0136,176.9,20.0,0.9417,deep_calm
554.17,0.3364,0.3564,0.5179,0.2209,1001.6,20.0,0.8116,warm_soft
1007.93,0.6509,0.2909,0.5301,0.5794,1809.4,1021.85,0.9879,bright_energetic
256.17,0.6227,0.4608,0.774,0.2207,1069.19,174.0,1.8312,warm_soft
1069.87,0.7499,0.1287,0.5955,0.6353,1648.14,946.19,0.9561,bright_energetic
2367.61,0.7078,0.2946,0.6089,0.9044,3649.5,902.75,1.5454,sharp_chaotic
306.49,0.4774,0.0939,0.6346,0.6167,1131.28,473.79,1.4209,bright_energetic
1448.08,0.7443,0.143,0.519,0.7761,1671.22,1831.83,1.2475,sharp_chaotic
428.52,0.2737,0.188,0.5345,0.826,1711.16,1503.06,0.3663,airy_ethereal
499.11,0.7139,0.3004,0.5244,0.7391,2590.93,991.35,1.1762,bright_energetic
185.57,0.3888,0.8903,0.1992,0.1152,391.22,238.42,0.1906,deep_calm
1291.34,0.8952,0.1835,0.3843,0.734,3869.77,982.92,0.2641,sharp_chaotic
1071.14,0.4647,0.0736,0.4439,0.9365,2912.17,1425.78,1.7572,airy_ethereal
1103.37,0.8301,0.3722,0.5721,0.99,3767.6,2795.59,1.5888,sharp_chaotic
222.59,0.7952,0.3078,0.7414,0.1792,766.53,509.09,1.0149,warm_soft
1056.73,0.8127,0.1641,0.7,0.7063,3945.7,1114.84,1.8633,sharp_chaotic
52.85,0.2862,0.6616,0.162,0.0364,484.12,497.17,0.8564,deep_calm
665.2,0.6506,0.385,0.6726,0.7537,2227.15,1038.19,1.3116,bright_energetic
328.18,0.3269,0.7545,0.3005,0.1809,604.07,560.77,1.9094,warm_soft
280.48,0.8951,0.0783,0.7609,0.5085,1371.79,977.43,0.7886,bright_energetic
1043.27,0.3845,0.1877,0.366,0.3981,2591.46,1235.71,0.436,airy_ethereal
1183.61,0.5402,0.2575,0.6496,0.7006,2455.71,729.67,1.1254,sharp_chaotic
212.89,0.2108,0.7638,0.1399,0.01,336.86,303.74,1.8844,deep_calm
202.29,0.4209,0.7232,0.3171,0.1297,499.47,20.0,0.903,deep_calm
1314.45,0.8012,0.1925,0.5815,0.9534,3457.42,1410.7,0.5036,sharp_chaotic
171.14,0.2885,0.6288,0.2689,0.01,76.21,157.89,0.2994,deep_calm
1530.89,0.9577,0.1401,0.4056,0.9728,2019.36,2619.39,0.7586,sharp_chaotic
1047.4,0.1622,0.1588,0.0731,0.7179,2797.01,1031.93,1.5603,airy_ethereal
1345.77,0.99,0.2426,0.7362,0.697,2676.49,1717.78,1.5269,sharp_chaotic
581.51,0.4967,0.6006,0.7314,0.1946,646.81,628.23,1.756,warm_soft
719.64,0.7021,0.1231,0.6063,0.6861,3272.17,1174.14,0.0593,bright_energetic
1276.53,0.8123,0.4897,0.6643,0.9014,3887.34,1890.71,1.346,sharp_chaotic
1159.46,0.5505,0.164,0.6858,0.491,1709.43,685.36,0.2572,bright_energetic
1031.53,0.2357,0.01,0.2726,0.663,2371.38,1331.71,1.9449,airy_ethereal
961.61,0.5743,0.3483,0.7251,0.8994,3832.26,1235.05,1.8054,sharp_chaotic
1003.96,0.7867,0.3356,0.684,0.7066,2744.54,1079.5,1.8488,sharp_chaotic
990.52,0.8583,0.0213,0.8124,0.5553,2317.81,869.69,0.6582,bright_energetic
882.0,0.6578,0.3047,0.6968,0.7208,1924.43,623.08,0.325,bright_energetic
666.13,0.8084,0.2915,0.513,0.4382,2088.87,421.09,1.7557,bright_energetic
2309.43,0.903,0.0228,0.3443,0.9496,3567.35,1415.66,1.6186,sharp_chaotic
342.37,0.5553,0.1995,0.7204,0.0801,691.34,204.73,0.0815,warm_soft
93.99,0.3423,0.65,0.3021,0.1656,466.42,417.07,1.3468,deep_calm
330.82,0.7539,0.1773,0.8362,0.6298,1132.42,517.14,0.2547,bright_energetic
541.42,0.6526,0.5962,0.5816,0.1728,554.62,366.15,0.9176,warm_soft
877.23,0.6918,0.3013,0.5707,0.6528,2080.65,614.05,0.4467,bright_energetic
1633.67,0.6329,0.1843,0.3999,0.8042,3924.95,1302.26,0.0301,sharp_chaotic
1176.9,0.3044,0.0549,0.4931,0.768,2350.1,1494.09,1.0708,airy_ethereal
1511.86,0.6554,0.3284,0.2894,0.805,3335.71,2099.06,1.5605,sharp_chaotic
165.36,0.01,0.6922,0.2621,0.0583,50.0,273.37,0.2947,deep_calm
1015.75,0.9425,0.0599,0.6538,0.6581,2735.02,1078.71,0.6992,sharp_chaotic
264.59,0.4643,0.01,0.1415,0.7053,2781.31,1720.16,1.1006,airy_ethereal
304.35,0.3453,0.7658,0.01,0.1184,274.2,455.92,1.2444,deep_calm
702.24,0.7072,0.2587,0.5392,0.3371,1637.52,1193.2,1.6313,bright_energetic
565.51,0.3677,0.3673,0.7722,0.0238,857.86,282.5,0.8898,warm_soft
1503.85,0.2763,0.1117,0.3265,0.8155,1392.57,310.77,1.7749,airy_ethereal
106.08,0.4707,0.9387,0.3567,0.081,50.0,408.26,1.1301,deep_calm
2085.79,0.8596,0.1282,0.4929,0.7691,4334.79,1260.43,0.8746,sharp_chaotic
512.59,0.4169,0.1865,0.4542,0.583,2193.8,1173.94,0.4084,airy_ethereal
1004.15,0.3813,0.01,0.3493,0.5998,1676.85,1048.19,0.7786,airy_ethereal
2085.38,0.5493,0.2223,0.2972,0.659,3465.22,1128.7,1.807,sharp_chaotic
2236.2,0.8017,0.3356,0.6849,0.7715,2458.58,1447.85,0.5453,sharp_chaotic
1109.33,0.5443,0.3526,0.1756,0.8606,3802.95,1174.3,0.6751,sharp_chaotic
271.14,0.3556,0.7354,0.138,0.1486,213.24,313.43,1.0989,deep_calm
142.62,0.8325,0.5188,0.7769,0.1532,750.0,387.19,0.7231,warm_soft
298.76,0.674,0.5598,0.6632,0.2127,505.86,469.81,1.6989,warm_soft
722.77,0.5672,0.1835,0.6453,0.1461,2288.29,537.43,1.1595,bright_energetic
1409.5,0.2302,0.073,0.4224,0.7802,2775.89,1171.39,0.5812,airy_ethereal
984.02,0.9149,0.0716,0.3714,0.6902,1045.87,1147.47,0.2072,bright_energetic
1343.65,0.699,0.2675,0.5449,0.99,4027.31,1675.89,1.775,sharp_chaotic
766.68,0.6818,0.2694,0.6725,0.7297,1513.31,1162.85,0.0335,bright_energetic
2243.22,0.99,0.01,0.3201,0.589,3308.94,2197.69,0.2169,sharp_chaotic
758.18,0.2703,0.1537,0.2663,0.8189,2560.1,1161.44,0.7674,airy_ethereal
437.03,0.3201,0.6034,0.5059,0.1044,800.25,294.77,0.2333,warm_soft
227.71,0.5709,0.7945,0.1956,0.072,50.0,212.55,0.0594,deep_calm
2901.83,0.8,0.2861,0.7807,0.7037,2271.69,1367.6,0.9453,sharp_chaotic
1065.05,0.38,0.0992,0.3748,0.5746,3062.0,565.37,1.5656,airy_ethereal
20.0,0.4811,0.7431,0.4416,0.01,432.75,230.75,1.2583,deep_calm
1051.22,0.6578,0.2092,0.3599,0.72,1989.67,993.1,0.3853,bright_energetic
963.1,0.5396,0.01,0.5626,0.614,2976.35,1069.2,0.8861,bright_energetic
1485.13,0.2098,0.1253,0.5311,0.6562,2953.11,1271.9,1.6801,airy_ethereal
759.2,0.1489,0.0493,0.666,0.4984,2466.89,1249.84,0.4371,airy_ethereal
1076.35,0.297,0.1122,0.0763,0.6633,2613.28,1487.48,0.8029,airy_ethereal
1388.55,0.544,0.01,0.3025,0.3548,2822.51,1319.57,1.3025,airy_ethereal
1050.61,0.6585,0.01,0.6843,0.5954,2521.59,1013.94,1.0585,bright_energetic
1506.52,0.8874,0.6081,0.7596,0.6182,2549.19,1328.65,0.7296,sharp_chaotic
782.24,0.3208,0.6147,0.6404,0.1266,476.63,475.59,1.0831,warm_soft
31.34,0.3079,0.99,0.1496,0.0537,556.61,211.16,0.5872,deep_calm
323.43,0.942,0.1409,0.6685,0.5007,1397.84,515.63,0.6066,bright_energetic
228.88,0.2098,0.7943,0.4964,0.0398,277.42,146.94,1.3696,deep_calm
173.64,0.1853,0.555,0.1069,0.0799,399.7,276.01,0.7945,deep_calm
1513.28,0.4107,0.0775,0.4293,0.6707,1788.06,746.4,1.7712,airy_ethereal
2042.56,0.3802,0.01,0.2661,0.99,3159.43,1593.26,1.6505,airy_ethereal
239.9,0.4722,0.6768,0.3781,0.2617,266.76,165.51,0.445,deep_calm
47.97,0.5514,0.5956,0.5206,0.01,525.94,126.37,1.5946,deep_calm
627.57,0.746,0.1927,0.5861,0.6614,2087.29,735.94,0.921,bright_energetic
500.0,0.5204,0.4332,0.8817,0.246,587.93,442.16,1.3123,warm_soft
2213.33,0.8168,0.1621,0.497,0.8525,2797.02,1493.4,0.4731,sharp_chaotic
1591.85,0.3441,0.01,0.306,0.651,2382.4,471.16,1.4585,airy_ethereal
156.07,0.5401,0.7341,0.24,0.1012,520.31,349.6,0.8975,deep_calm
678.78,0.3685,0.6112,0.68,0.3269,963.2,382.29,1.4221,warm_soft
156.03,0.2486,0.629,0.3728,0.1841,288.14,241.49,0.1807,deep_calm
144.04,0.9058,0.0889,0.4656,0.9307,3064.6,1822.67,0.0664,sharp_chaotic
928.04,0.577,0.0743,0.5679,0.5591,3319.56,946.28,0.7584,bright_energetic
812.35,0.5414,0.01,0.2861,0.592,2323.48,1488.8,1.6626,airy_ethereal
491.05,0.3901,0.6874,0.3127,0.2097,620.42,307.38,0.0131,warm_soft
725.14,0.7333,0.1288,0.7675,0.6826,2698.54,604.81,0.1562,bright_energetic
334.54,0.3871,0.3699,0.8248,0.2498,844.78,368.47,1.6064,warm_soft
543.35,0.4001,0.4786,0.2901,0.1612,932.01,507.57,1.3511,warm_soft
112.24,0.3659,0.657,0.528,0.1193,263.35,361.13,0.3551,deep_calm
281.14,0.471,0.4349,0.6071,0.0788,871.77,551.64,1.0482,warm_soft
1118.46,0.7117,0.1843,0.5494,0.4653,2373.57,1195.25,0.5593,bright_energetic
1407.37,0.7743,0.241,0.4209,0.7962,1250.16,293.24,1.1172,bright_energetic
1778.68,0.9214,0.25,0.2099,0.6824,4455.75,1213.35,1.2074,sharp_chaotic
545.54,0.3419,0.6736,0.5743,0.2581,983.56,350.16,1.4286,warm_soft
2134.02,0.804,0.23,0.7235,0.692,2731.16,1608.86,1.8248,sharp_chaotic
20.0,0.3135,0.6091,0.295,0.1054,444.64,143.03,1.3908,deep_calm
695.84,0.7384,0.2794,0.4725,0.8397,3425.32,1955.01,1.3016,sharp_chaotic
439.5,0.4852,0.3139,0.486,0.2644,776.69,431.22,0.1537,warm_soft
833.05,0.6465,0.0713,0.4437,0.594,1305.07,1078.96,1.7765,bright_energetic
1034.24,0.3016,0.1878,0.4591,0.9379,3805.75,1124.17,0.3352,airy_ethereal
390.19,0.4386,0.2165,0.3656,0.4048,1925.31,1288.99,0.9258,airy_ethereal
200.08,0.1399,0.7597,0.424,0.01,182.23,225.55,0.1862,deep_calm
1984.34,0.6831,0.3715,0.6427,0.791,2953.84,1170.51,1.4525,sharp_chaotic
1445.75,0.1618,0.0829,0.5207,0.3967,2573.3,1313.76,1.5043,airy_ethereal
825.64,0.8769,0.2122,0.7248,0.7819,2260.65,760.04,0.0292,bright_energetic
477.84,0.48,0.4593,0.5455,0.1888,1026.9,494.98,0.7211,warm_soft
1096.02,0.99,0.2145,0.4562,0.749,4051.41,1746.05,0.3345,sharp_chaotic
1918.2,0.7344,0.275,0.4975,0.7027,3001.36,1638.85,0.8305,sharp_chaotic
1080.71,0.2139,0.1958,0.4424,0.6486,1799.83,1062.94,0.4914,airy_ethereal
456.92,0.3172,0.0695,0.2506,0.6836,2095.17,686.18,1.4592,airy_ethereal
1045.47,0.2593,0.1234,0.1577,0.507,2118.72,1787.96,1.145,airy_ethereal
183.5,0.66,0.6656,0.1153,0.0934,465.25,289.81,1.4192,deep_calm
338.69,0.2914,0.5372,0.4238,0.2383,115.29,267.67,1.6509,warm_soft
1412.56,0.3145,0.0842,0.4134,0.5446,3152.03,1180.05,1.9403,airy_ethereal
885.4,0.5995,0.0183,0.829,0.7714,2059.77,1275.94,0.5252,bright_energetic
1167.56,0.6598,0.151,0.6806,0.6392,1903.43,800.71,1.1658,bright_energetic
1563.51,0.7509,0.3431,0.7139,0.7402,3932.81,1657.18,0.0497,sharp_chaotic
1735.18,0.8755,0.01,0.6498,0.8863,4642.08,1775.85,0.0711,sharp_chaotic
910.46,0.3836,0.1615,0.6899,0.5727,3073.25,1175.29,0.5356,airy_ethereal
2013.43,0.8903,0.2739,0.6266,0.7636,3124.07,2383.91,1.144,sharp_chaotic
1172.51,0.4415,0.279,0.3883,0.975,2703.0,977.54,0.5479,airy_ethereal
84.73,0.1894,0.8356,0.2208,0.1341,322.65,217.54,1.8259,deep_calm
378.92,0.8517,0.3779,0.5989,0.291,907.29,557.51,0.7703,warm_soft
508.95,0.2189,0.8351,0.2642,0.266,940.42,242.68,1.3872,warm_soft
404.03,0.1774,0.0851,0.5476,0.6767,2161.76,786.69,1.4673,airy_ethereal
1116.4,0.99,0.0932,0.2704,0.7568,3739.17,1272.87,0.7905,sharp_chaotic
774.96,0.4211,0.0239,0.3734,0.4928,2726.43,1738.23,0.4605,airy_ethereal
995.81,0.2023,0.01,0.7431,0.5863,2654.08,1079.48,1.4045,airy_ethereal
233.18,0.2375,0.6589,0.0239,0.0592,269.79,232.94,0.6593,deep_calm
1166.98,0.7794,0.01,0.5541,0.4584,1933.67,642.62,0.0005,bright_energetic
1290.5,0.1832,0.0251,0.4496,0.686,2474.38,769.04,1.5089,airy_ethereal
1227.16,0.7924,0.3509,0.2226,0.7712,4848.03,1148.71,0.6983,sharp_chaotic
887.19,0.1642,0.2086,0.3227,0.825,3126.4,1431.92,0.6468,airy_ethereal
754.4,0.5009,0.313,0.4334,0.7584,1737.33,1291.13,1.3986,bright_energetic
484.09,0.8088,0.1671,0.8112,0.5292,1988.45,891.54,1.417,bright_energetic
1615.81,0.7509,0.086,0.1907,0.599,4125.4,2022.25,1.9663,sharp_chaotic
681.75,0.3573,0.2085,0.2333,0.6729,2038.94,984.78,0.8471,airy_ethereal
422.54,0.4179,0.4412,0.6866,0.0971,679.6,412.18,1.4662,warm_soft
101.79,0.3264,0.6626,0.0541,0.01,326.55,280.7,0.2261,deep_calm
1338.49,0.8465,0.105,0.596,0.5411,2401.76,993.78,1.1544,bright_energetic
642.41,0.3356,0.0502,0.5478,0.5304,2960.56,1268.51,1.6283,airy_ethereal
399.34,0.4678,0.6235,0.5377,0.2068,600.34,600.06,0.3339,warm_soft
143.53,0.1936,0.5602,0.1551,0.0331,272.47,293.85,1.3666,deep_calm
1353.32,0.4625,0.146,0.4721,0.3835,2398.73,1070.42,0.31,airy_ethereal
832.88,0.768,0.5093,0.4318,0.7078,1810.31,1076.58,1.461,bright_energetic
1165.26,0.7738,0.2428,0.4936,0.4079,2238.27,426.54,0.3231,bright_energetic
1663.07,0.8471,0.3987,0.4175,0.5544,2366.64,2317.89,1.1314,sharp_chaotic
980.34,0.3738,0.0561,0.3662,0.6202,2637.41,1367.86,1.8569,airy_ethereal
723.25,0.764,0.2323,0.8531,0.6256,4065.14,1224.89,0.9039,sharp_chaotic
822.26,0.4756,0.0716,0.3251,0.5765,2591.54,1827.32,0.2503,airy_ethereal
404.55,0.6539,0.7227,0.3514,0.032,1036.58,408.73,0.521,warm_soft
1005.19,0.776,0.1512,0.6156,0.744,2841.77,599.05,1.5767,bright_energetic
905.46,0.8107,0.1692,0.7113,0.9164,2840.38,1787.2,0.6134,sharp_chaotic
702.15,0.7606,0.2511,0.6565,0.8416,1543.29,865.4,0.9794,bright_energetic
396.79,0.5393,0.3033,0.9065,0.9729,3606.66,906.03,1.166,sharp_chaotic
389.32,0.3962,0.5109,0.5441,0.0716,695.25,512.04,1.8583,warm_soft
1474.68,0.7396,0.2676,0.8547,0.5711,2995.72,1828.57,1.803,sharp_chaotic
987.1,0.8538,0.01,0.7225,0.8183,2562.99,1473.34,1.8877,sharp_chaotic
1076.8,0.395,0.142,0.2937,0.8861,2788.71,1127.88,0.4169,airy_ethereal
132.35,0.6071,0.6438,0.1681,0.1282,553.52,258.11,1.6053,deep_calm
372.82,0.5434,0.5556,0.685,0.1014,708.94,472.22,0.4039,warm_soft
20.0,0.4917,0.3527,0.345,0.1379,657.31,493.08,1.3455,warm_soft
1259.41,0.8856,0.0934,0.902,0.6198,2243.0,662.24,1.9711,bright_energetic
1179.19,0.9517,0.2243,0.5297,0.7778,1870.35,698.74,0.3189,sharp_chaotic
713.79,0.0617,0.5111,0.5984,0.4114,828.85,232.3,0.8267,warm_soft
556.66,0.99,0.2643,0.357,0.7147,1232.27,718.51,0.7573,bright_energetic
1118.38,0.7002,0.3586,0.6449,0.9048,1655.8,1209.76,0.9587,bright_energetic
968.95,0.1085,0.0451,0.6722,0.5911,3256.29,1639.99,1.3383,airy_ethereal
710.74,0.4171,0.1046,0.5633,0.6771,1529.9,1307.7,1.5141,airy_ethereal
129.47,0.3777,0.4985,0.0942,0.1541,526.02,107.89,0.153,deep_calm
1043.37,0.7859,0.1646,0.7195,0.7984,2130.61,1089.34,0.2115,sharp_chaotic
1015.67,0.6151,0.3379,0.7756,0.7327,3278.83,2051.38,0.1833,sharp_chaotic
1448.54,0.5159,0.1715,0.2182,0.7563,2045.36,825.09,0.7677,airy_ethereal
314.54,0.3446,0.6414,0.529,0.0685,50.0,173.67,1.9843,deep_calm
725.18,0.2484,0.2284,0.6059,0.6511,2547.55,1037.56,1.2321,airy_ethereal
1549.23,0.88,0.1822,0.5927,0.8629,3710.46,2048.5,1.7355,sharp_chaotic
736.16,0.5303,0.3223,0.6289,0.4389,1392.54,993.03,1.7584,bright_energetic
1161.2,0.0781,0.0353,0.5463,0.5843,1319.14,1487.46,0.8209,airy_ethereal
1581.19,0.4322,0.0572,0.635,0.596,2785.79,1124.94,0.6237,airy_ethereal
20.0,0.4269,0.5429,0.5158,0.1839,808.97,287.85,0.9568,warm_soft
567.64,0.3818,0.2425,0.1692,0.6018,3616.8,1555.36,0.518,airy_ethereal
259.97,0.7614,0.01,0.6976,0.5722,2634.85,654.81,0.5421,bright_energetic
369.73,0.4069,0.4601,0.4886,0.0973,762.41,462.47,1.0591,warm_soft
73.36,0.3144,0.9137,0.0477,0.0477,587.15,340.58,0.7971,deep_calm
2206.85,0.9604,0.293,0.6746,0.99,3130.79,1528.44,0.09,sharp_chaotic
948.84,0.5044,0.2316,0.5483,0.5268,1797.42,1363.68,1.8381,bright_energetic
896.58,0.946,0.1851,0.5619,0.8574,2095.5,1149.64,0.5494,bright_energetic
1339.86,0.8088,0.2488,0.4612,0.8129,4336.09,1471.39,1.212,sharp_chaotic
708.78,0.1601,0.0959,0.2846,0.5407,2222.51,1433.3,1.2151,airy_ethereal
1931.06,0.99,0.262,0.4776,0.704,3863.03,1503.24,0.7548,sharp_chaotic
885.15,0.8152,0.198,0.6491,0.5702,2747.35,1254.98,1.7258,bright_energetic
793.77,0.2155,0.1176,0.3251,0.7521,2183.22,1192.47,0.8346,airy_ethereal
230.27,0.3706,0.7371,0.5519,0.022,204.66,90.73,0.5081,deep_calm
1294.67,0.6914,0.0854,0.8126,0.688,2337.2,897.06,1.1927,bright_energetic
734.82,0.1683,0.0601,0.4364,0.9583,3193.72,1716.05,1.5779,airy_ethereal
196.23,0.2903,0.7514,0.1834,0.215,205.04,281.43,0.3063,deep_calm
1377.63,0.8534,0.1734,0.1694,0.5806,2156.91,1972.87,1.929,sharp_chaotic
397.46,0.3502,0.2987,0.8419,0.3127,986.03,411.86,0.7497,warm_soft
830.45,0.5513,0.1986,0.3127,0.4331,1917.9,837.33,1.8038,airy_ethereal
97.25,0.2975,0.7626,0.3537,0.0119,484.75,84.68,1.3445,deep_calm
266.95,0.4965,0.2256,0.8031,0.1695,915.74,338.21,1.3503,warm_soft
1651.97,0.9791,0.1018,0.2101,0.7479,3990.55,1986.79,0.6604,sharp_chaotic
797.87,0.8353,0.1862,0.5663,0.6351,2262.67,1575.15,0.4407,sharp_chaotic
438.09,0.4154,0.412,0.4104,0.01,796.95,417.22,1.975,warm_soft
20.0,0.0447,0.7532,0.217,0.0237,641.87,284.07,1.3968,deep_calm
1627.86,0.7632,0.4446,0.6318,0.6929,3251.1,1519.67,1.5188,sharp_chaotic
210.62,0.3088,0.5578,0.3047,0.0898,395.59,217.76,1.886,deep_calm
932.83,0.6566,0.2196,0.7336,0.5271,3329.77,851.68,1.7393,bright_energetic
317.86,0.0755,0.7136,0.0557,0.01,253.23,216.8,1.2164,deep_calm
1074.75,0.7226,0.3089,0.4853,0.8039,1242.29,1459.75,1.1013,sharp_chaotic
1254.35,0.6361,0.3387,0.7852,0.7293,918.57,897.05,0.2559,bright_energetic
155.69,0.4223,0.9239,0.4268,0.0434,183.59,325.27,0.5969,deep_calm
388.43,0.5715,0.5918,0.6054,0.2655,1115.47,609.33,1.0049,warm_soft
1613.81,0.8514,0.3651,0.1912,0.8736,2487.19,1495.49,0.941,sharp_chaotic
1352.38,0.5003,0.0635,0.3934,0.6476,3808.34,893.65,1.9049,airy_ethereal
1242.83,0.4111,0.3808,0.6928,0.798,2782.2,1117.51,1.8744,airy_ethereal
1085.58,0.6108,0.1897,0.3024,0.4817,3260.58,1609.49,1.9773,airy_ethereal
741.28,0.8457,0.1752,0.4639,0.5999,1954.39,1003.16,0.8545,bright_energetic
191.77,0.3199,0.4784,0.4335,0.058,367.06,136.01,0.7841,deep_calm
2113.78,0.7575,0.2258,0.5068,0.7609,3564.41,1605.82,0.4744,sharp_chaotic
2016.16,0.5832,0.01,0.3738,0.8108,4153.41,548.11,0.4856,sharp_chaotic
1324.25,0.726,0.2295,0.6033,0.99,2598.69,1992.53,0.2435,sharp_chaotic
1133.48,0.8906,0.1217,0.5886,0.7032,2298.62,817.67,1.9895,bright_energetic
750.27,0.205,0.187,0.3859,0.4832,3341.24,869.79,1.573,airy_ethereal
721.68,0.5349,0.1845,0.7429,0.261,755.01,332.15,0.5602,warm_soft
1879.35,0.8361,0.3222,0.5492,0.7277,2128.57,994.17,1.605,sharp_chaotic
1476.49,0.827,0.2687,0.4005,0.9114,3405.48,1600.99,1.2671,sharp_chaotic
2132.61,0.6551,0.3459,0.6098,0.8527,3841.07,1159.75,1.0485,sharp_chaotic
1353.24,0.2187,0.1378,0.3403,0.8431,2406.12,1203.9,1.7725,airy_ethereal
230.79,0.258,0.3986,0.6466,0.01,364.36,486.69,0.2229,warm_soft
656.31,0.4188,0.4623,0.5648,0.1477,791.57,590.67,0.3602,warm_soft
609.21,0.199,0.1296,0.1202,0.714,2736.47,1598.62,1.9901,airy_ethereal
423.74,0.3907,0.1823,0.1272,0.8839,3192.57,1017.26,0.4506,airy_ethereal
987.49,0.3635,0.01,0.66,0.7372,3667.35,1804.88,0.2509,airy_ethereal
162.97,0.144,0.6982,0.292,0.1879,471.15,217.51,0.1311,deep_calm
727.63,0.3779,0.3095,0.3184,0.7994,2303.83,1526.26,0.193,airy_ethereal
281.71,0.2814,0.6883,0.3831,0.1241,700.39,393.44,0.2542,deep_calm
1333.85,0.6326,0.1516,0.4634,0.5095,2054.72,885.44,0.9611,bright_energetic
2032.98,0.6696,0.2894,0.7322,0.879,3081.85,640.19,0.0131,sharp_chaotic
144.86,0.4426,0.9051,0.4705,0.1329,92.68,330.88,1.6508,deep_calm
353.61,0.7492,0.7362,0.7756,0.2335,747.86,290.05,1.3416,warm_soft
793.42,0.6663,0.3357,0.839,0.6455,3391.32,759.81,0.1941,bright_energetic
1901.14,0.7437,0.2328,0.4372,0.7641,2660.7,1641.07,1.7128,sharp_chaotic
2018.27,0.583,0.1021,0.481,0.8097,2780.72,1750.92,0.8004,sharp_chaotic
925.78,0.7002,0.2897,0.6694,0.7919,3397.83,1764.44,0.4905,sharp_chaotic
1768.0,0.731,0.089,0.6197,0.6691,2883.71,1114.58,0.9609,sharp_chaotic
753.01,0.696,0.2394,0.6577,0.7235,2489.23,549.77,1.539,bright_energetic
584.87,0.6792,0.1835,0.7823,0.8559,1950.13,711.06,1.2017,bright_energetic
1453.42,0.4059,0.1135,0.4299,0.598,2909.17,1250.67,1.445,airy_ethereal
1845.27,0.8422,0.4484,0.4892,0.9766,2014.75,526.2,0.2432,sharp_chaotic
324.98,0.4546,0.707,0.4311,0.01,224.76,508.32,0.6102,deep_calm
115.75,0.2637,0.5158,0.3313,0.1579,223.31,257.1,0.0928,deep_calm
318.3,0.5952,0.5109,0.6936,0.347,918.9,791.74,1.3775,warm_soft
1603.35,0.5762,0.1366,0.536,0.7283,2277.8,1739.01,0.7653,sharp_chaotic
188.24,0.2747,0.8178,0.2901,0.0404,252.2,245.66,1.6399,deep_calm
353.41,0.5446,0.6398,0.4594,0.1895,680.08,785.89,0.8075,warm_soft
503.94,0.99,0.1652,0.5547,0.7034,3258.23,1536.17,1.7846,sharp_chaotic
879.27,0.377,0.1843,0.4476,0.464,2777.01,1011.46,0.0433,airy_ethereal
1138.43,0.9642,0.4092,0.5501,0.8239,2038.52,1942.79,1.8351,sharp_chaotic
425.73,0.3316,0.6522,0.8282,0.3798,482.74,123.59,0.4399,warm_soft
1479.22,0.8806,0.3881,0.4707,0.7542,2972.8,1061.76,1.2034,bright_energetic
1401.52,0.8137,0.02,0.8661,0.7982,3406.45,916.95,1.1244,sharp_chaotic
964.64,0.2032,0.0113,0.4247,0.7825,2441.1,1005.2,1.2065,airy_ethereal
1109.04,0.7666,0.2629,0.1714,0.99,2917.63,1231.88,1.4585,sharp_chaotic
1433.6,0.5123,0.2216,0.3516,0.6777,2022.61,1076.39,1.4118,airy_ethereal
841.06,0.6075,0.1544,0.7977,0.7014,3324.92,906.7,1.1733,bright_energetic
756.53,0.5868,0.1219,0.8648,0.7611,3357.04,627.86,1.5329,bright_energetic
763.92,0.99,0.2651,0.5398,0.6522,1333.74,506.23,1.4476,bright_energetic
1455.32,0.8559,0.1359,0.6152,0.5029,3235.45,2083.91,1.0888,sharp_chaotic
1329.97,0.7626,0.5037,0.653,0.5284,2387.75,611.4,1.9129,bright_energetic
1536.61,0.5762,0.0453,0.2457,0.6711,3336.4,1575.48,1.555,airy_ethereal
186.08,0.1317,0.8265,0.2867,0.122,323.25,199.84,0.6876,deep_calm
491.75,0.2731,0.1465,0.5056,0.5872,2561.24,1126.96,1.1772,airy_ethereal
1332.44,0.7581,0.6111,0.7687,0.6552,2615.52,1770.8,1.7104,sharp_chaotic
20.0,0.2656,0.606,0.2052,0.1206,698.84,442.59,0.3145,deep_calm
1203.78,0.721,0.3684,0.5364,0.7577,1703.69,1108.73,1.8153,bright_energetic
159.36,0.4384,0.8624,0.3526,0.1342,202.14,590.43,1.4011,deep_calm
87.99,0.1447,0.5577,0.6731,0.041,371.63,532.35,0.9396,deep_calm
589.81,0.49,0.3112,0.5571,0.1237,512.38,464.38,0.7394,warm_soft
967.91,0.7197,0.0436,0.644,0.4759,1093.95,641.33,0.9824,bright_energetic
1182.68,0.4037,0.2252,0.1636,0.8491,2610.56,1378.45,0.616,airy_ethereal
183.71,0.5328,0.5077,0.5829,0.2549,645.11,335.69,0.7065,warm_soft
240.62,0.3754,0.6373,0.5247,0.2888,560.81,710.84,1.3726,warm_soft
1118.74,0.5269,0.3207,0.7147,0.715,2432.52,1242.04,1.6768,bright_energetic
1057.95,0.5511,0.1922,0.2456,0.99,2636.06,1764.19,0.2541,airy_ethereal
1287.95,0.2225,0.089,0.4021,0.5661,1757.98,1348.66,1.7116,airy_ethereal
455.49,0.263,0.1663,0.6433,0.6916,3041.92,273.2,1.2603,airy_ethereal
1333.78,0.8569,0.3559,0.3852,0.8146,3599.18,1567.28,0.3673,sharp_chaotic
575.83,0.4816,0.3265,0.7644,0.481,1323.56,585.98,1.8545,bright_energetic
1032.6,0.8579,0.1901,0.3361,0.6046,4048.54,1724.26,1.4003,sharp_chaotic
1176.86,0.5652,0.097,0.4246,0.4812,2464.49,1222.39,0.4964,airy_ethereal
1127.24,0.125,0.2027,0.5482,0.6892,1833.57,771.59,1.469,airy_ethereal
1204.42,0.2991,0.1544,0.3893,0.894,936.91,953.08,1.8583,airy_ethereal
1195.4,0.7443,0.2421,0.3426,0.8068,1609.38,673.44,0.5736,bright_energetic
1349.5,0.8309,0.4152,0.6054,0.8323,3424.39,1709.35,0.1399,sharp_chaotic
1104.01,0.7519,0.2448,0.5972,0.9213,3118.1,926.14,0.1078,bright_energetic
871.22,0.3141,0.0259,0.4068,0.5947,2012.05,1631.35,0.2082,airy_ethereal
734.64,0.8002,0.2126,0.6754,0.6933,3035.79,1042.6,0.2768,sharp_chaotic
764.32,0.6033,0.338,0.9406,0.7141,1800.73,1157.25,1.1068,bright_energetic
354.23,0.4613,0.5954,0.6681,0.1847,884.44,275.31,0.9523,warm_soft
429.13,0.382,0.1676,0.1773,0.4171,2652.4,1035.06,0.1571,airy_ethereal
483.24,0.1702,0.5095,0.5295,0.3393,1278.89,379.64,1.7047,warm_soft
356.44,0.1876,0.99,0.1655,0.01,430.34,213.69,0.0972,deep_calm
242.87,0.2686,0.3558,0.8313,0.253,418.41,24.31,0.1121,warm_soft
257.83,0.5429,0.3513,0.4966,0.2066,1116.26,564.42,1.8551,warm_soft
614.66,0.5917,0.7623,0.367,0.2668,798.29,385.38,0.9642,warm_soft
1496.86,0.9066,0.1394,0.5966,0.8178,3630.01,1307.76,1.2987,sharp_chaotic
409.59,0.3777,0.398,0.8382,0.2664,653.85,568.21,1.1144,warm_soft
680.01,0.5626,0.0823,0.3709,0.6729,3277.81,570.02,1.6853,airy_ethereal
281.61,0.239,0.5955,0.1122,0.0613,258.99,400.46,0.5692,deep_calm
972.96,0.2627,0.0364,0.5321,0.5821,3391.71,1379.8,1.4966,airy_ethereal
368.89,0.4819,0.373,0.7859,0.245,698.75,166.51,0.3227,warm_soft
149.15,0.1411,0.6336,0.1549,0.2044,305.59,314.68,0.786,deep_calm
1094.37,0.2355,0.1195,0.5056,0.6806,1993.62,1198.02,0.4482,airy_ethereal
1148.12,0.5446,0.1739,0.8435,0.3852,1645.0,1069.44,1.2955,bright_energetic
502.64,0.2703,0.6102,0.474,0.375,772.13,515.12,1.8144,warm_soft
642.41,0.9886,0.124,0.6654,0.4859,2077.21,508.2,0.9488,bright_energetic
1220.68,0.7961,0.3226,0.2256,0.8202,4641.66,1575.92,1.4838,sharp_chaotic
609.4,0.4865,0.3862,0.7725,0.1446,936.15,369.65,0.189,warm_soft
770.4,0.6397,0.3067,0.5666,0.8179,3452.64,1395.11,1.0003,sharp_chaotic
227.48,0.1222,0.1652,0.3087,0.5662,2636.62,1538.42,0.8067,airy_ethereal
1897.01,0.6028,0.1954,0.4038,0.7834,2668.69,1966.92,0.9948,sharp_chaotic
690.75,0.7906,0.3581,0.689,0.7391,1822.08,1012.91,0.5641,bright_energetic
1247.94,0.7026,0.1874,0.5946,0.5707,2317.86,766.19,1.228,bright_energetic
20.0,0.3767,0.5624,0.8206,0.3898,881.26,599.46,0.6797,warm_soft
341.11,0.8436,0.01,0.3644,0.7572,3598.6,677.49,0.624,sharp_chaotic
312.84,0.4054,0.8175,0.2748,0.0157,154.26,316.53,0.9495,deep_calm
567.29,0.8581,0.0302,0.6372,0.8042,2512.54,773.98,0.9568,bright_energetic
102.49,0.4344,0.3925,0.3853,0.1014,779.75,251.18,0.066,warm_soft
1047.36,0.5761,0.2294,0.2597,0.6498,2082.04,977.36,0.1192,bright_energetic
1128.26,0.7492,0.2207,0.5814,0.5939,1815.24,1249.16,0.6397,bright_energetic
854.68,0.6071,0.2061,0.4839,0.8867,2999.02,1423.75,1.4778,sharp_chaotic
423.86,0.5044,0.7581,0.5843,0.226,1143.34,249.25,0.5128,warm_soft
1082.79,0.365,0.0579,0.3012,0.872,1669.42,1272.15,1.2619,airy_ethereal
305.47,0.5762,0.5268,0.4422,0.3328,577.12,308.41,0.1371,warm_soft
1115.3,0.99,0.3728,0.7391,0.6259,1833.18,1478.17,1.6954,sharp_chaotic
890.74,0.802,0.1982,0.1633,0.7677,3166.35,1341.64,1.828,sharp_chaotic
1405.86,0.8353,0.3923,0.6751,0.7997,4262.91,1322.61,1.3384,sharp_chaotic
257.11,0.3978,0.6882,0.3105,0.0854,312.16,193.02,1.8377,deep_calm
1298.24,0.8538,0.3546,0.9529,0.99,3192.35,1920.19,0.2525,sharp_chaotic
217.3,0.2383,0.7824,0.0736,0.1496,541.8,112.41,0.803,deep_calm
1179.82,0.4491,0.2484,0.1697,0.6564,3172.38,1265.6,1.3417,airy_ethereal
161.04,0.5166,0.7573,0.2763,0.0874,167.66,128.23,0.191,deep_calm
1163.34,0.6492,0.1631,0.5469,0.6492,2453.87,1144.68,1.2589,bright_energetic
1355.35,0.3713,0.1053,0.2285,0.8515,3387.88,1493.26,0.3521,airy_ethereal
1360.03,0.732,0.2006,0.5513,0.8476,3275.68,1633.5,1.1531,sharp_chaotic
169.42,0.4211,0.9444,0.2387,0.01,197.75,239.94,1.3683,deep_calm
163.36,0.3438,0.478,0.3227,0.0823,384.07,338.09,0.0986,deep_calm
180.27,0.5013,0.523,0.265,0.0951,260.18,413.56,0.7328,deep_calm
1008.97,0.8254,0.3061,0.5828,0.6768,2262.34,879.83,0.0966,bright_energetic
513.2,0.99,0.1365,0.8271,0.4992,1846.75,993.06,1.1649,bright_energetic
440.46,0.5035,0.7968,0.5565,0.0432,653.93,458.1,0.4625,warm_soft
646.25,0.3109,0.156,0.4799,0.7899,1783.39,1666.4,0.0825,airy_ethereal
120.1,0.5857,0.5937,0.2683,0.01,110.68,310.42,0.4955,deep_calm
1246.72,0.9772,0.1403,0.9226,0.5477,2557.65,775.19,1.4033,bright_energetic
1007.94,0.6715,0.2718,0.7239,0.2444,1710.64,1202.83,0.1173,bright_energetic
1488.42,0.4864,0.2167,0.5136,0.6818,1915.86,887.15,0.5727,bright_energetic
1210.78,0.8883,0.4334,0.4386,0.5037,1763.61,589.01,0.3667,bright_energetic
250.0,0.2815,0.9248,0.1805,0.0891,434.34,124.61,1.1422,deep_calm
193.38,0.2521,0.7442,0.1102,0.0748,203.77,203.56,1.3217,deep_calm
317.03,0.4574,0.4584,0.6377,0.2022,748.61,502.87,1.0739,warm_soft
724.51,0.7852,0.01,0.5371,0.3717,1382.81,801.46,0.9106,bright_energetic
1264.84,0.8691,0.1861,0.6515,0.5438,2352.92,875.84,1.5213,bright_energetic
2143.02,0.99,0.0555,0.4602,0.7065,4190.02,918.29,1.9363,sharp_chaotic
20.0,0.3711,0.7695,0.2098,0.1972,661.23,329.14,1.9374,deep_calm
772.32,0.99,0.0783,0.4212,0.681,4213.97,1306.43,1.9082,sharp_chaotic
715.77,0.5066,0.0559,0.4862,0.6271,1816.77,1040.67,1.8726,bright_energetic
191.79,0.2178,0.4263,0.1846,0.1653,674.3,450.15,0.4915,deep_calm
914.57,0.5544,0.2778,0.706,0.5938,2658.6,622.99,1.1814,bright_energetic
833.69,0.4626,0.1625,0.4081,0.3582,1535.77,761.71,1.9838,bright_energetic
854.84,0.812,0.0906,0.5373,0.4891,1519.75,1193.97,0.3119,bright_energetic
1734.97,0.6884,0.0441,0.354,0.9493,3028.77,1044.46,1.6055,sharp_chaotic
194.23,0.5746,0.5738,0.1689,0.0276,543.58,171.99,0.1077,deep_calm
393.99,0.6201,0.2832,0.5383,0.0795,1346.09,471.49,1.6603,warm_soft
883.67,0.6718,0.1219,0.506,0.7412,2060.06,474.11,0.8539,bright_energetic
1183.36,0.9188,0.0773,0.6132,0.8199,1744.62,1392.89,1.6498,sharp_chaotic
309.27,0.3588,0.699,0.3852,0.1194,259.16,325.05,1.2551,deep_calm
924.52,0.2468,0.1485,0.448,0.5335,2885.98,1067.3,0.7163,airy_ethereal
1478.21,0.7419,0.3817,0.2956,0.4951,2903.33,2037.32,1.0262,sharp_chaotic
506.6,0.414,0.1288,0.1391,0.4331,2473.8,828.92,0.4038,airy_ethereal
943.9,0.7129,0.0997,0.3367,0.5999,2410.28,651.21,0.6438,sharp_chaotic
1045.74,0.717,0.1533,0.6352,0.4397,1853.3,559.69,1.7871,bright_energetic
435.99,0.4453,0.4519,0.5711,0.0697,1235.98,615.21,0.4609,warm_soft
722.24,0.2173,0.1373,0.2931,0.6075,3250.68,943.16,0.9897,airy_ethereal
309.4,0.2394,0.7311,0.3795,0.1352,110.13,84.14,0.2762,deep_calm
99.39,0.4867,0.3613,0.6013,0.2543,821.54,454.52,1.8882,warm_soft
1927.79,0.9327,0.1763,0.3272,0.7494,3238.49,1316.09,1.9491,sharp_chaotic
737.27,0.2575,0.0597,0.26,0.5068,2801.18,1373.26,0.7922,airy_ethereal
147.44,0.4574,0.8694,0.1801,0.1515,512.28,304.92,0.275,deep_calm
174.66,0.2745,0.7719,0.3765,0.0824,94.76,304.17,1.8876,deep_calm
1965.96,0.9349,0.3364,0.4068,0.6788,3157.52,1253.77,1.1942,sharp_chaotic
1280.07,0.81,0.2989,0.6048,0.9533,3747.47,1383.7,0.4682,sharp_chaotic
251.31,0.4542,0.4107,0.7394,0.152,1042.16,575.3,0.6714,warm_soft
399.49,0.4939,0.253,0.5299,0.2838,1066.66,634.06,0.299,warm_soft
1410.85,0.5754,0.0961,0.2968,0.5457,2029.9,1164.77,0.3344,bright_energetic
918.51,0.8699,0.4811,0.427,0.9026,2435.97,1620.11,0.0468,sharp_chaotic
395.68,0.4664,0.4297,0.6984,0.1736,706.7,770.62,0.4752,warm_soft
1635.33,0.4617,0.01,0.4126,0.3529,3279.2,1018.64,1.3861,airy_ethereal
938.1,0.8297,0.2047,0.7523,0.7315,1926.62,747.42,0.763,bright_energetic
1102.57,0.7942,0.1091,0.3783,0.7352,4207.93,764.62,0.3415,sharp_chaotic
2295.65,0.6532,0.2985,0.6423,0.7961,2503.44,1474.42,0.1718,sharp_chaotic
1445.1,0.6414,0.287,0.5161,0.5927,2578.91,538.22,1.1284,bright_energetic
1484.58,0.2196,0.01,0.1714,0.7697,1757.05,1191.38,0.9049,airy_ethereal
174.87,0.3318,0.8568,0.2027,0.0606,671.23,197.44,0.6851,deep_calm
1731.15,0.7856,0.2188,0.2519,0.7452,3361.76,2068.87,1.4484,sharp_chaotic
964.48,0.7585,0.1601,0.5404,0.48,2020.42,781.43,0.7345,bright_energetic
1944.01,0.9586,0.2504,0.7734,0.7814,3669.68,1757.76,0.087,sharp_chaotic
513.59,0.8151,0.2224,0.6408,0.3358,2201.46,920.66,0.4947,bright_energetic
365.23,0.6673,0.6057,0.5826,0.3194,563.79,453.14,0.3457,warm_soft
1106.74,0.2661,0.064,0.4562,0.5815,2091.72,790.15,0.3474,airy_ethereal
676.86,0.3503,0.1327,0.2603,0.9701,1797.0,705.68,1.933,airy_ethereal
253.66,0.2069,0.0654,0.4111,0.7824,2856.76,1494.18,1.0817,airy_ethereal
53.62,0.3329,0.717,0.3458,0.1629,259.45,470.97,0.195,deep_calm
1378.73,0.4445,0.0831,0.322,0.9019,3118.71,743.13,0.2671,airy_ethereal
512.62,0.4615,0.0327,0.2364,0.5348,2478.52,1242.06,0.8277,airy_ethereal
1126.71,0.1829,0.0268,0.1543,0.7024,3814.63,474.97,1.1217,airy_ethereal
1910.46,0.7845,0.0121,0.2242,0.6322,2864.21,1524.52,1.2418,sharp_chaotic
985.45,0.8402,0.3343,0.5629,0.5086,2558.59,839.82,0.002,bright_energetic
921.83,0.4718,0.1104,0.6564,0.6414,2696.63,1243.18,0.1719,bright_energetic
1229.48,0.99,0.446,0.3273,0.7061,3950.93,2449.25,0.7181,sharp_chaotic
313.64,0.2598,0.4893,0.2218,0.1363,157.81,122.75,1.4627,deep_calm
1872.91,0.8461,0.2732,0.7287,0.8651,3049.41,1504.73,1.0806,sharp_chaotic
616.87,0.5151,0.5523,0.6904,0.2155,960.42,617.31,1.8026,warm_soft
261.5,0.4305,0.5179,0.7044,0.0275,551.86,258.88,1.8436,warm_soft
85.95,0.2287,0.5762,0.2084,0.1817,312.77,105.3,1.4489,deep_calm
122.42,0.3327,0.8607,0.3167,0.2397,512.88,135.53,0.9609,deep_calm
539.53,0.6168,0.4802,0.3826,0.3212,823.27,592.73,0.5723,warm_soft
953.65,0.3229,0.0711,0.3153,0.5468,3185.3,972.95,1.0995,airy_ethereal
129.8,0.4381,0.7561,0.1625,0.0919,325.39,743.1,0.1537,deep_calm
782.61,0.9668,0.1183,0.7473,0.6385,1995.57,473.81,1.321,bright_energetic
992.08,0.4884,0.2396,0.3451,0.6231,2440.33,1884.61,0.2527,airy_ethereal
926.69,0.3911,0.16,0.3295,0.5714,3129.56,1793.83,1.2596,airy_ethereal
1260.0,0.2875,0.1817,0.1335,0.7186,2519.27,1306.99,1.7588,airy_ethereal
1075.39,0.6694,0.2557,0.6132,0.5784,2073.48,844.66,1.333,bright_energetic
403.49,0.4148,0.6153,0.5605,0.197,804.55,629.06,0.8815,warm_soft
1431.6,0.933,0.264,0.917,0.8573,1689.5,1351.27,0.3423,sharp_chaotic
2083.04,0.7317,0.3197,0.759,0.5867,2049.82,1167.61,1.4831,sharp_chaotic
1056.33,0.381,0.1728,0.6101,0.8181,2046.85,1240.79,0.2629,airy_ethereal
425.95,0.4952,0.2541,0.728,0.3029,1283.37,695.83,1.857,warm_soft
459.26,0.3892,0.6392,0.8274,0.0825,832.55,539.02,1.9803,warm_soft
688.48,0.6115,0.2993,0.8485,0.6001,2399.31,693.78,1.5348,bright_energetic
214.73,0.3272,0.7675,0.3322,0.1231,150.24,336.26,1.4438,deep_calm
179.87,0.2038,0.7884,0.1241,0.01,50.0,224.46,1.4482,deep_calm
425.98,0.4643,0.5848,0.8689,0.0954,660.04,343.82,1.773,warm_soft
248.06,0.4355,0.7841,0.1318,0.075,237.12,150.05,0.4688,deep_calm
1226.62,0.8354,0.0909,0.3971,0.8582,2124.19,1827.52,0.6656,sharp_chaotic
946.68,0.7273,0.117,0.5368,0.6043,2245.0,1230.24,0.4524,bright_energetic
190.65,0.5018,0.6904,0.1993,0.2109,715.49,283.25,1.6695,deep_calm
1468.71,0.247,0.1565,0.6637,0.8619,2877.3,1749.32,0.0009,airy_ethereal
22.99,0.4289,0.6912,0.4629,0.0689,777.42,244.98,0.0956,deep_calm
189.17,0.482,0.6715,0.2775,0.1584,573.65,436.6,0.4004,deep_calm
351.09,0.4733,0.1868,0.4449,0.209,771.03,603.73,1.5588,warm_soft
263.19,0.2466,0.7594,0.3635,0.1116,631.39,96.55,1.4362,deep_calm
585.81,0.4271,0.5505,0.5592,0.3829,790.64,870.47,0.989,warm_soft
499.01,0.6096,0.3276,0.1718,0.5604,2635.25,1856.96,0.5465,sharp_chaotic
388.5,0.1786,0.3504,0.56,0.3234,1057.41,476.96,1.6448,warm_soft
1133.5,0.3289,0.208,0.3274,0.4777,2897.74,1588.23,1.2898,airy_ethereal
494.49,0.4695,0.3224,0.8334,0.2136,1015.88,601.26,1.3185,warm_soft
310.61,0.3135,0.4542,0.2298,0.0231,144.64,427.14,0.0981,deep_calm
992.41,0.5809,0.1535,0.5452,0.9011,3715.42,1932.96,0.3834,sharp_chaotic
655.41,0.5791,0.4442,0.746,0.01,694.21,469.98,1.0569,warm_soft
36.66,0.2106,0.7013,0.6352,0.01,837.15,415.47,1.9545,warm_soft
949.28,0.01,0.1175,0.4785,0.4785,1393.63,897.96,0.609,airy_ethereal
370.74,0.4876,0.394,0.7433,0.1942,779.81,339.28,1.0068,warm_soft
307.34,0.4963,0.5797,0.5224,0.1097,653.17,420.75,1.3748,warm_soft
878.69,0.6148,0.2089,0.7601,0.4888,1923.54,818.85,1.4115,bright_energetic
309.26,0.4729,0.5709,0.3156,0.2395,457.14,661.1,0.4021,warm_soft
317.59,0.6316,0.4853,0.6684,0.2644,251.88,695.46,1.8434,warm_soft
717.92,0.3836,0.1592,0.3577,0.7423,2744.07,817.37,0.7808,airy_ethereal
639.52,0.748,0.1411,0.8119,0.332,1627.8,1020.11,1.5954,bright_energetic
951.96,0.99,0.1489,0.641,0.7685,1973.21,933.28,1.5164,bright_energetic
288.36,0.2699,0.5354,0.5037,0.01,873.32,566.57,1.1007,warm_soft
49.07,0.3916,0.7613,0.2136,0.1918,405.5,126.94,0.854,deep_calm
468.59,0.7286,0.4068,0.3343,0.3379,1134.99,556.16,0.3516,warm_soft
410.86,0.2877,0.4006,0.6145,0.1285,1084.53,572.35,0.6293,warm_soft
1081.78,0.2058,0.1833,0.3101,0.5757,2785.09,1145.54,0.3729,airy_ethereal
690.8,0.4344,0.3016,0.2897,0.7897,1448.29,1365.19,0.8074,airy_ethereal
347.42,0.3842,0.5398,0.6968,0.1785,882.48,767.54,0.8242,warm_soft
711.89,0.8404,0.3141,0.4658,0.7093,1539.13,1230.83,1.3684,bright_energetic
180.01,0.1025,0.6348,0.3532,0.2176,336.33,354.66,0.0453,deep_calm
20.0,0.3183,0.7555,0.3976,0.303,122.53,208.16,0.2319,deep_calm
1266.57,0.6393,0.2248,0.7683,0.5373,2828.31,1640.29,1.0314,sharp_chaotic
782.06,0.9792,0.1785,0.375,0.4607,1883.04,1759.43,1.6193,bright_energetic
392.22,0.9307,0.0757,0.6484,0.5454,2778.05,552.86,0.311,bright_energetic
1318.78,0.3986,0.2088,0.376,0.7602,2264.95,917.86,1.162,airy_ethereal
2020.03,0.6919,0.2744,0.5682,0.7465,2246.15,1272.53,1.6716,sharp_chaotic
356.24,0.4194,0.5945,0.6163,0.1495,281.41,97.32,0.4294,warm_soft
857.14,0.8392,0.4081,0.5874,0.6959,1826.54,1168.23,1.8243,sharp_chaotic
280.22,0.3775,0.5495,0.5066,0.138,461.51,572.97,0.276,warm_soft
212.89,0.2693,0.645,0.1596,0.1004,331.68,324.73,0.0104,deep_calm
376.25,0.4428,0.5526,0.6303,0.1178,409.3,376.17,0.7255,warm_soft
1167.98,0.9242,0.1562,0.4972,0.6867,2714.64,1165.18,1.204,sharp_chaotic
1105.67,0.2708,0.1642,0.3695,0.4726,2188.99,1637.8,0.2205,airy_ethereal
872.14,0.695,0.1085,0.346,0.5506,1622.51,847.3,1.2534,bright_energetic
1589.67,0.8508,0.336,0.5488,0.7582,1886.53,2225.96,0.2662,sharp_chaotic
96.61,0.4539,0.6495,0.3121,0.2045,167.3,397.61,1.5264,deep_calm
1410.79,0.6475,0.4117,0.5134,0.7377,2951.05,1923.75,1.4481,sharp_chaotic
1393.51,0.4413,0.1006,0.3884,0.4945,2153.17,1386.34,1.1854,airy_ethereal
281.45,0.2501,0.5326,0.2198,0.1168,321.03,210.14,0.3561,deep_calm
1389.47,0.2716,0.0808,0.3622,0.3524,2349.84,1162.69,1.1115,airy_ethereal
483.46,0.2763,0.373,0.6757,0.348,682.52,581.33,0.6467,warm_soft
621.57,0.2947,0.3137,0.5641,0.2063,771.98,500.18,1.8471,warm_soft
741.19,0.8955,0.2254,0.781,0.6912,2022.68,989.59,1.1715,bright_energetic
2029.88,0.6926,0.3514,0.1987,0.7859,3291.75,1586.31,0.9851,sharp_chaotic
254.96,0.522,0.5861,0.5814,0.243,981.27,419.73,1.7796,warm_soft
229.87,0.1465,0.6644,0.1931,0.2848,371.43,258.3,1.2502,deep_calm
1745.93,0.8538,0.1177,0.5304,0.6921,2883.94,2281.66,0.3674,sharp_chaotic
1221.7,0.2346,0.0651,0.4354,0.9365,2772.93,1257.23,0.222,airy_ethereal
257.94,0.5263,0.5084,0.3698,0.2108,362.24,441.19,1.1955,deep_calm
942.41,0.4587,0.1351,0.3083,0.8588,2929.05,1624.64,0.8335,airy_ethereal
186.11,0.6385,0.5681,0.4115,0.01,717.72,602.24,1.0973,warm_soft
636.66,0.9145,0.154,0.5226,0.7604,916.64,1394.43,0.0507,bright_energetic
1069.59,0.2892,0.0448,0.1674,0.689,3257.87,1107.85,0.5367,airy_ethereal
1689.82,0.2405,0.1949,0.0715,0.6621,2607.05,870.87,1.8251,airy_ethereal
1405.23,0.8349,0.2969,0.346,0.7616,1903.63,1032.79,0.9272,sharp_chaotic
320.82,0.3553,0.6795,0.153,0.1647,111.66,129.89,0.0517,deep_calm
1977.11,0.893,0.2331,0.4473,0.6359,2072.28,1665.4,0.111,sharp_chaotic
546.21,0.2686,0.6163,0.5988,0.1126,344.92,509.12,1.6051,warm_soft
1475.94,0.6699,0.4179,0.5685,0.8318,3344.38,1717.25,1.6202,sharp_chaotic
545.75,0.4992,0.1925,0.8293,0.01,526.68,249.72,1.7,warm_soft
1721.28,0.6047,0.2431,0.5724,0.8168,3034.68,1271.87,0.3512,sharp_chaotic
275.8,0.5426,0.3756,0.6278,0.1384,1364.87,370.93,0.8481,warm_soft
128.64,0.444,0.01,0.8165,0.6144,1359.35,700.25,0.2056,bright_energetic
259.13,0.4793,0.6665,0.4562,0.2012,1062.23,392.1,0.9442,warm_soft
1399.41,0.3736,0.2161,0.2256,0.7398,2343.64,1317.6,1.5859,airy_ethereal
1056.13,0.4375,0.17,0.3843,0.9286,2866.79,1093.32,0.9757,airy_ethereal
1809.3,0.7716,0.1784,0.4858,0.6763,4252.24,1744.6,1.1134,sharp_chaotic
194.97,0.0138,0.533,0.569,0.2953,759.19,707.56,1.1447,warm_soft
296.88,0.499,0.4636,0.5475,0.1975,1327.08,602.61,1.0019,warm_soft
303.35,0.4341,0.3685,0.4911,0.1391,300.04,137.77,1.35,deep_calm
2243.58,0.6176,0.3562,0.4248,0.6923,4365.25,1394.95,0.1957,sharp_chaotic
1721.05,0.8008,0.2132,0.7284,0.5557,3103.94,2465.13,0.9898,sharp_chaotic
630.66,0.4269,0.0522,0.1372,0.6486,3538.11,2029.58,0.3117,airy_ethereal
144.56,0.151,0.5924,0.571,0.0249,145.54,259.15,1.392,deep_calm
328.29,0.4784,0.3244,0.592,0.0258,816.05,373.64,0.4083,warm_soft
1597.75,0.4732,0.0971,0.3824,0.6467,1977.59,1602.8,1.7809,airy_ethereal
392.77,0.5681,0.4104,0.6128,0.4115,1368.3,262.29,0.0735,warm_soft
135.06,0.2926,0.9066,0.3316,0.1687,178.53,98.87,1.331,deep_calm
1967.14,0.7419,0.2375,0.2716,0.9126,1689.76,1470.03,1.3019,sharp_chaotic
166.73,0.2501,0.8421,0.11,0.1679,103.66,115.01,0.3723,deep_calm
128.62,0.2686,0.5095,0.2714,0.1237,760.41,276.07,1.3011,deep_calm
1204.46,0.7846,0.1081,0.5747,0.7032,1479.3,1748.29,0.5222,sharp_chaotic
340.67,0.3801,0.6409,0.1465,0.1062,266.39,212.59,0.1398,deep_calm
587.07,0.9137,0.1922,0.9284,0.9801,2096.93,1169.2,0.2443,bright_energetic
1219.04,0.3806,0.0967,0.3711,0.545,2475.17,1189.25,1.3368,airy_ethereal
1182.12,0.7845,0.3683,0.6523,0.6303,1660.27,741.22,0.4616,bright_energetic
219.52,0.4267,0.8118,0.5949,0.1012,461.95,114.37,1.0707,deep_calm
178.42,0.1982,0.7459,0.4255,0.1071,735.46,135.07,0.9395,deep_calm
383.72,0.6345,0.3287,0.3535,0.141,893.39,557.44,1.5727,warm_soft
1477.14,0.8988,0.1067,0.4153,0.5251,2584.59,1365.6,1.522,sharp_chaotic
149.9,0.055,0.772,0.0727,0.1912,113.11,39.44,1.0014,deep_calm
328.34,0.6129,0.461,0.5611,0.2489,859.32,211.7,0.6607,warm_soft
521.0,0.5316,0.6473,0.4485,0.3114,1238.56,724.03,0.0852,warm_soft
1246.23,0.954,0.3853,0.5813,0.7397,3979.87,1092.72,1.6479,sharp_chaotic
943.89,0.7938,0.3247,0.2786,0.6312,2467.33,850.68,1.3609,sharp_chaotic
300.68,0.8486,0.7658,0.6782,0.241,490.35,483.49,0.9184,warm_soft
526.47,0.7559,0.2878,0.5576,0.7478,1728.26,990.64,1.6675,bright_energetic
99.62,0.6301,0.7511,0.3475,0.0396,291.96,413.33,1.3721,deep_calm
924.0,0.7548,0.0934,0.5762,0.8641,3378.87,1555.08,0.4968,sharp_chaotic
229.05,0.3351,0.1971,0.4649,0.5678,2780.7,1235.74,0.9876,airy_ethereal
436.05,0.5343,0.4106,0.8454,0.283,552.78,147.16,1.9234,warm_soft
387.0,0.0541,0.0942,0.4109,0.8652,2331.86,1520.82,0.3203,airy_ethereal
1444.38,0.305,0.1192,0.397,0.5954,2707.57,460.56,0.1938,airy_ethereal
855.03,0.8189,0.1925,0.8265,0.8682,2884.6,1071.64,0.7505,bright_energetic
308.91,0.1048,0.5403,0.5705,0.084,1011.81,388.86,0.3096,warm_soft
1425.43,0.8615,0.5171,0.3312,0.8626,3535.01,1019.56,0.4386,sharp_chaotic
251.17,0.2082,0.7665,0.1749,0.1179,50.0,173.24,1.7024,deep_calm
1683.45,0.3075,0.2246,0.495,0.3983,2829.22,1136.5,1.8914,airy_ethereal
63.32,0.2963,0.5411,0.4316,0.0131,242.26,257.93,1.9484,deep_calm
1415.95,0.9003,0.3714,0.6806,0.7303,2683.88,1383.31,1.8168,sharp_chaotic
1356.7,0.3989,0.1804,0.3227,0.7041,2783.97,1598.53,1.3069,airy_ethereal
996.91,0.4434,0.0917,0.2714,0.7221,3323.42,1131.76,1.503,airy_ethereal
931.71,0.3145,0.1662,0.3166,0.5851,3576.12,1087.81,1.2829,airy_ethereal
70.31,0.4412,0.6945,0.3007,0.154,263.56,190.09,1.1728,deep_calm
209.98,0.4553,0.6759,0.3565,0.01,240.07,264.03,1.5755,deep_calm
516.32,0.452,0.2168,0.6237,0.3142,987.95,246.7,0.3204,warm_soft
1437.44,0.6364,0.156,0.6189,0.662,2026.55,1266.42,1.2655,bright_energetic
146.86,0.3044,0.5825,0.3568,0.1535,362.2,20.0,0.3685,deep_calm
1115.9,0.2721,0.063,0.3071,0.691,1991.12,1284.45,1.8161,airy_ethereal
108.49,0.3519,0.7782,0.2347,0.0508,254.47,335.37,1.719,deep_calm
797.27,0.3366,0.1654,0.4019,0.6873,1977.95,1662.26,0.7136,airy_ethereal
586.16,0.3716,0.7567,0.3743,0.1996,682.16,408.72,1.5273,warm_soft
2380.25,0.6341,0.1034,0.5158,0.9691,2743.76,693.72,0.1193,sharp_chaotic
70.57,0.01,0.8173,0.2732,0.0877,51.62,202.64,1.4807,deep_calm
206.68,0.2581,0.6817,0.3289,0.1993,195.11,20.0,0.2151,deep_calm
556.98,0.4729,0.4796,0.4933,0.2018,967.94,489.76,1.5065,warm_soft
288.07,0.4679,0.6991,0.8162,0.3068,1103.68,395.28,0.4459,warm_soft
969.68,0.8315,0.232,0.7488,0.7075,1587.38,925.15,0.4546,bright_energetic
546.98,0.4416,0.1068,0.5801,0.4873,2914.94,1422.89,0.9798,airy_ethereal
666.34,0.7702,0.4749,0.578,0.0954,520.36,372.16,1.5623,warm_soft
152.06,0.431,0.8619,0.4398,0.0449,248.42,403.0,1.922,deep_calm
185.99,0.2499,0.7349,0.2389,0.1843,306.42,354.94,1.4945,deep_calm
844.67,0.1873,0.2472,0.5098,0.9575,2872.92,761.43,1.7411,airy_ethereal
334.87,0.5727,0.9702,0.3625,0.098,50.0,57.56,0.7965,deep_calm
1394.87,0.5828,0.6254,0.444,0.7877,2698.4,1623.07,1.4045,sharp_chaotic
161.51,0.01,0.8395,0.2498,0.2192,365.62,207.34,1.4376,deep_calm
848.05,0.6693,0.1249,0.8678,0.6194,1775.86,798.62,1.0865,bright_energetic
1385.62,0.7027,0.1658,0.581,0.8954,2953.42,1842.91,0.3255,sharp_chaotic
388.93,0.3929,0.5223,0.6505,0.2017,700.03,578.16,1.2234,warm_soft
675.25,0.78,0.4712,0.9372,0.3014,76.88,367.07,0.1086,warm_soft
220.19,0.4654,0.7197,0.4555,0.2143,115.29,386.15,1.5852,deep_calm
176.41,0.3454,0.1032,0.4766,0.3565,651.51,426.18,1.7248,warm_soft
887.28,0.7054,0.109,0.8473,0.7994,2299.53,1159.66,1.7377,bright_energetic
911.36,0.866,0.0803,0.7277,0.7107,4384.4,1158.6,0.4172,sharp_chaotic
447.01,0.4173,0.5541,0.6714,0.3646,671.64,607.44,1.2128,warm_soft
1396.55,0.6584,0.1997,0.3963,0.8311,3151.2,1713.0,1.079,sharp_chaotic
904.58,0.7566,0.0166,0.8292,0.4248,1625.35,698.98,1.383,bright_energetic
86.4,0.2819,0.8474,0.5943,0.1634,347.5,348.67,0.4447,deep_calm
961.86,0.8535,0.2262,0.423,0.7907,3224.04,1300.28,1.4264,sharp_chaotic
233.06,0.3008,0.6834,0.3276,0.01,225.57,337.92,1.9721,deep_calm
1178.29,0.0696,0.0716,0.3171,0.677,1760.31,676.86,0.9824,airy_ethereal
881.08,0.854,0.2392,0.7123,0.5162,1874.13,383.1,1.5612,bright_energetic
202.41,0.3489,0.9316,0.3869,0.01,527.64,74.02,1.1308,deep_calm
1033.56,0.4545,0.1494,0.2419,0.6339,2009.0,808.99,0.0337,airy_ethereal
928.99,0.8571,0.4958,0.5588,0.4239,764.28,403.57,0.532,bright_energetic
902.07,0.5839,0.1524,0.6113,0.6738,2110.16,1250.85,1.2651,bright_energetic
326.15,0.518,0.6146,0.5962,0.2288,1044.97,528.46,1.386,warm_soft
1554.05,0.2567,0.0616,0.3251,0.7052,2608.93,962.97,1.1364,airy_ethereal
136.42,0.5265,0.669,0.2481,0.254,376.77,370.84,1.5516,deep_calm
185.43,0.5705,0.8015,0.2186,0.0523,192.76,351.69,1.856,deep_calm
1031.18,0.7048,0.2392,0.5648,0.4396,2257.12,908.98,0.5211,bright_energetic
1259.14,0.6663,0.1267,0.4628,0.8823,3296.3,799.97,1.0093,sharp_chaotic
549.97,0.5009,0.6295,0.4653,0.1821,882.09,494.29,1.6699,warm_soft
893.88,0.5203,0.0739,0.0421,0.6792,960.97,1018.12,0.221,airy_ethereal
179.15,0.3936,0.3912,0.7969,0.3091,891.04,520.42,1.2238,warm_soft
98.74,0.4028,0.5976,0.4321,0.1301,303.48,269.49,0.2058,deep_calm
1222.27,0.94,0.01,0.5672,0.5575,1935.18,1105.3,0.0226,bright_energetic
1302.3,0.8915,0.2352,0.3905,0.8704,3898.02,1432.44,0.1048,sharp_chaotic
539.28,0.5253,0.5518,0.6119,0.096,828.82,645.54,1.4112,warm_soft
368.39,0.0335,0.7831,0.1225,0.0978,894.8,184.31,0.344,deep_calm
1413.2,0.7251,0.1543,0.638,0.6302,1954.1,1607.67,1.25,sharp_chaotic
1948.77,0.8492,0.2207,0.8149,0.7232,3022.23,1928.17,1.6057,sharp_chaotic
1927.98,0.672,0.2993,0.6658,0.8183,2148.13,2161.2,0.1425,sharp_chaotic
20.0,0.8398,0.146,0.1704,0.822,3208.71,1475.12,0.3318,sharp_chaotic
243.18,0.4029,0.863,0.3582,0.233,590.53,254.62,1.2846,deep_calm
83.51,0.2123,0.7537,0.5863,0.1503,452.42,231.81,1.5084,deep_calm
1387.7,0.2085,0.2277,0.5962,0.7813,2369.75,858.51,1.0216,airy_ethereal
682.61,0.1298,0.01,0.2723,0.6748,1933.78,1186.82,1.1001,airy_ethereal
900.72,0.457,0.1591,0.4395,0.6002,2690.8,1284.77,1.8726,airy_ethereal
92.69,0.4966,0.6261,0.1961,0.1756,448.54,103.2,1.917,deep_calm
445.6,0.7117,0.7578,0.4288,0.3897,654.95,380.32,0.8037,warm_soft
296.11,0.5615,0.5546,0.7239,0.3521,652.99,357.36,1.2119,warm_soft
1786.87,0.5304,0.2919,0.6643,0.7623,2464.9,1766.61,0.4636,sharp_chaotic
1303.76,0.9356,0.2198,0.736,0.5093,1253.96,920.9,0.1186,bright_energetic
340.65,0.5012,0.3572,0.5384,0.1947,782.18,268.6,1.6783,warm_soft
668.12,0.7273,0.1477,0.8697,0.6284,1817.51,888.67,1.4278,bright_energetic
310.95,0.2183,0.8241,0.4113,0.2818,379.78,233.9,1.4684,deep_calm
749.97,0.591,0.1697,0.5819,0.5412,1990.53,845.1,1.1549,bright_energetic
1136.35,0.9656,0.4504,0.8138,0.7644,3201.86,1463.76,1.1801,sharp_chaotic
265.68,0.1908,0.8419,0.1675,0.1034,155.81,213.56,1.8681,deep_calm
657.18,0.4352,0.1267,0.4453,0.6434,1876.56,1799.46,1.2083,airy_ethereal
1160.96,0.9137,0.4016,0.3737,0.7237,3551.78,1382.88,1.1594,sharp_chaotic
68.24,0.2049,0.5144,0.1572,0.2007,340.34,179.67,1.6395,deep_calm
69.99,0.1178,0.8033,0.4104,0.2484,384.31,205.35,0.2923,deep_calm
326.6,0.1626,0.8386,0.1846,0.1403,261.45,92.47,1.7198,deep_calm
996.19,0.7124,0.1615,0.6713,0.8995,1426.74,864.51,1.1151,bright_energetic
730.12,0.5879,0.1835,0.2026,0.9608,3562.32,1303.29,1.1727,sharp_chaotic
504.05,0.3014,0.0708,0.3756,0.8632,3354.73,1020.38,1.0876,airy_ethereal
274.18,0.7291,0.3632,0.8036,0.0329,929.67,581.46,1.9685,warm_soft
1065.92,0.6198,0.3641,0.5964,0.7361,1717.17,1839.81,0.8435,sharp_chaotic
845.33,0.4575,0.0794,0.3469,0.6326,2833.68,1560.39,0.4929,airy_ethereal
411.22,0.412,0.2313,0.7263,0.1333,763.37,632.43,0.2287,warm_soft
67.47,0.4263,0.6132,0.4465,0.1336,156.47,182.73,1.1301,deep_calm
226.01,0.3824,0.7312,0.1402,0.1948,338.64,578.82,1.7267,deep_calm
927.91,0.301,0.1322,0.4362,0.9065,2316.5,1301.67,1.9121,airy_ethereal
466.14,0.326,0.7038,0.6784,0.2921,610.81,566.37,0.4889,warm_soft
517.98,0.3501,0.5567,0.4335,0.2863,878.91,357.96,1.2539,warm_soft
629.86,0.99,0.3279,0.7029,0.5919,1555.48,150.48,0.4256,bright_energetic
1346.91,0.6388,0.4014,0.7012,0.6137,2249.71,853.07,1.8996,bright_energetic
328.27,0.3954,0.6683,0.0851,0.1234,230.53,144.6,1.415,deep_calm
1253.73,0.9465,0.3286,0.5144,0.8171,2394.89,1979.8,0.3086,sharp_chaotic
2227.35,0.5052,0.2002,0.412,0.3914,2940.06,1081.11,1.2454,airy_ethereal
2205.41,0.7261,0.0617,0.5363,0.9878,3689.16,1352.35,0.5272,sharp_chaotic
1624.69,0.7569,0.2332,0.5768,0.6147,3145.81,1520.57,1.2548,sharp_chaotic
1921.82,0.9366,0.3896,0.2901,0.6857,2830.03,1929.68,0.7588,sharp_chaotic
152.76,0.6315,0.5186,0.0581,0.0618,272.12,339.29,1.2746,deep_calm
1469.38,0.6434,0.3002,0.726,0.947,2926.85,1070.78,1.5614,sharp_chaotic
838.85,0.655,0.2548,0.3216,0.7316,1742.82,864.55,0.4196,bright_energetic
701.4,0.2941,0.1768,0.3401,0.5604,1988.94,1392.94,1.9796,airy_ethereal
1077.06,0.7127,0.2803,0.4455,0.6441,2613.34,2029.4,1.0127,sharp_chaotic
1048.75,0.1483,0.201,0.391,0.6342,3926.03,1116.35,0.4013,airy_ethereal
921.94,0.6839,0.1284,0.7603,0.7042,2009.75,378.12,1.9563,bright_energetic
685.3,0.9856,0.2857,0.156,0.5399,2080.61,603.78,1.4116,bright_energetic
1181.69,0.9231,0.1551,0.6355,0.6968,2216.8,1267.22,1.1386,bright_energetic
1185.59,0.488,0.0734,0.2195,0.6615,2270.58,907.22,0.5693,airy_ethereal
267.63,0.279,0.6899,0.4203,0.1547,287.07,198.34,0.5596,deep_calm
795.94,0.3402,0.0925,0.2508,0.5579,2326.05,1962.03,0.9866,airy_ethereal
1156.37,0.4223,0.2999,0.7968,0.3858,1445.22,512.66,0.8429,bright_energetic
292.05,0.3367,0.5433,0.5002,0.2426,366.43,384.32,1.8937,deep_calm
1422.38,0.3272,0.1694,0.2162,0.4789,3380.92,871.6,0.2289,airy_ethereal
1048.79,0.7901,0.2336,0.6624,0.6682,3379.74,2191.11,0.8579,sharp_chaotic
211.02,0.3677,0.9728,0.2009,0.2058,104.93,121.14,1.2184,deep_calm
463.8,0.6065,0.01,0.8873,0.7233,3050.86,1346.94,1.15,airy_ethereal
278.65,0.3823,0.5412,0.66,0.2708,798.83,316.83,1.9824,warm_soft
1258.23,0.9141,0.041,0.6985,0.6314,2242.39,305.82,1.2478,bright_energetic
1322.89,0.6784,0.225,0.5272,0.9228,2109.31,1735.09,0.7085,sharp_chaotic
1598.95,0.99,0.2267,0.729,0.5162,2297.19,760.64,0.8456,bright_energetic
1165.03,0.8274,0.2397,0.48,0.8272,1710.17,1226.54,0.5019,bright_energetic
1083.5,0.77,0.2023,0.289,0.551,2901.38,1342.14,1.8159,sharp_chaotic
649.87,0.4616,0.1015,0.466,0.689,3376.65,1093.87,1.8672,airy_ethereal
159.71,0.5461,0.783,0.3774,0.201,220.57,345.49,0.8725,deep_calm
217.15,0.4283,0.7178,0.4395,0.2227,471.15,147.54,1.2742,deep_calm
1028.28,0.7708,0.0842,0.8389,0.5877,2283.62,1307.76,1.3439,bright_energetic
636.07,0.7217,0.238,0.5331,0.8647,1776.28,675.41,0.8908,bright_energetic
246.6,0.3121,0.7921,0.2319,0.1558,139.16,506.24,1.6332,deep_calm
1827.89,0.8557,0.3103,0.4788,0.6481,3174.34,1648.51,1.2245,sharp_chaotic
80.06,0.4589,0.5269,0.1818,0.1768,417.11,212.93,0.0721,deep_calm
251.17,0.2011,0.569,0.1872,0.2727,549.49,186.05,1.7324,deep_calm
242.26,0.6242,0.173,0.5472,0.1113,786.35,648.94,1.9771,warm_soft
831.76,0.3428,0.1904,0.4589,0.5605,2478.48,1372.13,1.791,airy_ethereal
118.72,0.5307,0.6835,0.1984,0.0662,68.33,252.13,0.6047,deep_calm
1396.31,0.8424,0.0757,0.5683,0.5612,2096.55,1085.69,1.2887,bright_energetic
206.0,0.4588,0.8512,0.1967,0.01,353.64,252.12,0.7933,deep_calm
227.65,0.3651,0.6329,0.2593,0.083,414.86,126.62,0.0636,deep_calm
94.07,0.5221,0.9777,0.4775,0.0734,270.02,118.57,0.9956,deep_calm
167.69,0.433,0.514,0.4635,0.2628,909.65,587.36,1.828,warm_soft
1283.31,0.2431,0.1235,0.1578,0.699,2338.91,1070.78,0.4764,airy_ethereal
79.88,0.146,0.7861,0.3215,0.1256,535.88,281.7,1.2686,deep_calm
327.15,0.3615,0.6585,0.5583,0.1802,834.34,703.71,1.0137,warm_soft
548.87,0.4074,0.2043,0.3822,0.2229,792.7,286.73,0.0101,warm_soft
337.5,0.4909,0.3964,0.6125,0.2737,611.5,616.64,0.1597,warm_soft
173.88,0.3601,0.7131,0.3589,0.1446,603.87,195.14,0.9752,deep_calm
394.52,0.3922,0.3218,0.3766,0.0732,211.11,414.22,1.2951,warm_soft
1890.1,0.7766,0.1224,0.5638,0.8604,3052.77,2190.93,0.5546,sharp_chaotic
590.98,0.2772,0.2882,0.455,0.2718,321.85,720.68,1.2485,warm_soft
959.22,0.9818,0.2313,0.6471,0.69,1883.94,284.38,0.6794,bright_energetic
255.24,0.6717,0.2702,0.8627,0.5443,1961.05,765.56,0.3498,bright_energetic
146.26,0.4113,0.9372,0.4486,0.108,50.0,269.1,1.2662,deep_calm
1462.84,0.2282,0.1379,0.2784,0.6763,3097.97,1107.1,1.8746,airy_ethereal
462.91,0.4336,0.532,0.2922,0.1539,565.7,737.03,0.3032,warm_soft
874.45,0.2969,0.0338,0.4404,0.591,2058.7,458.55,1.2261,airy_ethereal
524.52,0.642,0.5605,0.6961,0.3142,1271.14,687.97,1.136,warm_soft
1024.42,0.2431,0.1433,0.1629,0.7641,3011.97,1759.05,0.5365,airy_ethereal
418.3,0.5286,0.3244,0.4398,0.2236,1424.18,449.89,1.5241,warm_soft
158.68,0.3005,0.9019,0.3616,0.1607,50.0,129.78,0.3501,deep_calm
460.15,0.4977,0.5602,0.5656,0.1574,902.01,565.15,0.2825,warm_soft
262.88,0.4454,0.3285,0.7992,0.1672,89.66,588.24,0.1416,warm_soft
201.19,0.3922,0.7489,0.1854,0.0456,149.45,219.84,0.517,deep_calm
905.3,0.6712,0.235,0.5389,0.6792,1299.06,1388.92,0.2332,bright_energetic
608.17,0.76,0.3105,0.7959,0.6881,1037.2,695.2,0.7335,bright_energetic
377.16,0.3052,0.6997,0.7796,0.1945,1209.95,904.98,0.9519,warm_soft
1162.67,0.7909,0.1028,0.6524,0.8439,3265.4,1667.21,1.0007,sharp_chaotic
1466.87,0.4078,0.1677,0.2085,0.6214,3127.24,1602.04,1.2861,airy_ethereal
2068.88,0.933,0.4016,0.5581,0.7662,2935.81,1430.16,0.7826,sharp_chaotic
700.7,0.5778,0.3945,0.4105,0.6672,1509.4,887.38,1.935,bright_energetic
882.74,0.7471,0.1748,0.5883,0.4916,1411.77,1176.28,1.0527,bright_energetic
635.67,0.4833,0.2506,0.3582,0.974,3062.69,1295.33,0.1008,airy_ethereal
1139.87,0.4319,0.0958,0.4001,0.6429,3480.07,1072.33,0.3344,airy_ethereal
112.18,0.5894,0.7891,0.327,0.01,387.61,323.04,1.7317,deep_calm
1117.54,0.8933,0.2858,0.651,0.4908,1689.94,310.58,1.0396,bright_energetic
2118.13,0.6722,0.3096,0.4519,0.8657,3084.01,2190.52,1.5548,sharp_chaotic
1651.17,0.99,0.01,0.4985,0.7124,4244.17,782.31,1.1516,sharp_chaotic
669.48,0.1916,0.1609,0.3554,0.4856,1634.57,1377.18,0.3977,airy_ethereal
271.11,0.4063,0.4716,0.4332,0.3355,995.05,310.57,1.1272,warm_soft
1188.53,0.8236,0.3652,0.8835,0.6481,2687.73,894.53,1.5596,bright_energetic
1140.19,0.2915,0.0613,0.0374,0.5943,2237.92,1504.86,0.8155,airy_ethereal
222.39,0.4264,0.4856,0.7263,0.1523,733.47,497.4,0.2487,warm_soft
208.27,0.3615,0.2818,0.5277,0.417,626.91,440.73,0.7302,warm_soft
1030.55,0.5998,0.2197,0.8903,0.714,1926.2,1137.26,1.6086,bright_energetic
271.3,0.4727,0.4119,0.3771,0.1978,489.65,360.38,1.4368,warm_soft
1124.51,0.7867,0.2608,0.3981,0.99,2957.68,1634.2,1.5849,sharp_chaotic
498.07,0.2282,0.2709,0.5326,0.2572,1180.0,671.64,1.9089,warm_soft
1599.06,0.3656,0.0524,0.3804,0.7357,2267.26,970.93,0.0013,airy_ethereal
1051.96,0.3007,0.1528,0.3524,0.6372,1369.95,1260.61,0.305,airy_ethereal
1786.56,0.8651,0.3907,0.4654,0.6643,2626.48,1268.04,0.962,sharp_chaotic
1162.1,0.8855,0.3874,0.4414,0.6396,2486.27,1796.0,1.7553,sharp_chaotic
439.03,0.5401,0.1937,0.502,0.2277,412.24,393.68,0.215,warm_soft
1307.87,0.6836,0.0907,0.2931,0.691,2797.57,699.06,0.53,airy_ethereal
442.55,0.4282,0.4563,0.5835,0.2031,607.27,473.01,0.6716,warm_soft
503.07,0.5141,0.0619,0.7598,0.3325,922.26,300.52,0.3157,warm_soft
117.23,0.5337,0.741,0.1953,0.104,331.7,239.33,0.014,deep_calm
328.21,0.5404,0.1984,0.3405,0.7246,2169.28,1407.87,0.8347,airy_ethereal
728.02,0.8318,0.0684,0.583,0.47,2038.49,593.42,1.1248,bright_energetic
2346.32,0.8468,0.1019,0.5328,0.9169,3717.0,1551.84,0.3511,sharp_chaotic
168.96,0.4049,0.8576,0.3125,0.1456,659.57,199.31,1.3295,deep_calm
1472.35,0.8,0.2206,0.7998,0.3811,1906.34,1038.56,0.4177,bright_energetic
210.25,0.5343,0.2277,0.5156,0.3296,1293.6,446.31,1.5136,warm_soft
768.61,0.7801,0.2692,0.3334,0.7118,2276.59,642.92,1.1602,bright_energetic
169.74,0.3537,0.5922,0.2457,0.01,278.98,459.99,1.9792,deep_calm
124.0,0.3778,0.738,0.1827,0.3256,777.65,160.14,0.6103,deep_calm
741.21,0.8122,0.1175,0.6864,0.756,4282.08,1206.8,0.9556,sharp_chaotic
1663.69,0.99,0.1621,0.8256,0.6693,3031.04,2496.94,1.5691,sharp_chaotic
90.03,0.3969,0.7189,0.4158,0.3231,534.73,318.23,0.1472,deep_calm
246.2,0.2097,0.633,0.4474,0.0786,50.0,325.48,1.5467,deep_calm
1573.81,0.1011,0.0205,0.0904,0.5985,2290.37,1455.87,0.2746,airy_ethereal
490.98,0.2339,0.331,0.4576,0.1201,438.88,463.89,0.7787,warm_soft
366.47,0.2508,0.5307,0.4283,0.3022,1033.78,253.98,0.7255,warm_soft
1788.29,0.9022,0.6601,0.4325,0.9184,2999.43,1248.0,1.1118,sharp_chaotic
1302.35,0.7364,0.3108,0.4817,0.7924,4106.22,1806.15,1.7063,sharp_chaotic
341.45,0.4762,0.301,0.6986,0.1566,922.28,320.8,1.3541,warm_soft
325.69,0.3973,0.1826,0.4565,0.6889,1263.57,1894.83,1.2484,airy_ethereal
209.79,0.2844,0.6549,0.4752,0.047,350.31,131.61,1.8265,deep_calm
609.14,0.5023,0.196,0.5445,0.7173,1286.73,764.88,1.4521,bright_energetic
573.64,0.5257,0.5479,0.3956,0.1443,992.12,366.67,0.9731,warm_soft
193.05,0.1368,0.3872,0.7796,0.1226,1047.28,494.95,0.2419,warm_soft
1823.56,0.7898,0.177,0.5236,0.7871,3389.18,2683.14,0.3821,sharp_chaotic
362.17,0.4801,0.2243,0.4055,0.2007,1031.48,454.91,1.2634,warm_soft
375.14,0.4178,0.3389,0.6813,0.381,1024.92,479.74,1.8707,warm_soft
1225.82,0.4535,0.0108,0.279,0.8371,2774.02,871.06,0.5163,airy_ethereal
431.46,0.7325,0.2162,0.6568,0.4444,2469.68,1315.41,1.196,bright_energetic
345.51,0.5724,0.4828,0.5498,0.2757,906.91,516.13,0.1645,warm_soft
143.25,0.3685,0.6557,0.1844,0.0985,95.72,342.95,0.216,deep_calm
1063.87,0.9009,0.5268,0.4851,0.8682,2750.93,1689.7,1.8081,sharp_chaotic
1570.15,0.6594,0.121,0.7809,0.7465,3020.76,1031.7,1.6923,sharp_chaotic
247.54,0.4088,0.7566,0.0994,0.1189,340.36,324.5,1.4904,deep_calm
607.26,0.4772,0.6975,0.5531,0.4076,970.16,443.73,1.6576,warm_soft
267.21,0.1928,0.7442,0.2809,0.1235,620.92,380.36,1.0653,deep_calm
611.03,0.4866,0.4661,0.5461,0.654,1173.84,726.76,0.1401,bright_energetic
615.61,0.7927,0.01,0.6397,0.3392,1722.64,548.71,1.9535,bright_energetic
543.73,0.4795,0.2899,0.5024,0.1325,887.65,405.16,0.2428,warm_soft
484.52,0.5683,0.5327,0.7142,0.2884,864.02,299.08,0.2822,warm_soft
511.95,0.3729,0.6707,0.6086,0.01,703.38,597.23,1.653,warm_soft
1168.93,0.2324,0.01,0.5311,0.8053,3376.84,1602.5,0.1714,airy_ethereal
1117.78,0.7116,0.3286,0.5736,0.4716,1953.96,838.86,0.4154,bright_energetic
205.43,0.2684,0.7145,0.4159,0.1564,485.0,261.76,0.0943,deep_calm
151.23,0.3923,0.6124,0.3735,0.01,712.0,247.85,1.1277,deep_calm
527.21,0.4192,0.5756,0.4705,0.3036,1271.46,661.35,0.1256,warm_soft
2376.23,0.6844,0.0416,0.6774,0.889,2993.14,1424.42,0.8292,sharp_chaotic
1075.82,0.5458,0.2179,0.7067,0.6841,2488.79,975.25,1.6545,bright_energetic
1114.05,0.7988,0.3208,0.7118,0.579,1269.63,1257.83,1.7304,bright_energetic
76.42,0.3849,0.6879,0.1611,0.1562,217.48,134.05,1.9079,deep_calm
1432.93,0.3405,0.2345,0.1418,0.9329,3751.33,1570.22,1.4134,airy_ethereal
20.0,0.1633,0.7532,0.1495,0.0812,318.24,148.36,1.6677,deep_calm
1426.5,0.9795,0.0782,0.3429,0.6999,1921.85,1627.96,0.9713,sharp_chaotic
707.66,0.5668,0.1173,0.5444,0.7378,2290.42,1165.16,0.1362,bright_energetic
286.17,0.5933,0.3537,0.7748,0.0614,1123.44,721.9,1.9931,warm_soft
764.82,0.6077,0.01,0.7588,0.5666,2430.6,1412.72,1.4028,bright_energetic
81.6,0.4931,0.6237,0.2877,0.0405,299.38,236.39,1.8094,deep_calm
304.66,0.4788,0.5875,0.5616,0.2974,731.84,826.2,0.5421,warm_soft
259.15,0.4741,0.6029,0.3639,0.1254,50.0,223.99,1.2677,deep_calm
1197.87,0.7518,0.3075,0.6779,0.504,2534.38,737.94,0.4935,bright_energetic
308.72,0.4256,0.8164,0.4375,0.4167,854.27,392.1,1.6397,warm_soft
168.1,0.3368,0.7824,0.2107,0.1027,500.45,271.89,0.7126,deep_calm
1959.2,0.8563,0.2556,0.6548,0.8141,3664.68,868.44,0.8402,sharp_chaotic
1813.27,0.9082,0.6278,0.7164,0.8579,2971.63,1021.57,0.8055,sharp_chaotic
475.79,0.7472,0.7615,0.7489,0.1036,734.72,146.99,1.978,warm_soft
1071.15,0.4305,0.2169,0.4401,0.6537,3027.89,1361.59,0.6882,airy_ethereal
880.85,0.3076,0.1164,0.4284,0.7228,3245.32,1088.5,0.4152,airy_ethereal
379.86,0.3958,0.4451,0.6555,0.1838,491.01,209.89,1.9196,warm_soft
170.12,0.4387,0.5993,0.2504,0.2742,426.27,344.77,0.1514,deep_calm
1425.79,0.8202,0.1973,0.2049,0.7688,2860.17,1883.43,1.8123,sharp_chaotic
1033.18,0.7104,0.2867,0.8971,0.4805,2096.38,916.16,0.8543,bright_energetic
274.43,0.4367,0.7108,0.2813,0.1259,144.54,170.85,1.2849,deep_calm
222.72,0.2337,0.8475,0.22,0.01,336.76,38.66,1.8013,deep_calm
2010.25,0.99,0.1968,0.7246,0.99,1407.97,1514.49,0.5889,sharp_chaotic
142.62,0.6734,0.6567,0.2323,0.2712,256.7,37.11,1.4454,deep_calm
454.0,0.5203,0.5155,0.4985,0.1998,792.32,410.95,1.8909,warm_soft
1132.35,0.2631,0.01,0.4213,0.4705,2786.85,1274.81,1.3486,airy_ethereal
102.52,0.5572,0.938,0.3278,0.2177,342.11,258.47,0.7479,deep_calm
810.01,0.6311,0.0741,0.4952,0.5446,1784.94,206.5,1.1851,bright_energetic
336.54,0.5588,0.4276,0.4614,0.4173,1069.73,495.38,0.2342,warm_soft
1529.2,0.8668,0.1061,0.5113,0.772,4222.36,1645.48,0.2801,sharp_chaotic
583.48,0.7617,0.1402,0.7283,0.5249,1856.75,920.93,0.2682,bright_energetic
1671.72,0.7401,0.3913,0.304,0.9351,3323.31,1742.79,0.9035,sharp_chaotic
1461.11,0.99,0.1887,0.3898,0.8146,3410.66,2344.16,0.9224,sharp_chaotic
1688.27,0.99,0.3295,0.4798,0.7235,3267.25,1956.91,1.286,sharp_chaotic
2544.1,0.73,0.2519,0.2341,0.4845,1658.3,1570.7,0.0194,sharp_chaotic
1801.09,0.7981,0.3239,0.3571,0.7995,2825.69,1649.5,1.4738,sharp_chaotic
672.87,0.5288,0.0212,0.7884,0.2252,2573.39,894.02,1.2984,bright_energetic
266.65,0.5149,0.482,0.768,0.2875,1297.16,403.08,0.2488,warm_soft
247.35,0.5395,0.6869,0.5299,0.2892,939.37,746.36,1.7382,warm_soft
1066.91,0.8322,0.1358,0.7365,0.5738,2081.73,1141.43,1.9947,bright_energetic
208.48,0.5075,0.9067,0.1466,0.1161,50.0,305.17,1.7593,deep_calm
371.63,0.3298,0.9081,0.2912,0.01,782.73,246.86,1.953,deep_calm
1114.56,0.4877,0.2906,0.5662,0.6348,2098.93,986.87,1.7772,airy_ethereal
1781.2,0.9349,0.1475,0.3119,0.6627,2941.03,2016.34,0.7071,sharp_chaotic
242.89,0.4719,0.5327,0.5752,0.1761,338.97,615.62,1.6064,warm_soft
1090.52,0.8752,0.1069,0.5977,0.8794,3597.73,1777.64,0.1564,sharp_chaotic
134.64,0.3486,0.5867,0.1822,0.2361,206.4,112.82,1.0555,deep_calm
1875.61,0.9745,0.1579,0.6725,0.6298,3438.82,1924.6,1.7539,sharp_chaotic
768.28,0.2971,0.0368,0.282,0.6626,2907.77,1365.51,0.5908,airy_ethereal
248.63,0.814,0.4307,0.4935,0.2608,642.08,561.31,1.5017,warm_soft
907.13,0.7885,0.0388,0.2715,0.7782,2513.07,1533.52,0.8123,sharp_chaotic
1254.13,0.7847,0.1807,0.6018,0.9156,3031.91,954.53,1.6368,bright_energetic
165.67,0.2415,0.7495,0.0407,0.0665,242.61,232.78,0.6912,deep_calm
657.61,0.4331,0.3558,0.6728,0.6399,2287.54,1465.85,1.8837,bright_energetic
34.21,0.2552,0.7899,0.2838,0.1652,232.8,331.19,0.4005,deep_calm
285.97,0.3595,0.7134,0.4558,0.105,435.13,376.41,0.5279,deep_calm
767.74,0.7582,0.1865,0.5364,0.3203,1296.82,349.45,0.5039,bright_energetic
156.32,0.1326,0.6957,0.2421,0.0646,414.16,529.47,0.0485,deep_calm
1087.5,0.184,0.216,0.0955,0.688,2252.59,850.01,0.0005,airy_ethereal
1514.02,0.6589,0.1906,0.6066,0.5806,3886.34,1507.56,1.525,sharp_chaotic
1405.45,0.8996,0.3737,0.6883,0.5405,2192.24,992.43,1.5644,bright_energetic
151.39,0.4277,0.5112,0.1427,0.1322,584.22,290.3,1.1475,deep_calm
539.5,0.6825,0.1818,0.7778,0.635,1375.75,1502.19,0.3607,bright_energetic
1037.52,0.9825,0.2239,0.4849,0.8285,2202.79,1427.83,1.2055,sharp_chaotic
105.8,0.4365,0.8494,0.3109,0.216,185.33,480.53,0.6388,deep_calm
755.27,0.6373,0.3569,0.3955,0.8132,3560.56,1128.6,0.1588,sharp_chaotic
789.18,0.6994,0.1923,0.3976,0.8962,3303.19,2039.82,0.1602,sharp_chaotic
693.29,0.8107,0.274,0.6984,0.3119,2443.54,786.61,1.1256,bright_energetic
1007.41,0.2631,0.1556,0.3739,0.5764,3380.16,911.01,1.8304,airy_ethereal
574.57,0.6249,0.1933,0.6442,0.7222,1788.59,956.4,0.5531,bright_energetic
982.01,0.7076,0.345,0.482,0.7714,1770.66,896.31,1.9732,bright_energetic
107.98,0.1354,0.7302,0.1695,0.1035,121.41,434.8,0.7511,deep_calm
107.41,0.3738,0.8483,0.2644,0.2289,653.79,184.48,0.3244,deep_calm
1144.47,0.3764,0.0945,0.4503,0.4115,2557.69,112.33,1.5631,airy_ethereal
422.6,0.6024,0.5449,0.5197,0.01,1181.08,575.35,0.0844,warm_soft
1508.4,0.99,0.291,0.5233,0.5194,3353.11,1646.37,0.1615,sharp_chaotic
262.39,0.7899,0.2197,0.8499,0.3836,1521.97,888.44,1.8939,bright_energetic
207.87,0.2382,0.7273,0.279,0.0931,403.42,337.37,0.1772,deep_calm
1307.2,0.7231,0.0957,0.4615,0.4786,2076.07,756.94,0.6651,bright_energetic
253.1,0.2608,0.3665,0.1413,0.6266,2764.43,1566.87,0.199,airy_ethereal
1037.14,0.4569,0.1631,0.4776,0.8151,3440.7,878.27,1.5759,airy_ethereal
182.78,0.4291,0.6011,0.3022,0.1522,50.0,373.39,0.4123,deep_calm
296.54,0.3954,0.5107,0.7208,0.1298,688.21,203.97,1.5151,warm_soft
1106.59,0.6326,0.2088,0.6983,0.99,3063.99,1230.43,0.9974,bright_energetic
1161.59,0.731,0.0927,0.3162,0.9117,2032.53,2102.2,0.0653,sharp_chaotic
86.35,0.2273,0.6107,0.1931,0.2005,236.9,398.27,1.8187,deep_calm
1336.13,0.7281,0.395,0.4729,0.9023,2956.1,856.82,1.5393,sharp_chaotic
2524.1,0.979,0.1357,0.5508,0.5751,3507.51,1457.8,0.5921,sharp_chaotic
20.0,0.1559,0.9123,0.3168,0.1285,352.98,145.16,1.8668,deep_calm
897.37,0.8166,0.3969,0.4127,0.7517,1698.46,1502.38,0.9512,sharp_chaotic
916.12,0.3596,0.1208,0.1943,0.7685,2287.67,879.76,0.8758,airy_ethereal
1253.44,0.7935,0.385,0.5582,0.6948,1472.85,1436.77,0.0207,sharp_chaotic
163.83,0.3423,0.6863,0.3129,0.1402,614.6,290.5,1.4109,deep_calm
940.78,0.8743,0.1883,0.7298,0.694,2322.35,1103.81,0.5885,bright_energetic
258.43,0.2923,0.6711,0.465,0.1922,506.82,102.51,1.8975,deep_calm
792.83,0.367,0.0286,0.4237,0.6694,2615.28,809.12,0.8404,airy_ethereal
906.18,0.3977,0.1661,0.0449,0.6394,2763.67,1461.45,1.5768,airy_ethereal
2260.03,0.7998,0.3205,0.7047,0.9558,2900.35,1947.94,0.0176,sharp_chaotic
1015.3,0.8868,0.3053,0.5037,0.6853,1993.91,2385.45,0.4852,sharp_chaotic
1190.21,0.3052,0.1112,0.5629,0.6832,2651.45,1147.56,0.1764,airy_ethereal
643.12,0.4944,0.1626,0.7292,0.6178,1616.12,825.44,1.4631,bright_energetic
149.06,0.5098,0.255,0.8081,0.1552,819.43,549.94,1.8237,warm_soft
1221.27,0.5802,0.2744,0.2091,0.5538,2822.24,1860.93,1.1248,airy_ethereal
1191.58,0.3476,0.1465,0.478,0.6486,2843.74,1448.2,1.4747,airy_ethereal
1752.62,0.99,0.3317,0.2257,0.8892,4401.46,1122.65,0.1557,sharp_chaotic
283.98,0.2198,0.99,0.2889,0.0735,628.1,103.72,1.53,deep_calm
270.25,0.2307,0.6317,0.1848,0.0865,316.3,101.41,0.7684,deep_calm
1438.84,0.914,0.3451,0.6177,0.8276,2048.25,626.0,0.1423,sharp_chaotic
340.69,0.5207,0.513,0.5574,0.1082,735.43,767.95,0.1561,warm_soft
1531.46,0.428,0.1377,0.1746,0.4461,4232.63,1179.45,0.9895,airy_ethereal
1614.49,0.7578,0.1211,0.6201,0.6124,2680.07,1510.47,0.8145,sharp_chaotic
2055.04,0.8713,0.211,0.6593,0.99,3830.21,1158.52,1.0234,sharp_chaotic
133.35,0.4364,0.5556,0.1818,0.1265,354.89,466.25,1.6191,deep_calm
1197.87,0.5587,0.2912,0.6519,0.4621,2288.79,1200.97,0.9982,bright_energetic
731.64,0.3989,0.1658,0.2077,0.8494,3738.17,901.32,1.1701,airy_ethereal
805.98,0.7276,0.2514,0.5622,0.6549,1517.63,717.57,0.296,bright_energetic
1476.76,0.3043,0.2509,0.2017,0.9215,2570.39,1271.68,1.7072,airy_ethereal
437.82,0.4643,0.2111,0.7114,0.3139,1153.85,867.64,1.5353,warm_soft
1812.66,0.6577,0.3021,0.6647,0.5456,2962.72,1205.09,0.2085,sharp_chaotic
1239.37,0.7953,0.3332,0.4493,0.6397,1548.1,507.9,1.6805,bright_energetic
390.37,0.5404,0.5663,0.78,0.1767,234.75,598.84,0.0957,warm_soft
220.15,0.4661,0.8032,0.1053,0.01,50.0,332.75,0.8967,deep_calm
1979.3,0.876,0.3946,0.4021,0.7494,4580.41,911.53,1.5938,sharp_chaotic
916.33,0.1781,0.075,0.4686,0.907,2026.68,961.79,0.822,airy_ethereal
1144.91,0.99,0.4772,0.4995,0.5568,2194.78,734.64,1.1375,bright_energetic
1317.84,0.9201,0.3697,0.2704,0.7826,2389.52,1884.83,1.5159,sharp_chaotic
854.05,0.3128,0.01,0.3006,0.5335,1912.83,1436.1,0.9741,airy_ethereal
688.61,0.1386,0.1132,0.2637,0.5385,2587.86,1350.37,1.9069,airy_ethereal
264.63,0.3947,0.5797,0.1361,0.01,366.48,314.52,1.0479,deep_calm
28.54,0.4899,0.5563,0.2819,0.01,199.12,268.73,1.3131,deep_calm
689.55,0.4571,0.7008,0.6756,0.0684,767.69,526.19,1.4064,warm_soft
1331.69,0.3392,0.0266,0.6445,0.6282,3009.5,1301.49,0.0872,airy_ethereal
633.11,0.3938,0.5386,0.6738,0.3408,1158.45,641.62,0.9587,warm_soft
513.29,0.7141,0.7325,0.36,0.1504,984.59,301.39,1.4179,warm_soft
136.23,0.3994,0.4489,0.3785,0.01,293.51,266.86,0.7851,deep_calm
308.99,0.2064,0.8362,0.3919,0.1506,50.0,323.87,0.5326,deep_calm
1118.26,0.8177,0.2502,0.2488,0.6769,2902.74,1340.86,0.0676,sharp_chaotic
855.73,0.8744,0.2944,0.5667,0.7845,3125.81,1837.38,0.2071,sharp_chaotic
404.98,0.0184,0.4619,0.6062,0.1559,910.99,434.07,1.5074,warm_soft
181.03,0.3579,0.7552,0.254,0.1775,484.54,88.66,0.6212,deep_calm
217.94,0.2438,0.5541,0.3757,0.08,198.45,591.03,1.9905,warm_soft
878.73,0.99,0.2609,0.4059,0.8699,3254.26,1485.16,1.3235,sharp_chaotic
1000.45,0.9011,0.1054,0.3344,0.7291,2083.68,982.04,0.7805,bright_energetic
770.16,0.4099,0.2912,0.3289,0.6081,1934.58,1024.78,0.7092,airy_ethereal
640.66,0.6659,0.1438,0.5963,0.8329,4125.78,2090.65,0.3608,sharp_chaotic
558.93,0.5026,0.5064,0.4784,0.205,617.25,326.77,0.6978,warm_soft
859.85,0.4265,0.1127,0.095,0.8857,2389.36,1023.85,1.9826,airy_ethereal
177.75,0.9142,0.421,0.7145,0.5329,2623.61,649.51,0.8095,bright_energetic
196.49,0.5248,0.7308,0.2372,0.1512,154.02,343.56,1.7101,deep_calm
185.55,0.7374,0.8419,0.1785,0.0303,171.87,399.99,0.7675,deep_calm
411.96,0.4265,0.3756,0.7415,0.1732,1090.96,787.54,0.3855,warm_soft
529.77,0.6306,0.2163,0.3646,0.8842,2014.91,1358.91,1.3998,airy_ethereal
275.94,0.4782,0.4945,0.1855,0.118,168.22,323.89,1.6581,deep_calm
1203.53,0.8524,0.1595,0.4593,0.6711,2497.06,1687.5,1.8171,sharp_chaotic
844.05,0.8827,0.232,0.7498,0.6457,2141.71,1426.99,1.7629,bright_energetic
1368.61,0.7589,0.1812,0.3252,0.6255,1769.07,639.08,0.3603,bright_energetic
2007.74,0.7598,0.6495,0.3859,0.7393,2904.88,1459.21,0.7627,sharp_chaotic
238.8,0.4953,0.4945,0.6617,0.175,403.34,437.38,1.0057,warm_soft
1720.77,0.3731,0.1416,0.5165,0.5996,3140.87,1234.13,1.0629,airy_ethereal
730.19,0.2858,0.1083,0.2818,0.6894,3606.28,1313.1,0.2783,airy_ethereal
787.26,0.7431,0.2603,0.5835,0.6475,2456.05,1595.44,1.1555,sharp_chaotic
690.39,0.3835,0.1812,0.4407,0.3794,3782.4,1360.9,1.0468,airy_ethereal
954.52,0.5646,0.2239,0.3612,0.99,1376.88,513.33,0.74,bright_energetic
846.32,0.7336,0.1412,0.6396,0.6164,2743.43,957.95,1.0745,bright_energetic
722.28,0.2268,0.1984,0.3363,0.8512,1993.95,996.59,0.347,airy_ethereal
145.61,0.4496,0.3675,0.632,0.1507,393.78,516.64,0.7405,warm_soft
534.27,0.5478,0.01,0.6228,0.6208,1966.9,1521.88,1.8402,bright_energetic
186.24,0.3169,0.6132,0.3544,0.1828,209.08,335.98,1.6697,deep_calm
228.42,0.4845,0.8162,0.2353,0.1604,157.99,305.26,0.0127,deep_calm
1235.94,0.99,0.1564,0.5379,0.99,4117.47,1786.34,0.466,sharp_chaotic
1006.53,0.1913,0.1912,0.4721,0.593,2710.65,1663.18,1.3604,airy_ethereal
429.47,0.6461,0.4947,0.6096,0.0961,595.17,309.97,1.6899,warm_soft
2226.51,0.7075,0.2977,0.4183,0.8841,3824.47,1942.93,1.9201,sharp_chaotic
1084.36,0.8428,0.0928,0.4403,0.5664,3026.13,1441.0,0.0533,airy_ethereal
216.93,0.5512,0.6262,0.6477,0.1928,505.6,821.69,0.3056,warm_soft
1217.79,0.6156,0.2839,0.5175,0.9213,2131.98,1607.26,0.9867,sharp_chaotic
467.76,0.4599,0.1549,0.3659,0.7051,2783.64,950.51,1.6382,airy_ethereal
246.89,0.5288,0.7291,0.0777,0.135,713.95,391.85,0.7588,deep_calm
354.82,0.4607,0.7914,0.416,0.3025,669.47,486.59,0.7423,warm_soft
1371.64,0.8795,0.2225,0.8398,0.771,2860.0,1645.45,1.107,sharp_chaotic
456.16,0.6298,0.4474,0.815,0.1579,909.84,547.53,1.9475,warm_soft
192.82,0.2627,0.602,0.1031,0.0367,145.8,137.99,1.3874,deep_calm
1548.32,0.2556,0.2579,0.6386,0.6229,2648.16,749.51,0.6507,airy_ethereal
620.45,0.3117,0.2164,0.3291,0.7845,2298.02,1428.28,0.364,airy_ethereal
413.78,0.5796,0.1728,0.6616,0.4651,2370.71,1405.75,0.0581,bright_energetic
1047.0,0.6325,0.038,0.5637,0.5852,1780.61,554.08,1.1881,bright_energetic
420.29,0.3936,0.5857,0.7508,0.2135,1054.87,309.6,0.779,warm_soft
209.58,0.4204,0.8625,0.2603,0.0641,305.77,363.13,0.5296,deep_calm
173.81,0.3478,0.2557,0.54,0.1927,1002.13,424.74,1.9571,warm_soft
811.34,0.7342,0.3044,0.8806,0.7753,1756.6,577.17,1.8229,bright_energetic
497.15,0.3974,0.3067,0.4759,0.0769,630.82,549.7,1.8056,warm_soft
874.1,0.6249,0.228,0.6914,0.6159,1290.66,653.28,0.0339,bright_energetic
354.73,0.425,0.5837,0.4499,0.1006,682.43,183.7,0.2419,warm_soft
20.0,0.2884,0.6772,0.3552,0.177,298.23,389.46,0.2748,deep_calm
1614.67,0.4986,0.2027,0.3469,0.4484,2736.35,1154.12,0.3425,airy_ethereal
716.83,0.8825,0.3671,0.6589,0.7437,1705.92,1062.79,1.8688,bright_energetic
1081.78,0.8908,0.01,0.5738,0.9452,3333.75,1573.25,1.9879,sharp_chaotic
692.27,0.7439,0.1742,0.5782,0.822,1217.62,935.22,0.9573,bright_energetic
850.89,0.7678,0.2205,0.3799,0.5413,1846.0,432.56,0.5489,bright_energetic
533.12,0.6643,0.2112,0.7027,0.6248,945.26,657.5,1.9861,bright_energetic
2104.59,0.99,0.2257,0.5363,0.6009,2575.46,1023.62,0.0525,sharp_chaotic
841.99,0.6315,0.3478,0.6491,0.9478,1416.67,782.72,1.1851,bright_energetic
885.63,0.6066,0.2855,0.4132,0.8535,4585.96,1282.26,0.0581,sharp_chaotic
433.05,0.3529,0.4175,0.41,0.295,1224.32,656.87,1.3263,warm_soft
827.43,0.5941,0.3209,0.9412,0.4554,1167.33,1039.02,0.7244,bright_energetic
992.75,0.5475,0.1078,0.8246,0.7969,3090.82,996.02,0.4259,bright_energetic
1440.58,0.7456,0.2363,0.7123,0.6434,4111.33,2357.28,0.9751,sharp_chaotic
291.36,0.3422,0.6877,0.455,0.0343,820.81,252.66,0.6476,warm_soft
1336.45,0.1614,0.01,0.2785,0.311,2884.24,1308.65,1.5305,airy_ethereal
1574.88,0.3263,0.2173,0.3073,0.6302,1893.39,1148.38,1.1653,airy_ethereal
420.78,0.5428,0.3102,0.4735,0.2902,601.64,493.38,0.438,warm_soft
1285.02,0.1937,0.2034,0.2338,0.7759,2130.75,1311.82,1.0145,airy_ethereal
183.21,0.4971,0.5943,0.8869,0.3302,234.28,655.33,1.1728,warm_soft
1283.04,0.411,0.1592,0.4727,0.4782,1928.24,1570.57,0.2739,airy_ethereal
415.3,0.669,0.2276,0.5954,0.4044,1599.77,1229.55,0.5065,bright_energetic
1396.7,0.8826,0.0547,0.5833,0.7764,2953.46,1499.09,0.2699,sharp_chaotic
734.3,0.6187,0.1479,0.3131,0.7015,1488.21,473.81,0.5101,airy_ethereal
1186.76,0.4219,0.0936,0.4963,0.6834,1344.88,806.84,1.138,airy_ethereal
763.18,0.7145,0.319,0.6209,0.5982,1699.21,939.79,1.0691,bright_energetic
462.63,0.5658,0.6672,0.8551,0.299,1204.66,664.81,0.4404,warm_soft
172.25,0.3342,0.4294,0.3511,0.1058,399.12,175.9,1.2372,deep_calm
1886.37,0.718,0.2454,0.6285,0.9681,3752.39,1530.12,0.6324,sharp_chaotic
598.38,0.2194,0.6043,0.7989,0.317,308.06,570.66,1.541,warm_soft
268.87,0.4185,0.8614,0.2919,0.01,50.0,347.26,0.275,deep_calm
910.08,0.6698,0.0479,0.6282,0.7794,1997.43,1029.69,0.2353,bright_energetic
1589.29,0.8417,0.3782,0.3894,0.8927,2710.86,1951.09,0.964,sharp_chaotic
1932.89,0.8666,0.0334,0.4797,0.6568,3158.0,1650.57,0.1777,sharp_chaotic
743.92,0.7815,0.312,0.7341,0.7443,1169.18,923.02,1.5069,bright_energetic
581.2,0.2974,0.5578,0.5962,0.3686,785.63,495.38,0.4044,warm_soft
181.08,0.1624,0.821,0.3938,0.21,81.9,449.46,0.3441,deep_calm
1067.44,0.7127,0.1067,0.1289,0.9045,3318.53,1458.75,0.1155,sharp_chaotic
288.03,0.4052,0.8217,0.1543,0.1723,404.54,377.59,1.0502,deep_calm
75.41,0.3682,0.504,0.0952,0.173,667.19,349.53,0.8812,deep_calm
1482.84,0.6565,0.468,0.3838,0.7462,2829.21,2095.01,1.8494,sharp_chaotic
255.46,0.2968,0.8674,0.2715,0.068,638.82,255.09,0.1581,deep_calm
902.61,0.731,0.3016,0.4961,0.9554,3871.81,1037.02,0.9078,sharp_chaotic
2247.44,0.8334,0.1616,0.7598,0.7724,2892.6,908.91,1.763,sharp_chaotic
394.62,0.677,0.2671,0.7123,0.3927,2253.18,346.1,0.2101,bright_energetic
289.08,0.3607,0.119,0.4028,0.571,1431.01,1633.09,0.0684,airy_ethereal
411.08,0.3769,0.4253,0.6246,0.1324,400.27,588.65,1.7165,warm_soft
788.77,0.0746,0.108,0.426,0.7756,2679.53,1615.79,0.5351,airy_ethereal
1581.83,0.3857,0.0933,0.2897,0.507,1080.98,685.04,1.5547,airy_ethereal
805.49,0.6457,0.2616,0.1418,0.608,1881.5,985.54,0.1009,airy_ethereal
814.55,0.7119,0.3007,0.81,0.5164,2322.72,866.78,1.1446,bright_energetic
533.03,0.5767,0.3,0.5801,0.5392,1365.58,1486.61,1.2381,bright_energetic
173.97,0.3261,0.698,0.0952,0.2299,158.64,310.51,0.2827,deep_calm
1056.07,0.713,0.1899,0.4646,0.4973,2564.88,853.87,0.6911,bright_energetic
387.11,0.261,0.2683,0.3665,0.8274,3780.46,944.48,1.9984,airy_ethereal
1542.59,0.8175,0.3054,0.2334,0.7945,3237.42,824.81,1.9913,sharp_chaotic
78.5,0.4423,0.5802,0.3487,0.01,578.51,324.96,1.5088,deep_calm
1373.43,0.5093,0.1345,0.5458,0.463,2547.21,1207.43,1.7973,bright_energetic
1020.45,0.8026,0.0993,0.4588,0.3608,2726.41,904.79,1.0791,bright_energetic
867.83,0.3396,0.124,0.2517,0.758,2848.11,1339.8,1.6866,airy_ethereal
137.67,0.2484,0.6666,0.361,0.1012,300.62,272.25,0.8513,deep_calm
2231.89,0.936,0.1108,0.4845,0.8891,3747.5,2191.18,1.8506,sharp_chaotic
698.67,0.7355,0.1951,0.7017,0.5934,927.35,810.4,0.4312,bright_energetic
445.53,0.5224,0.4346,0.7022,0.1652,1064.7,611.62,0.1105,warm_soft
844.48,0.4636,0.7179,0.5188,0.3226,698.78,584.97,0.2679,warm_soft
1178.17,0.7447,0.181,0.5777,0.6637,3332.27,551.37,1.5733,sharp_chaotic
913.43,0.965,0.2266,0.8756,0.4988,1878.59,1052.4,1.9537,bright_energetic
210.23,0.218,0.7534,0.01,0.01,522.81,255.32,0.2301,deep_calm
642.29,0.6321,0.3563,0.6845,0.7241,1561.87,1153.36,1.0233,bright_energetic
411.6,0.4469,0.1045,0.3801,0.1688,1074.7,608.85,0.556,warm_soft
1118.47,0.4751,0.119,0.439,0.5717,2838.57,856.9,0.554,airy_ethereal
489.62,0.6304,0.0541,0.5998,0.4666,890.36,678.26,0.6104,bright_energetic
64.81,0.2897,0.6007,0.2622,0.1101,661.47,161.58,1.9374,deep_calm
957.97,0.2412,0.0635,0.3012,0.5743,2486.62,1021.74,0.0171,airy_ethereal
1122.9,0.6657,0.1103,0.574,0.4324,2223.46,669.21,1.0756,bright_energetic
137.56,0.2367,0.7384,0.2873,0.2244,50.0,300.59,1.5672,deep_calm
1385.69,0.1859,0.069,0.3892,0.7371,2240.26,1185.78,1.5081,airy_ethereal
1891.67,0.7429,0.2782,0.4963,0.9066,2779.05,1262.92,0.6263,sharp_chaotic
734.5,0.229,0.1752,0.241,0.5899,1959.41,1098.59,0.0147,airy_ethereal
337.85,0.2284,0.4506,0.7469,0.2389,789.52,590.13,1.2385,warm_soft
918.01,0.8064,0.0455,0.6173,0.4801,1553.45,985.51,0.5711,bright_energetic
235.03,0.346,0.4873,0.5208,0.3548,991.7,457.41,0.5924,warm_soft
752.51,0.7679,0.3122,0.5049,0.4208,2456.02,886.77,1.4326,bright_energetic
20.0,0.081,0.8094,0.0856,0.0555,131.18,160.4,0.1189,deep_calm
220.66,0.4524,0.7746,0.1919,0.146,777.96,238.77,0.7267,deep_calm
842.62,0.4045,0.2147,0.3373,0.8505,2660.44,1234.41,1.4363,airy_ethereal
607.74,0.3584,0.4261,0.5721,0.2419,757.55,261.26,1.5528,warm_soft
136.55,0.4269,0.6536,0.2204,0.23,209.96,284.01,0.9866,deep_calm
629.56,0.7508,0.1516,0.5539,0.8485,2282.8,442.88,0.2026,bright_energetic
258.07,0.5219,0.3868,0.3554,0.1733,704.91,498.96,1.3803,warm_soft
1412.08,0.3011,0.1884,0.3513,0.5968,1902.77,689.8,1.4617,airy_ethereal
2135.66,0.7008,0.2067,0.8343,0.7651,3603.88,2117.88,1.2979,sharp_chaotic
459.73,0.3658,0.7957,0.5145,0.3601,917.29,197.27,1.346,warm_soft
207.39,0.4676,0.8042,0.2404,0.01,50.0,212.5,0.1066,deep_calm
1655.32,0.6326,0.2349,0.233,0.6716,4052.61,1839.2,1.9683,sharp_chaotic
1639.66,0.7357,0.2599,0.4764,0.8264,2476.09,1053.14,1.2008,sharp_chaotic
138.7,0.1314,0.74,0.263,0.0411,613.62,94.07,0.1649,deep_calm
1249.26,0.7684,0.1979,0.6859,0.5446,1139.64,530.69,0.0894,bright_energetic
156.98,0.7438,0.7239,0.01,0.081,622.69,256.22,1.3089,deep_calm
1073.91,0.4307,0.1085,0.4244,0.7172,2886.68,844.62,0.8482,airy_ethereal
320.76,0.4688,0.3788,0.7485,0.1314,1216.25,593.3,0.9769,warm_soft
652.43,0.588,0.2217,0.5073,0.3317,1927.05,794.52,0.385,bright_energetic
1609.15,0.85,0.2628,0.4807,0.7859,4196.22,1354.07,0.8042,sharp_chaotic
669.79,0.2727,0.1258,0.5219,0.747,3053.76,1312.1,1.4707,airy_ethereal
1103.59,0.1814,0.02,0.4101,0.7248,2541.91,1504.05,1.3379,airy_ethereal
965.29,0.5686,0.2031,0.5261,0.9814,1976.65,694.7,1.7344,bright_energetic
1060.85,0.1717,0.0927,0.5598,0.7537,2151.47,1045.08,1.4523,airy_ethereal
457.5,0.4294,0.7203,0.4469,0.2783,636.82,303.8,0.8983,warm_soft
1174.31,0.7901,0.4586,0.4093,0.8678,3155.71,680.62,1.2019,sharp_chaotic
2513.81,0.7862,0.3037,0.3717,0.9053,3815.12,1386.41,0.4845,sharp_chaotic
848.02,0.1655,0.1908,0.2748,0.5922,2147.4,1520.18,0.9966,airy_ethereal
906.38,0.1153,0.1374,0.4498,0.7552,2005.09,929.68,0.8531,airy_ethereal
1555.33,0.3845,0.2013,0.2681,0.6372,2762.52,1405.42,0.4217,airy_ethereal
1443.39,0.6696,0.1907,0.7075,0.4492,2296.23,1892.8,0.0861,sharp_chaotic
455.61,0.4981,0.0906,0.4047,0.6527,1853.71,1590.24,0.6052,airy_ethereal
757.07,0.2189,0.1655,0.7247,0.6912,2490.92,1712.51,0.3293,airy_ethereal
906.33,0.5478,0.1643,0.5367,0.6911,1797.16,1031.2,0.6887,airy_ethereal
108.53,0.1231,0.7323,0.1991,0.1383,728.31,205.05,1.7641,deep_calm
1223.93,0.5328,0.1084,0.4696,0.5151,3254.32,1728.79,0.0865,airy_ethereal
1479.15,0.3664,0.01,0.2408,0.563,1797.29,1183.98,0.7292,airy_ethereal
131.51,0.1584,0.4903,0.4598,0.1837,114.9,389.41,1.888,deep_calm
901.9,0.2506,0.084,0.1938,0.7152,2561.22,1342.18,0.1588,airy_ethereal
636.84,0.871,0.0379,0.2629,0.3545,2550.82,1922.13,1.0862,sharp_chaotic
334.16,0.912,0.1751,0.5424,0.5792,2119.38,1150.37,0.8689,bright_energetic
306.67,0.3046,0.9035,0.1827,0.096,146.8,445.66,0.0473,deep_calm
475.18,0.3875,0.4685,0.4945,0.4286,922.03,594.71,0.1604,warm_soft
1173.68,0.8,0.0609,0.5849,0.5451,1842.47,453.96,0.0191,bright_energetic
939.76,0.4863,0.1166,0.542,0.6371,2566.16,1061.22,1.068,bright_energetic
801.7,0.9809,0.5771,0.5235,0.9551,3039.68,1331.39,1.6212,sharp_chaotic
2382.08,0.6939,0.2988,0.4644,0.6963,4541.44,1117.81,0.4033,sharp_chaotic
577.38,0.395,0.4221,0.4139,0.2078,955.78,180.22,0.4191,warm_soft
1373.06,0.4424,0.0445,0.4918,0.8936,2089.47,1094.76,0.0522,airy_ethereal
300.37,0.897,0.111,0.62,0.6018,1614.2,879.26,0.5404,bright_energetic
927.13,0.8783,0.0633,0.6155,0.4733,1733.4,290.51,0.7176,bright_energetic
329.96,0.5058,0.496,0.7406,0.1053,131.81,223.0,0.3049,warm_soft
458.16,0.3011,0.2256,0.4936,0.4353,830.49,338.65,0.5795,warm_soft
860.57,0.7841,0.1477,0.2085,0.5592,1965.98,544.49,1.632,bright_energetic
743.82,0.7947,0.2527,0.4627,0.611,2413.35,908.52,1.0229,bright_energetic
688.23,0.4166,0.1904,0.5299,0.3985,2708.58,930.54,1.4088,bright_energetic
552.41,0.2798,0.6447,0.6502,0.1116,1205.81,611.24,1.4536,warm_soft
2165.05,0.99,0.151,0.3193,0.7461,3094.01,1359.0,0.0084,sharp_chaotic
781.36,0.8424,0.2555,0.765,0.7312,1014.47,1216.69,0.1403,bright_energetic
1189.37,0.845,0.2469,0.6595,0.8127,1561.07,891.05,1.6467,bright_energetic
752.64,0.6905,0.1207,0.6617,0.6885,2454.1,779.84,1.5001,bright_energetic
958.09,0.1133,0.1433,0.5597,0.6572,2482.12,1492.21,1.0534,airy_ethereal
586.92,0.5839,0.1735,0.4029,0.6187,2234.91,1061.27,0.9245,bright_energetic
123.52,0.2926,0.5188,0.5556,0.1204,293.73,94.78,0.4911,deep_calm
1211.8,0.9823,0.2569,0.6443,0.6018,1708.72,958.92,0.5146,bright_energetic
1289.32,0.2708,0.2028,0.4744,0.6126,2726.41,1541.67,1.3911,airy_ethereal
311.7,0.391,0.7109,0.3097,0.2157,455.02,340.76,1.062,deep_calm
1407.23,0.8629,0.1647,0.864,0.6823,3270.56,1456.55,1.9169,sharp_chaotic
862.4,0.7726,0.1748,0.4246,0.5528,2163.26,928.19,1.6491,bright_energetic
949.82,0.6453,0.1051,0.7107,0.99,3262.49,2114.11,1.1847,sharp_chaotic
809.2,0.8003,0.2309,0.6092,0.7515,1337.7,693.66,0.1884,bright_energetic
1352.33,0.8281,0.1446,0.5439,0.6956,1481.6,941.99,0.2285,bright_energetic
169.42,0.01,0.7118,0.0992,0.01,50.0,369.83,1.1716,deep_calm
341.4,0.1405,0.3888,0.3716,0.2292,450.11,276.13,1.4951,warm_soft
213.69,0.1063,0.7104,0.2416,0.1155,72.35,244.98,0.274,deep_calm
1001.89,0.7406,0.0657,0.4777,0.3024,3024.46,784.84,0.5308,bright_energetic
1296.53,0.4315,0.1275,0.433,0.6567,2949.42,1753.54,0.5353,airy_ethereal
376.41,0.219,0.3229,0.5462,0.1512,849.67,413.38,1.6891,warm_soft
1086.53,0.376,0.2064,0.3944,0.5839,3275.33,1176.83,1.2353,airy_ethereal
1203.61,0.686,0.0197,0.5642,0.9137,1523.95,744.0,0.0752,bright_energetic
269.98,0.2357,0.6506,0.3472,0.2493,219.41,163.06,0.6387,deep_calm
492.88,0.4678,0.689,0.6474,0.2993,949.86,20.0,1.9943,warm_soft
20.0,0.3169,0.8708,0.2734,0.129,472.03,451.1,0.5903,deep_calm
123.47,0.5726,0.8522,0.2586,0.1817,303.29,158.04,1.9517,deep_calm
631.24,0.1836,0.01,0.3518,0.6436,2210.26,499.52,0.5092,airy_ethereal
1199.72,0.6509,0.3197,0.3827,0.8746,1000.03,636.54,1.2411,bright_energetic
1583.48,0.01,0.1481,0.5933,0.5378,2507.8,839.17,1.9268,airy_ethereal
1180.89,0.3323,0.1573,0.4859,0.7388,1832.72,995.12,0.3058,airy_ethereal
968.22,0.8427,0.1426,0.4294,0.442,670.39,1161.77,1.7203,bright_energetic
1190.65,0.6729,0.578,0.4954,0.8284,4464.33,886.59,1.0948,sharp_chaotic
389.45,0.3992,0.676,0.5377,0.2108,510.15,745.27,1.3059,warm_soft
539.99,0.4485,0.3421,0.5921,0.1569,1178.63,684.32,1.6671,warm_soft
215.21,0.4851,0.5665,0.16,0.1515,390.04,90.88,1.5685,deep_calm
475.98,0.2877,0.1211,0.3341,0.5838,2640.63,1137.13,0.0661,airy_ethereal
961.54,0.7379,0.3681,0.7003,0.61,1749.47,484.75,1.0708,bright_energetic
28.14,0.3861,0.8618,0.4468,0.0516,313.41,157.12,0.2258,deep_calm
1656.83,0.7563,0.031,0.542,0.7641,3008.51,2179.36,1.3425,sharp_chaotic
322.83,0.8548,0.268,0.5413,0.7097,2976.77,1037.7,1.4413,sharp_chaotic
926.31,0.8695,0.1995,0.7154,0.6552,826.14,427.57,1.9625,bright_energetic
452.08,0.3498,0.6018,0.5105,0.1902,1253.27,154.27,1.2029,warm_soft
763.76,0.283,0.0249,0.2956,0.8368,3573.58,1212.48,1.0083,airy_ethereal
1124.27,0.39,0.0536,0.4147,0.5,2385.62,1395.54,0.9863,airy_ethereal
1115.17,0.99,0.0947,0.6882,0.4825,2568.02,876.05,0.1903,bright_energetic
1350.57,0.4034,0.1098,0.6817,0.9329,2592.02,1858.26,1.9558,airy_ethereal
756.77,0.99,0.1112,0.7705,0.5984,1836.46,91.19,0.2278,bright_energetic
637.87,0.703,0.4319,0.6205,0.5533,1391.09,1084.25,0.3403,bright_energetic
495.97,0.5133,0.6008,0.5004,0.1649,893.13,250.32,1.1893,warm_soft
1987.05,0.5262,0.1461,0.6838,0.5791,2938.08,812.82,0.2503,sharp_chaotic
508.15,0.1667,0.437,0.7835,0.3077,1405.98,434.85,0.4301,warm_soft
101.33,0.7087,0.01,0.6413,0.3829,1422.59,548.61,1.3124,bright_energetic
348.33,0.4436,0.1736,0.4991,0.1225,802.1,320.6,1.0861,warm_soft
377.17,0.1455,0.6796,0.462,0.2677,985.53,485.5,1.9576,warm_soft
24.89,0.3411,0.7284,0.4093,0.1511,591.28,307.07,0.0411,deep_calm
1001.35,0.553,0.1535,0.5115,0.7482,2230.27,915.3,0.4842,bright_energetic
220.53,0.4087,0.6254,0.01,0.1006,358.1,343.63,1.6094,deep_calm
943.11,0.7313,0.169,0.696,0.447,2603.72,1048.21,1.7292,bright_energetic
439.15,0.2517,0.7187,0.7563,0.1037,826.5,361.24,1.56,warm_soft
301.82,0.2436,0.8296,0.2807,0.1681,297.87,424.79,1.4457,deep_calm
190.73,0.2367,0.7415,0.2621,0.1213,250.1,196.09,0.1657,deep_calm
355.0,0.6984,0.3614,0.5729,0.0332,927.1,522.25,1.427,warm_soft
77.23,0.401,0.6502,0.2175,0.0823,50.0,184.86,0.2348,deep_calm
553.93,0.4981,0.6047,0.5464,0.1494,537.58,778.27,0.4131,warm_soft
145.54,0.4751,0.6792,0.6198,0.1294,540.04,705.39,1.0123,warm_soft
684.14,0.7922,0.0345,0.6088,0.5142,1920.59,1122.74,1.0591,bright_energetic
363.73,0.2298,0.2281,0.3661,0.6271,2335.02,1596.15,1.2771,airy_ethereal
359.04,0.5655,0.7819,0.6302,0.1729,678.36,516.2,1.5568,warm_soft
1269.26,0.7751,0.1315,0.5577,0.6058,2755.02,1087.24,1.3305,bright_energetic
1750.57,0.946,0.1727,0.234,0.4844,3658.89,1957.59,0.6389,sharp_chaotic
301.17,0.4556,0.3972,0.6576,0.176,598.85,580.15,1.8019,warm_soft
2167.49,0.6274,0.1519,0.5248,0.9102,3290.7,1341.76,0.6729,sharp_chaotic
1541.5,0.347,0.2414,0.2845,0.4434,1705.96,1322.59,0.8019,airy_ethereal
391.17,0.5614,0.4618,0.2465,0.118,579.44,557.64,0.7249,warm_soft
2271.8,0.6873,0.5745,0.7455,0.99,3419.04,2111.17,0.4668,sharp_chaotic
438.97,0.3509,0.0421,0.4305,0.6903,2835.47,650.53,0.2406,airy_ethereal
940.77,0.5917,0.01,0.2529,0.6696,1751.24,351.33,1.8141,bright_energetic
301.88,0.3808,0.4506,0.6205,0.2874,1126.11,406.28,0.3851,warm_soft
303.72,0.1127,0.5563,0.514,0.1331,817.39,428.94,1.5738,warm_soft
552.34,0.9153,0.2992,0.8947,0.5579,2652.49,821.26,0.704,bright_energetic
341.49,0.2101,0.6166,0.3112,0.0846,285.65,327.4,0.6918,deep_calm
548.27,0.2834,0.5508,0.6847,0.1748,304.63,730.92,1.2454,warm_soft
1174.84,0.6454,0.01,0.6797,0.8313,2246.55,1687.69,1.6536,sharp_chaotic
1458.07,0.6216,0.1868,0.347,0.786,2444.93,1339.95,1.0746,sharp_chaotic
438.6,0.8569,0.243,0.739,0.5589,1420.9,899.11,0.0879,bright_energetic
809.01,0.784,0.1652,0.3691,0.803,2590.32,864.68,1.1344,sharp_chaotic
273.88,0.3436,0.3975,0.9182,0.2439,995.59,611.49,0.3444,warm_soft
201.61,0.3646,0.3281,0.6358,0.4498,705.7,336.91,0.8371,warm_soft
365.07,0.5801,0.6029,0.5793,0.0664,624.28,395.1,0.7109,warm_soft
1443.94,0.7466,0.239,0.7043,0.5066,1806.34,922.57,0.9253,bright_energetic
676.9,0.6351,0.4657,0.5896,0.147,754.22,545.41,0.0872,warm_soft
174.58,0.4605,0.9883,0.3951,0.01,348.37,291.1,0.5578,deep_calm
1820.45,0.1618,0.1827,0.4435,0.6599,3099.38,1510.42,0.3849,airy_ethereal
1520.89,0.9088,0.151,0.5058,0.9057,3418.5,1781.66,0.5333,sharp_chaotic
731.35,0.5302,0.1155,0.5369,0.6215,1795.53,641.41,0.7078,bright_energetic
194.27,0.5768,0.7475,0.3594,0.1663,127.42,229.61,1.5538,deep_calm
1217.17,0.5149,0.2323,0.5733,0.5661,2322.22,1075.16,0.3778,bright_energetic
1008.05,0.5431,0.0992,0.738,0.8262,2683.15,1125.19,0.9627,airy_ethereal
554.09,0.6686,0.4554,0.7161,0.1292,988.27,576.53,0.7444,warm_soft
1269.3,0.3459,0.0786,0.2365,0.5503,1467.48,999.42,0.0884,airy_ethereal
245.19,0.0731,0.6969,0.5121,0.1223,261.69,94.16,1.5095,deep_calm
1015.02,0.8919,0.1431,0.4166,0.8594,2745.67,1786.0,1.3798,sharp_chaotic
1195.32,0.4365,0.203,0.3741,0.8296,2043.41,1241.66,0.0305,airy_ethereal
530.94,0.7781,0.1925,0.5585,0.8071,1753.27,1436.93,1.5689,bright_energetic
816.36,0.7561,0.283,0.4755,0.4038,2010.31,972.01,0.1198,bright_energetic
558.72,0.5172,0.1471,0.7804,0.7417,2364.64,603.72,1.935,bright_energetic
1284.37,0.424,0.1051,0.3415,0.9891,2516.81,1387.73,1.1894,airy_ethereal
1391.55,0.795,0.279,0.4913,0.7685,1149.51,913.11,0.4674,bright_energetic
662.34,0.6894,0.1958,0.4941,0.5609,1335.83,1106.69,1.3799,bright_energetic
389.49,0.1733,0.99,0.3185,0.1049,337.39,236.88,1.065,deep_calm
465.4,0.3371,0.6197,0.5926,0.096,1176.76,636.16,0.0388,warm_soft
1366.17,0.798,0.1872,0.3325,0.548,4253.28,2577.31,1.0843,sharp_chaotic
614.29,0.4023,0.01,0.3336,0.5431,2588.35,1136.25,0.3574,airy_ethereal
1256.13,0.1854,0.1176,0.6448,0.7139,4099.46,927.83,0.4431,airy_ethereal
1362.67,0.8533,0.0353,0.6595,0.7853,3338.26,1889.54,0.567,sharp_chaotic
375.92,0.55,0.2588,0.7159,0.1675,1053.51,357.66,1.7977,warm_soft
211.68,0.6628,0.7216,0.3174,0.1562,400.58,501.85,0.7425,deep_calm
1310.31,0.8082,0.2708,0.4765,0.8498,2585.66,1783.0,0.4166,sharp_chaotic
649.08,0.7234,0.0262,0.7964,0.6393,1112.54,1090.44,0.0894,bright_energetic
1089.74,0.4768,0.0746,0.5325,0.6151,1448.63,1524.05,1.7145,airy_ethereal
839.37,0.6743,0.3126,0.659,0.572,2367.42,1126.62,1.1975,bright_energetic
420.54,0.5683,0.187,0.5658,0.165,799.24,843.62,0.3264,warm_soft
1529.1,0.5282,0.2856,0.5812,0.5453,2925.52,1748.05,1.9598,airy_ethereal
1769.91,0.3551,0.3051,0.4028,0.7754,2339.73,1386.12,0.2165,airy_ethereal
320.59,0.3869,0.6312,0.6181,0.3227,633.23,228.98,0.7284,warm_soft
242.06,0.5394,0.6354,0.5924,0.1671,1109.51,564.11,1.6972,warm_soft
250.41,0.1725,0.7428,0.322,0.1337,83.45,20.0,0.9396,deep_calm
326.69,0.646,0.3657,0.6391,0.0678,734.03,262.38,1.9852,warm_soft
1407.62,0.99,0.2128,0.6025,0.7348,1357.27,1381.31,0.847,sharp_chaotic
680.42,0.5336,0.2594,0.6125,0.2173,958.96,613.47,1.2451,warm_soft
387.05,0.5789,0.3632,0.7725,0.2579,1011.51,748.44,0.0317,warm_soft
439.56,0.32,0.3324,0.5786,0.1757,802.53,325.01,1.8955,warm_soft
158.56,0.4848,0.5889,0.1221,0.0361,198.96,302.11,0.946,deep_calm
879.25,0.236,0.1542,0.2393,0.5734,3178.19,1846.89,1.5681,airy_ethereal
402.21,0.2258,0.5345,0.3505,0.2049,683.25,787.15,1.1633,warm_soft
1593.9,0.7939,0.3545,0.5049,0.6444,2232.99,1022.17,0.5765,sharp_chaotic
189.23,0.11,0.988,0.4211,0.2116,515.16,240.94,1.1408,deep_calm
894.41,0.7018,0.2181,0.744,0.8924,3479.12,1332.6,0.39,sharp_chaotic
227.8,0.6589,0.5947,0.58,0.1134,346.97,819.55,0.9898,warm_soft
1777.29,0.7676,0.3063,0.5951,0.9794,3775.91,1750.37,1.1256,sharp_chaotic
628.71,0.1771,0.3562,0.5178,0.1587,809.48,539.01,0.8096,warm_soft
402.58,0.4858,0.6065,0.4694,0.1556,298.7,353.37,0.1227,warm_soft
149.39,0.3906,0.7854,0.4519,0.1532,777.84,448.55,0.6582,warm_soft
1181.06,0.9844,0.2102,0.3436,0.9767,2967.55,1204.69,0.7767,sharp_chaotic
1363.33,0.8886,0.4715,0.4243,0.6584,1552.72,2416.62,0.3812,sharp_chaotic
623.71,0.3117,0.132,0.1772,0.6817,1655.62,1125.76,1.6017,airy_ethereal
3022.56,0.776,0.2685,0.5693,0.8291,3298.52,1447.95,0.991,sharp_chaotic
884.19,0.5323,0.01,0.3736,0.7317,3178.55,1606.65,1.8797,sharp_chaotic
1800.79,0.8095,0.1551,0.2416,0.9065,3679.06,2315.3,1.6559,sharp_chaotic
188.14,0.3754,0.6482,0.2372,0.0859,205.55,284.8,1.9007,deep_calm
45.3,0.5081,0.791,0.2951,0.1879,50.0,59.01,0.1028,deep_calm
1941.85,0.4994,0.1454,0.2655,0.3755,2235.35,1001.31,1.2788,airy_ethereal
20.0,0.3234,0.7658,0.2654,0.01,468.94,256.24,1.3296,deep_calm
685.41,0.5497,0.2076,0.5,0.3107,2490.78,1096.45,0.9728,bright_energetic
466.1,0.4425,0.6103,0.3352,0.01,267.22,20.0,0.5012,deep_calm
734.17,0.6268,0.3442,0.4271,0.8029,2307.3,1929.14,0.2258,sharp_chaotic
767.76,0.5963,0.2191,0.3634,0.572,1843.3,2050.39,0.044,airy_ethereal
1035.35,0.5893,0.3578,0.6632,0.4076,1795.57,1115.38,0.9327,bright_energetic
924.86,0.7169,0.1988,0.6359,0.5226,1968.53,1123.66,0.8908,bright_energetic
181.97,0.4026,0.9067,0.3378,0.1159,69.67,239.62,1.4559,deep_calm
167.22,0.0647,0.6714,0.2765,0.0634,316.24,379.4,0.4834,deep_calm
264.65,0.3357,0.6293,0.4696,0.1979,497.38,268.83,0.5206,deep_calm
1381.88,0.8632,0.4386,0.572,0.7871,3155.39,1995.98,1.8512,sharp_chaotic
354.35,0.3503,0.9188,0.2703,0.01,222.32,176.66,1.3279,deep_calm
62.8,0.2556,0.5058,0.3848,0.0137,515.31,162.2,0.309,deep_calm
20.0,0.4582,0.8206,0.054,0.1578,106.06,350.63,0.1716,deep_calm
1045.47,0.8074,0.2482,0.5104,0.4841,2243.28,806.43,1.5031,bright_energetic
2165.35,0.6813,0.4999,0.5284,0.9082,1567.45,1557.38,0.8922,sharp_chaotic
281.9,0.3227,0.5404,0.1897,0.1586,328.66,275.6,1.8476,deep_calm
765.26,0.7602,0.2899,0.6401,0.9227,1887.65,1148.27,1.8728,bright_energetic
21.8,0.1553,0.594,0.3185,0.1501,259.98,322.99,1.183,deep_calm
1578.87,0.1116,0.0551,0.6106,0.3779,3679.78,1167.82,0.9729,airy_ethereal
73.16,0.5698,0.8133,0.3033,0.0873,258.5,161.14,1.062,deep_calm
1056.12,0.7629,0.2134,0.6091,0.7476,1596.31,1374.92,1.9819,bright_energetic
781.36,0.7107,0.2517,0.4846,0.5416,2908.48,2355.88,0.8047,sharp_chaotic
122.02,0.4133,0.8778,0.8116,0.208,998.71,477.05,0.5718,warm_soft
811.01,0.5979,0.1432,0.7076,0.8711,2649.84,907.05,1.3919,bright_energetic
967.15,0.4725,0.2516,0.8681,0.4462,2065.01,1123.4,1.665,bright_energetic
884.31,0.9079,0.2399,0.7078,0.4369,1636.42,1295.07,0.0202,bright_energetic
472.74,0.6377,0.3917,0.8897,0.0931,692.78,248.33,1.9512,warm_soft
1220.25,0.452,0.1824,0.4875,0.94,2674.01,1544.06,0.8738,airy_ethereal
476.21,0.704,0.3324,0.9547,0.1718,1019.78,360.3,1.1198,warm_soft
922.2,0.7547,0.182,0.5355,0.6544,2246.23,887.13,0.2391,bright_energetic
941.64,0.4556,0.01,0.6314,0.5907,2659.7,376.46,0.5584,airy_ethereal
722.72,0.3899,0.6419,0.2897,0.3992,1141.19,577.7,0.8494,warm_soft
808.24,0.6728,0.2008,0.5938,0.5624,1643.24,624.59,0.5991,bright_energetic
2561.34,0.6728,0.0156,0.4379,0.658,2699.34,1723.85,1.6016,sharp_chaotic
333.74,0.1327,0.1431,0.5769,0.5612,3380.68,1202.26,0.2067,airy_ethereal
375.43,0.4168,0.5413,0.6443,0.1959,903.88,709.18,1.1764,warm_soft
562.16,0.6713,0.444,0.6158,0.1633,619.45,575.69,1.7114,warm_soft
1010.0,0.6848,0.2338,0.7242,0.1724,2321.96,1022.45,1.3606,bright_energetic
184.18,0.4565,0.5085,0.4882,0.1852,514.29,699.57,1.8343,warm_soft
759.38,0.9382,0.1947,0.7165,0.8088,2147.33,891.21,0.7425,bright_energetic
1481.59,0.4178,0.1009,0.4016,0.4409,1569.55,1325.74,1.7207,airy_ethereal
860.95,0.7571,0.1619,0.7079,0.6266,1820.22,1156.74,0.2072,bright_energetic
2436.67,0.99,0.2663,0.6358,0.8976,3587.66,990.08,1.5461,sharp_chaotic
1136.55,0.9599,0.2298,0.383,0.8324,3471.22,1532.68,1.4716,sharp_chaotic
435.99,0.328,0.6709,0.57,0.179,465.93,372.88,1.3061,warm_soft
979.99,0.8157,0.246,0.6218,0.7268,3258.71,720.75,0.3657,sharp_chaotic
427.33,0.227,0.3821,0.4281,0.0534,1217.36,364.41,1.2478,warm_soft
147.28,0.4604,0.8306,0.4881,0.2421,609.37,142.77,1.5553,deep_calm
1360.46,0.2159,0.0997,0.2869,0.4986,1792.56,1113.81,1.0571,airy_ethereal
208.4,0.2285,0.7128,0.2569,0.2202,322.77,433.34,1.4624,deep_calm
148.61,0.233,0.6627,0.2812,0.048,501.64,195.21,0.6992,deep_calm
348.9,0.395,0.1942,0.7173,0.2469,372.53,567.66,0.0752,warm_soft
676.07,0.7317,0.2717,0.4034,0.6686,2248.69,873.25,0.5824,bright_energetic
1268.55,0.6007,0.168,0.6554,0.9606,2009.66,230.6,0.1509,bright_energetic
2041.94,0.9084,0.2983,0.6056,0.6368,2715.24,1601.1,1.8584,sharp_chaotic
212.12,0.4854,0.8087,0.4603,0.2098,79.37,426.53,0.4467,deep_calm
627.16,0.4882,0.0509,0.5341,0.2918,808.48,679.69,0.5524,warm_soft
322.36,0.289,0.3508,0.5192,0.2338,1426.87,671.17,1.2347,warm_soft
1348.36,0.5238,0.1578,0.339,0.7105,2774.56,1525.75,0.2872,airy_ethereal
1821.06,0.3148,0.2231,0.3449,0.6112,2991.49,1392.71,0.577,airy_ethereal
396.39,0.5682,0.7257,0.6837,0.1433,749.67,244.39,0.0083,warm_soft
517.16,0.7365,0.1613,0.1964,0.6067,2993.51,2049.61,0.4561,sharp_chaotic
933.78,0.7485,0.4018,0.6442,0.7358,1294.52,693.97,1.6495,bright_energetic
1600.71,0.5312,0.0953,0.3199,0.8615,2283.89,1246.09,1.215,airy_ethereal
581.82,0.5379,0.1854,0.7721,0.5135,2496.98,687.81,1.729,bright_energetic
573.64,0.3416,0.01,0.2599,0.8527,2882.47,1741.17,0.8144,airy_ethereal
884.99,0.8114,0.2981,0.6407,0.5413,2222.95,971.74,0.747,bright_energetic
302.71,0.3801,0.8676,0.2424,0.2029,93.74,97.72,1.022,deep_calm
359.23,0.5098,0.4452,0.5056,0.2802,1018.37,143.51,0.2358,warm_soft
926.68,0.3789,0.0501,0.3468,0.7041,1016.3,999.53,1.3596,airy_ethereal
1450.39,0.0936,0.1836,0.5456,0.4698,3077.51,1335.31,0.546,airy_ethereal
964.89,0.6594,0.143,0.0516,0.8876,1838.98,1490.83,1.501,airy_ethereal
107.57,0.6712,0.261,0.8269,0.958,3776.81,2401.09,1.0377,sharp_chaotic
168.75,0.2184,0.6495,0.2489,0.0476,209.71,200.93,1.0687,deep_calm
764.36,0.7537,0.0516,0.6486,0.6684,2321.46,907.46,0.9322,bright_energetic
265.38,0.5515,0.6937,0.4454,0.1028,713.15,338.7,1.3643,warm_soft
1245.99,0.6835,0.1448,0.379,0.6674,2719.46,1634.62,0.1636,sharp_chaotic
1865.69,0.8029,0.1891,0.4688,0.8527,2239.9,1292.86,1.7852,sharp_chaotic
140.17,0.3637,0.8368,0.2685,0.2502,525.23,454.2,0.1873,deep_calm
1103.65,0.2545,0.0772,0.1906,0.7535,2784.12,1658.48,1.0646,airy_ethereal
122.5,0.262,0.7316,0.3252,0.2169,380.78,223.28,0.5451,deep_calm
232.16,0.557,0.6115,0.2698,0.1459,483.74,292.88,0.506,deep_calm
257.74,0.5355,0.8286,0.0821,0.2034,246.89,193.42,1.6271,deep_calm
1421.82,0.8586,0.3737,0.4512,0.5794,2513.29,1237.92,0.4029,bright_energetic
487.69,0.4327,0.3464,0.4333,0.083,1149.88,664.71,0.0485,warm_soft
1636.81,0.8305,0.4092,0.8034,0.8307,2926.57,1907.04,0.7872,sharp_chaotic
371.0,0.3794,0.2626,0.8223,0.1874,553.55,534.83,0.9779,warm_soft
1121.43,0.01,0.1833,0.2039,0.6159,1844.75,1030.16,1.6137,airy_ethereal
1533.56,0.99,0.4528,0.3742,0.4146,2422.52,1693.86,1.8742,sharp_chaotic
1073.74,0.7384,0.2112,0.2519,0.5944,2887.77,1211.96,1.8712,sharp_chaotic
597.4,0.752,0.33,0.6528,0.7974,2921.95,775.66,0.1219,sharp_chaotic
863.43,0.7453,0.0877,0.7852,0.9445,2084.31,313.43,0.3608,bright_energetic
1146.46,0.6163,0.3487,0.4126,0.6994,2557.32,1753.6,0.3351,sharp_chaotic
346.11,0.4505,0.2612,0.556,0.2268,971.44,618.89,1.5476,warm_soft
267.06,0.3409,0.4494,0.3828,0.2112,435.07,517.96,1.3777,warm_soft
176.79,0.4161,0.5218,0.5905,0.2002,812.99,548.29,1.3896,warm_soft
357.79,0.6216,0.4917,0.4751,0.1194,910.81,389.01,1.5732,warm_soft
499.79,0.1872,0.4657,0.6308,0.1307,720.69,262.44,1.216,warm_soft
896.49,0.1657,0.1756,0.4458,0.6326,2293.29,1486.56,1.9431,airy_ethereal
649.86,0.7152,0.3087,0.5957,0.4315,1372.05,1419.63,1.5361,bright_energetic
398.46,0.7561,0.5493,0.5232,0.1537,591.09,346.64,1.37,warm_soft
162.78,0.6192,0.6362,0.3264,0.0528,448.05,20.0,0.5636,deep_calm
1781.12,0.786,0.3444,0.4665,0.7861,4182.35,1018.19,1.3263,sharp_chaotic
1423.01,0.2943,0.0968,0.4462,0.9087,2500.99,259.21,1.2853,airy_ethereal
1566.39,0.8199,0.3605,0.474,0.5634,2222.68,1852.35,0.1287,sharp_chaotic
1077.18,0.4374,0.1709,0.5774,0.727,2099.03,963.21,0.3473,airy_ethereal
649.74,0.7903,0.0613,0.7003,0.3211,2849.75,1106.91,0.6026,bright_energetic
1105.37,0.99,0.1818,0.4132,0.7417,3111.53,1501.84,1.5197,sharp_chaotic
608.79,0.3729,0.6573,0.5999,0.0841,950.84,374.9,1.0168,warm_soft
204.51,0.2713,0.747,0.1392,0.0817,540.82,236.59,1.7121,deep_calm
1652.84,0.7941,0.2817,0.7637,0.6895,2930.45,1220.15,0.8858,sharp_chaotic
34.59,0.3207,0.7533,0.1761,0.1845,235.95,240.14,1.5137,deep_calm
1046.21,0.3289,0.2389,0.1866,0.679,1959.69,782.75,1.6133,airy_ethereal
225.07,0.435,0.5224,0.5204,0.0296,1141.68,522.48,0.124,warm_soft
1000.63,0.6463,0.1133,0.6671,0.7034,2414.25,784.96,0.4344,bright_energetic
223.21,0.413,0.8803,0.2165,0.0413,219.28,375.32,0.3059,deep_calm
509.8,0.5949,0.2662,0.7105,0.2035,1669.66,606.1,1.9251,warm_soft
973.83,0.5358,0.3053,0.777,0.5592,1576.93,920.94,1.8638,bright_energetic
2287.05,0.9741,0.4117,0.3994,0.7123,2049.47,2044.33,0.686,sharp_chaotic
41.79,0.5661,0.7397,0.215,0.01,50.0,473.36,1.1587,deep_calm
886.23,0.3948,0.2404,0.2955,0.6636,1294.56,974.99,1.2191,airy_ethereal
292.47,0.373,0.7133,0.3258,0.25,457.26,20.0,0.5251,deep_calm
441.59,0.4302,0.01,0.5162,0.2233,667.86,555.17,0.5628,warm_soft
1216.88,0.7976,0.162,0.4875,0.7973,2402.41,2053.3,1.527,sharp_chaotic
1301.01,0.5658,0.2121,0.5736,0.7694,4180.71,1064.77,1.4756,sharp_chaotic
1932.41,0.5194,0.4616,0.2982,0.5295,3541.9,1102.48,0.6978,sharp_chaotic
858.26,0.549,0.3216,0.5165,0.6701,3572.98,1488.4,0.9125,sharp_chaotic
1965.01,0.9606,0.2869,0.362,0.5995,4252.21,1805.92,0.472,sharp_chaotic
485.66,0.775,0.2566,0.9192,0.5808,1570.94,1220.69,1.4617,bright_energetic
1294.98,0.8511,0.3571,0.5001,0.7702,2967.37,1619.98,0.9304,sharp_chaotic
394.48,0.6295,0.1571,0.6014,0.62,1743.93,1054.48,0.7458,bright_energetic
1028.39,0.7033,0.3129,0.2606,0.424,1818.11,940.19,1.984,bright_energetic
331.03,0.7605,0.2311,0.6983,0.6855,2927.72,912.61,1.4226,bright_energetic
910.53,0.99,0.1512,0.5011,0.5095,1487.08,408.74,0.5852,bright_energetic
255.43,0.4421,0.5091,0.4808,0.01,50.0,137.25,0.3403,deep_calm
317.41,0.5064,0.0924,0.4503,0.6331,1340.91,1628.51,0.4379,airy_ethereal
270.41,0.3898,0.619,0.5447,0.01,880.56,455.34,0.6439,warm_soft
334.94,0.3228,0.4018,0.4848,0.1711,515.37,370.53,0.2663,warm_soft
1112.27,0.9489,0.2284,0.4534,0.3342,1828.79,807.97,0.2105,bright_energetic
682.98,0.5097,0.2491,0.2737,0.564,2238.17,1265.44,1.4828,airy_ethereal
1909.97,0.6572,0.2786,0.2354,0.6439,3534.56,1894.81,0.2135,sharp_chaotic
673.35,0.1696,0.0995,0.3762,0.7596,1099.0,1325.77,0.1425,airy_ethereal
1248.23,0.1944,0.1479,0.3686,0.5586,1933.11,1447.53,1.9943,airy_ethereal
1489.16,0.6322,0.2838,0.379,0.6938,2738.04,573.19,1.632,sharp_chaotic
762.84,0.732,0.2759,0.1509,0.6131,1746.06,1635.42,0.337,sharp_chaotic
651.8,0.5277,0.3038,0.4988,0.383,982.67,492.06,0.5268,warm_soft
536.36,0.2281,0.4631,0.6677,0.3168,903.24,551.26,0.105,warm_soft
1518.57,0.7493,0.106,0.6459,0.6693,4164.03,1767.78,0.785,sharp_chaotic
1300.16,0.5702,0.01,0.3623,0.5783,2521.64,1019.85,1.342,bright_energetic
687.39,0.1587,0.376,0.4446,0.1469,1462.61,272.82,0.7735,warm_soft
333.96,0.652,0.5695,0.5713,0.1325,844.21,750.61,1.4012,warm_soft
951.16,0.4818,0.1123,0.5798,0.6874,2142.52,1111.97,0.738,airy_ethereal
354.38,0.3654,0.4526,0.6181,0.1155,950.47,517.7,0.0014,warm_soft
1385.9,0.9295,0.2519,0.2573,0.9777,3198.29,1397.44,1.0894,sharp_chaotic
492.96,0.1944,0.5162,0.657,0.1875,343.05,475.45,0.7172,warm_soft
1070.45,0.8689,0.1614,0.566,0.7711,3459.98,1693.94,0.8167,sharp_chaotic
1182.8,0.7133,0.01,0.6206,0.849,2057.17,1768.5,0.4588,sharp_chaotic
325.99,0.5613,0.5671,0.4704,0.3882,856.85,599.6,0.785,warm_soft
724.3,0.691,0.2897,0.7137,0.5254,2180.08,752.65,1.6921,bright_energetic
1109.03,0.5997,0.1569,0.6786,0.4278,1705.5,548.36,0.7022,bright_energetic
406.67,0.786,0.3167,0.5852,0.2587,3200.43,1147.26,1.8506,bright_energetic
902.14,0.99,0.2701,0.0658,0.99,3503.0,2019.03,1.8101,sharp_chaotic
494.27,0.3505,0.4697,0.6086,0.1309,746.82,624.64,1.8855,warm_soft
1455.44,0.5154,0.1862,0.2496,0.9047,1770.53,1213.78,1.4233,airy_ethereal
999.08,0.6469,0.2304,0.8527,0.4371,2239.34,755.79,1.8909,bright_energetic
204.86,0.2121,0.645,0.4356,0.1288,313.44,117.79,0.7309,deep_calm
121.13,0.3383,0.877,0.3166,0.01,269.37,20.0,0.3581,deep_calm
432.83,0.6141,0.691,0.3839,0.0682,288.01,222.28,1.9157,deep_calm
475.52,0.5097,0.4341,0.5049,0.1976,905.97,732.08,1.7252,warm_soft
2289.95,0.7918,0.2909,0.2708,0.8195,4787.89,1106.74,0.6765,sharp_chaotic
1076.19,0.8585,0.1622,0.4455,0.8763,1816.17,1804.17,0.6487,sharp_chaotic
335.61,0.317,0.8583,0.0779,0.1892,246.53,269.09,0.4346,deep_calm
158.44,0.6343,0.5041,0.4555,0.3876,929.04,485.3,1.8725,warm_soft
690.67,0.7811,0.2197,0.6503,0.6868,4486.67,1731.04,0.3515,sharp_chaotic
61.49,0.1828,0.8202,0.5197,0.0891,50.0,192.47,0.627,deep_calm
74.56,0.2669,0.99,0.1746,0.2016,293.72,260.93,1.0942,deep_calm
409.73,0.4878,0.4151,0.4036,0.0878,639.46,542.98,0.6942,warm_soft
850.97,0.8207,0.2183,0.5023,0.5466,2477.28,830.25,1.509,bright_energetic
330.8,0.1408,0.6745,0.3538,0.1817,1082.28,468.21,0.6451,warm_soft
459.33,0.4093,0.5855,0.6378,0.1956,854.45,596.72,0.2523,warm_soft
407.27,0.6095,0.01,0.4285,0.4803,2113.65,1574.36,1.8704,airy_ethereal
668.22,0.1988,0.1108,0.4226,0.7901,2320.77,438.75,0.6473,airy_ethereal
1898.04,0.8507,0.3489,0.2103,0.9123,3260.15,1829.58,1.4036,sharp_chaotic
39.29,0.2638,0.6333,0.3597,0.126,159.12,179.32,0.5649,deep_calm
676.6,0.187,0.1366,0.4985,0.7027,2770.6,1503.07,1.2413,airy_ethereal
751.17,0.3641,0.1276,0.4529,0.627,2385.93,1145.41,1.1192,airy_ethereal
109.98,0.5428,0.5078,0.6039,0.3098,608.47,424.92,1.9422,warm_soft
1377.84,0.8122,0.2207,0.6588,0.7774,3630.43,1508.67,0.5719,sharp_chaotic
1476.83,0.448,0.0374,0.2507,0.6662,3612.52,1484.43,0.4713,airy_ethereal
881.96,0.565,0.1223,0.4419,0.7053,2039.07,861.9,0.4509,bright_energetic
148.95,0.3783,0.0508,0.2875,0.4156,2313.07,1416.58,1.3677,airy_ethereal
436.83,0.6646,0.5421,0.6263,0.3439,760.73,495.54,0.4813,warm_soft
268.76,0.2692,0.532,0.5796,0.0951,730.74,441.57,1.7112,warm_soft
680.03,0.7917,0.2442,0.7184,0.7559,1498.12,889.69,1.0353,bright_energetic
455.79,0.4712,0.6719,0.7469,0.1926,1128.93,484.85,0.1416,warm_soft
1980.45,0.7458,0.0316,0.3552,0.6684,3180.99,1572.09,0.5323,sharp_chaotic
1449.9,0.9717,0.1559,0.5862,0.6838,2889.34,1188.47,0.219,sharp_chaotic
226.91,0.3063,0.6088,0.4659,0.01,352.74,194.94,0.0645,deep_calm
35.88,0.3333,0.77,0.1752,0.0338,360.37,394.0,0.7732,deep_calm
1095.13,0.4949,0.277,0.2726,0.5541,1847.88,1101.08,0.5214,airy_ethereal
377.77,0.2806,0.7088,0.3857,0.2594,596.93,669.11,0.9954,warm_soft
233.15,0.2904,0.3148,0.6764,0.2031,806.02,461.3,1.1168,warm_soft
1246.83,0.4276,0.075,0.1943,0.79,2608.31,1079.96,0.5044,airy_ethereal
1042.84,0.5936,0.0138,0.2056,0.5909,3080.53,1394.68,0.4771,sharp_chaotic
1124.55,0.8539,0.3698,0.5345,0.7894,3551.92,2126.62,1.0433,sharp_chaotic
1172.44,0.9392,0.3813,0.5179,0.4864,1603.28,837.99,0.183,sharp_chaotic
1196.07,0.281,0.2725,0.7345,0.3987,3486.29,1544.4,1.8812,airy_ethereal
82.41,0.5462,0.7475,0.2526,0.0365,456.46,284.05,0.3573,deep_calm
263.1,0.2289,0.3825,0.8039,0.2933,848.52,432.55,0.1275,warm_soft
508.52,0.5376,0.2667,0.662,0.6538,1236.13,978.53,0.5979,bright_energetic
1116.26,0.8981,0.2492,0.5819,0.6667,3797.12,1604.45,1.5448,sharp_chaotic
378.55,0.4867,0.4395,0.6189,0.3592,998.45,495.32,0.6528,warm_soft
1161.33,0.4617,0.2265,0.6162,0.408,1763.53,1322.73,0.6193,airy_ethereal
1422.93,0.1825,0.0441,0.6361,0.6602,2125.61,1669.47,0.9475,airy_ethereal
850.35,0.2765,0.1187,0.5396,0.6085,1749.34,1710.83,1.6661,airy_ethereal
275.33,0.3372,0.6932,0.2196,0.0627,448.61,101.58,1.0503,deep_calm
838.11,0.8569,0.1745,0.5095,0.4439,1751.01,1060.54,0.5893,bright_energetic
103.23,0.3917,0.6504,0.2749,0.1147,344.55,264.78,0.2301,deep_calm
552.43,0.7403,0.5567,0.486,0.1587,826.57,575.3,0.0202,warm_soft
626.75,0.4069,0.3503,0.6094,0.1936,677.9,226.57,1.6451,warm_soft
1082.42,0.5144,0.1684,0.3774,0.6847,2673.14,1339.89,0.9042,airy_ethereal
249.96,0.334,0.6438,0.0366,0.1186,440.07,300.62,0.4278,deep_calm
2126.02,0.99,0.1985,0.3052,0.8072,3449.4,891.49,1.8777,sharp_chaotic
1010.99,0.2642,0.0141,0.4288,0.8199,2312.55,1526.77,0.5413,airy_ethereal
252.72,0.0957,0.5355,0.5194,0.2376,975.62,345.84,0.5392,warm_soft
671.95,0.6903,0.3063,0.7754,0.5477,2711.33,950.39,0.1082,bright_energetic
165.05,0.3461,0.8383,0.4151,0.1321,345.41,423.29,0.5246,deep_calm
1116.47,0.4655,0.0691,0.6877,0.7672,3254.45,608.34,0.0118,airy_ethereal
504.49,0.5479,0.1688,0.5356,0.6147,2098.39,749.03,0.1752,bright_energetic
1358.8,0.3262,0.2214,0.5385,0.727,2566.06,1427.21,1.128,airy_ethereal
822.96,0.8759,0.1628,0.5564,0.7658,1981.56,1295.61,0.8068,sharp_chaotic
1929.17,0.2263,0.1161,0.3475,0.548,1785.6,1100.2,0.2574,airy_ethereal
806.51,0.9895,0.3953,0.3024,0.7905,2030.11,1809.91,0.3233,sharp_chaotic
1197.57,0.5547,0.1056,0.4004,0.6468,3489.07,1329.72,0.5568,airy_ethereal
1589.76,0.7915,0.0272,0.6845,0.5656,2175.08,1227.89,0.9457,bright_energetic
109.21,0.3656,0.6224,0.3197,0.2105,207.78,327.42,0.0997,deep_calm
464.22,0.5983,0.1702,0.8021,0.706,850.87,1208.31,1.0085,bright_energetic
924.3,0.3136,0.1537,0.3037,0.6554,2624.89,1207.27,1.9313,airy_ethereal
982.83,0.4634,0.1701,0.2726,0.8756,1847.86,1155.48,1.3918,airy_ethereal
242.11,0.2142,0.6356,0.3128,0.01,243.38,373.41,1.9134,deep_calm
1731.88,0.0291,0.1901,0.4491,0.7829,1920.23,461.16,1.9087,airy_ethereal
605.52,0.9689,0.1564,0.6282,0.7552,3871.7,1500.98,1.5391,sharp_chaotic
223.39,0.445,0.7766,0.3245,0.2381,359.48,165.62,1.8431,deep_calm
719.98,0.7284,0.0951,0.811,0.5813,1427.15,430.26,0.9062,bright_energetic
204.33,0.458,0.7631,0.4078,0.1596,427.62,443.65,1.4127,deep_calm
1682.95,0.3934,0.1005,0.3981,0.7415,4164.68,1193.46,1.4794,airy_ethereal
833.38,0.449,0.209,0.2484,0.6401,1903.86,823.7,0.4418,bright_energetic
1012.15,0.6945,0.3239,0.4702,0.4889,1972.6,1110.77,0.3642,bright_energetic
402.64,0.4382,0.7392,0.7504,0.2877,737.34,480.84,1.4068,warm_soft
1381.76,0.5463,0.1664,0.5156,0.6883,2552.15,1648.21,0.2555,airy_ethereal
211.29,0.3375,0.4803,0.2515,0.1898,480.43,285.16,0.2531,deep_calm
1075.01,0.8989,0.14,0.5736,0.6215,2360.79,958.69,1.2792,bright_energetic
263.7,0.6545,0.0811,0.4568,0.7243,1852.86,1044.83,0.9915,bright_energetic
1260.08,0.7993,0.187,0.6463,0.8105,3674.95,1185.32,1.2573,sharp_chaotic
397.94,0.2775,0.6397,0.4968,0.1826,668.74,224.13,1.4341,warm_soft
1007.15,0.4232,0.0638,0.7647,0.3376,1303.09,860.23,1.3702,bright_energetic
1558.46,0.4445,0.2016,0.5341,0.8946,2075.66,1517.62,0.3838,airy_ethereal
1024.56,0.2836,0.0654,0.178,0.6034,2512.75,961.23,0.3912,airy_ethereal
767.4,0.99,0.1422,0.5761,0.4434,2435.46,1046.96,0.1372,bright_energetic
508.5,0.6469,0.2542,0.5948,0.1538,757.46,445.76,0.6609,warm_soft
1072.27,0.7652,0.0701,0.5232,0.5306,1699.15,821.44,0.5134,bright_energetic
226.73,0.5729,0.5378,0.562,0.081,1066.45,230.69,1.2735,warm_soft
1222.38,0.3585,0.1947,0.321,0.9123,4051.1,1155.94,1.3029,airy_ethereal
1306.7,0.9233,0.2107,0.6013,0.6173,2323.61,1693.3,0.2117,sharp_chaotic
907.38,0.6989,0.2022,0.6541,0.4809,1997.75,919.55,0.6771,bright_energetic
1331.92,0.8183,0.3166,0.7447,0.6945,2221.29,1105.44,0.0907,bright_energetic
1513.38,0.875,0.2989,0.4981,0.8506,3822.0,2155.91,1.4718,sharp_chaotic
859.1,0.3092,0.2418,0.4625,0.844,3061.71,1319.55,0.4535,airy_ethereal
1416.24,0.3682,0.0945,0.4789,0.3709,2229.97,851.22,1.4144,airy_ethereal
562.46,0.7778,0.4638,0.4936,0.1642,1200.94,335.29,1.4274,warm_soft
752.69,0.3181,0.1461,0.2553,0.6333,3577.76,1261.01,0.1049,airy_ethereal
2024.19,0.3391,0.1225,0.01,0.8398,2519.06,1834.48,1.475,airy_ethereal
305.54,0.3646,0.5,0.7467,0.1885,1004.78,536.27,1.4822,warm_soft
160.0,0.3878,0.7389,0.2313,0.1629,103.52,496.75,1.5699,deep_calm
874.75,0.374,0.0896,0.4611,0.6794,2174.57,670.43,0.515,airy_ethereal
1383.73,0.2782,0.01,0.3057,0.448,1618.37,1561.39,1.5561,airy_ethereal
159.1,0.4091,0.6324,0.1885,0.2118,273.34,363.21,0.9876,deep_calm
20.0,0.3402,0.4803,0.1896,0.01,493.44,200.8,1.3773,deep_calm
919.57,0.3123,0.275,0.2405,0.6804,2144.94,1413.96,1.497,airy_ethereal
264.92,0.6431,0.4025,0.5804,0.1999,591.14,815.81,1.0344,warm_soft
204.64,0.5024,0.2958,0.4308,0.3057,741.58,455.75,1.8732,warm_soft
20.0,0.3832,0.6668,0.2343,0.241,232.05,270.93,0.7631,deep_calm
1172.42,0.9438,0.3503,0.8221,0.6723,2383.91,2201.82,1.8039,sharp_chaotic
328.38,0.4604,0.6716,0.5484,0.2358,1132.95,368.58,1.6927,warm_soft
217.43,0.5751,0.2101,0.6233,0.7157,2603.96,1046.92,0.5009,bright_energetic
613.17,0.4052,0.4612,0.4422,0.1248,639.2,463.54,0.028,warm_soft
517.79,0.367,0.4943,0.7453,0.207,694.51,605.24,1.8672,warm_soft
151.94,0.3632,0.6442,0.3221,0.1727,292.36,104.26,0.4243,deep_calm
1400.5,0.1316,0.096,0.2269,0.624,1632.06,883.59,0.1974,airy_ethereal
194.42,0.1306,0.9248,0.3288,0.0195,53.43,194.06,1.714,deep_calm
1630.34,0.01,0.1567,0.2857,0.6375,3850.62,827.65,1.5852,airy_ethereal
1725.06,0.9162,0.3532,0.5152,0.8604,3529.29,1509.66,0.7651,sharp_chaotic
383.27,0.3674,0.01,0.3227,0.7293,2278.83,1137.77,0.1558,airy_ethereal
1787.62,0.4594,0.0811,0.5001,0.3895,2734.55,1016.97,1.8344,airy_ethereal
2734.4,0.5567,0.4752,0.2997,0.9402,3574.86,1611.2,0.9756,sharp_chaotic
2244.56,0.6206,0.3487,0.7985,0.6779,4209.73,1448.58,0.9683,sharp_chaotic
950.78,0.9091,0.2605,0.5591,0.5593,1575.56,808.76,0.4485,bright_energetic
1393.62,0.7085,0.01,0.5245,0.5674,3324.14,1236.26,1.0534,sharp_chaotic
1397.44,0.7786,0.2834,0.01,0.5218,3081.23,804.84,1.7406,sharp_chaotic
178.91,0.01,0.8213,0.312,0.0704,158.07,57.03,1.5533,deep_calm
2129.08,0.7461,0.2047,0.529,0.99,2704.17,1218.95,0.3109,sharp_chaotic
506.51,0.6227,0.6034,0.5044,0.1976,590.49,205.9,1.9822,warm_soft
1766.37,0.2901,0.01,0.5176,0.7013,1988.3,1149.64,1.6509,airy_ethereal
231.9,0.8524,0.2979,0.4462,0.5249,2064.37,608.7,0.0377,bright_energetic
182.08,0.5867,0.5266,0.5691,0.2073,401.71,408.91,0.5379,warm_soft
855.84,0.8688,0.4159,0.5725,0.7288,1570.24,933.71,1.213,bright_energetic
664.77,0.9705,0.2645,0.2599,0.7921,2422.64,1115.19,1.1376,bright_energetic
548.66,0.3053,0.45,0.3834,0.2849,958.4,336.02,1.6733,warm_soft
189.96,0.0439,0.6871,0.2008,0.1304,484.86,20.0,1.765,deep_calm
266.33,0.5433,0.5148,0.7193,0.2673,358.26,361.0,0.6051,warm_soft
2484.01,0.6133,0.3274,0.646,0.6549,3119.82,1132.5,0.0383,sharp_chaotic
39.51,0.2687,0.657,0.3526,0.0414,181.32,192.35,1.6913,deep_calm
429.73,0.3413,0.6473,0.5647,0.2858,902.77,541.33,1.6634,warm_soft
45.44,0.3785,0.8251,0.2514,0.1518,576.04,338.42,1.4606,deep_calm
1324.05,0.2753,0.082,0.3749,0.377,1812.09,1310.87,0.5448,airy_ethereal
370.87,0.4265,0.2361,0.9788,0.2404,553.67,524.32,1.823,warm_soft
681.4,0.4464,0.1533,0.7039,0.2387,375.36,428.16,0.5375,warm_soft
1622.89,0.7501,0.2153,0.4549,0.9707,4179.89,1802.69,1.341,sharp_chaotic
485.09,0.4817,0.5618,0.4303,0.2631,775.63,713.75,1.7867,warm_soft
986.41,0.6209,0.2843,0.549,0.7582,1976.65,615.19,0.7877,bright_energetic
455.09,0.6739,0.6749,0.7009,0.0622,482.19,436.29,1.3334,warm_soft
234.84,0.32,0.5682,0.4449,0.187,414.71,179.21,0.0843,warm_soft
599.35,0.5836,0.4499,0.8489,0.8846,2278.78,1045.86,0.8241,bright_energetic
1246.39,0.73,0.01,0.5847,0.6702,2166.19,1343.38,0.5158,bright_energetic
270.68,0.4488,0.8952,0.01,0.1938,220.42,171.14,0.0353,deep_calm
1008.76,0.5368,0.1363,0.3958,0.7563,3215.15,1025.2,1.7438,airy_ethereal
281.49,0.5573,0.7199,0.6072,0.01,574.89,147.71,1.7203,warm_soft
828.56,0.6113,0.2908,0.5772,0.8369,2347.66,665.65,0.2083,bright_energetic
721.04,0.7818,0.3039,0.7113,0.6584,2115.05,1007.08,1.026,bright_energetic
955.96,0.5171,0.0304,0.5666,0.458,1907.03,593.85,0.3894,bright_energetic
75.38,0.1994,0.6153,0.3266,0.2119,485.32,391.66,1.0431,deep_calm
920.68,0.5198,0.1306,0.3466,0.7036,3327.24,1452.0,0.303,airy_ethereal
1904.59,0.99,0.3304,0.44,0.5757,2900.32,1969.64,0.4088,sharp_chaotic
229.39,0.2292,0.7267,0.4787,0.1165,340.73,367.78,1.0965,deep_calm
870.96,0.3724,0.1331,0.4223,0.4632,2347.58,872.18,0.8339,airy_ethereal
180.12,0.371,0.6925,0.3019,0.0471,224.81,20.0,0.0754,deep_calm
1397.47,0.4214,0.1278,0.3112,0.5903,2309.73,999.24,1.4316,airy_ethereal
1090.72,0.554,0.1902,0.8201,0.5717,2698.33,581.07,1.6642,bright_energetic
917.75,0.7076,0.2314,0.5288,0.5275,1776.88,617.67,1.6413,bright_energetic
1444.6,0.3644,0.0768,0.4865,0.5571,1758.11,1137.57,1.1281,airy_ethereal
643.67,0.3641,0.1733,0.1405,0.6062,2832.4,1000.33,1.1987,airy_ethereal
553.2,0.5488,0.5908,0.5308,0.1054,760.16,417.89,0.132,warm_soft
138.92,0.3693,0.549,0.3537,0.037,453.48,254.51,1.9915,deep_calm
1371.57,0.7902,0.1922,0.7361,0.608,2866.03,1439.17,0.1845,bright_energetic
342.16,0.2957,0.5653,0.4178,0.1132,248.8,196.86,1.4433,deep_calm
1136.17,0.6449,0.014,0.5808,0.3817,1649.65,1250.58,1.2121,bright_energetic
1343.49,0.6631,0.2093,0.1219,0.8378,2555.04,1538.54,1.5516,sharp_chaotic
865.67,0.7191,0.2851,0.6317,0.7255,1558.45,1124.65,1.749,bright_energetic
1625.64,0.7212,0.4313,0.7483,0.99,3572.97,1854.1,1.36,sharp_chaotic
876.09,0.8824,0.01,0.5553,0.5492,2522.54,879.92,0.747,bright_energetic
753.97,0.4895,0.1899,0.3476,0.7448,2103.43,1253.73,1.6639,airy_ethereal
204.09,0.2763,0.8224,0.3621,0.0594,231.98,266.28,1.5575,deep_calm
1378.88,0.4548,0.1087,0.6285,0.4662,2284.95,1039.78,1.6033,bright_energetic
860.67,0.1951,0.1796,0.4033,0.5218,2330.42,1686.65,0.7465,airy_ethereal
1199.49,0.7097,0.1461,0.6513,0.8798,1700.95,927.11,0.1404,bright_energetic
241.72,0.4935,0.7001,0.2095,0.234,316.54,274.14,0.2713,deep_calm
235.56,0.7177,0.1504,0.71,0.2588,1399.61,704.05,1.422,warm_soft
509.44,0.9161,0.0335,0.5168,0.5365,2579.42,810.67,0.2049,bright_energetic
1599.4,0.4529,0.2882,0.3877,0.9678,2943.98,1881.1,1.3854,sharp_chaotic
1191.44,0.9691,0.1902,0.6011,0.8547,3507.93,861.97,1.7917,sharp_chaotic
192.44,0.4134,0.8078,0.1918,0.195,253.72,103.87,1.7473,deep_calm
874.24,0.2017,0.2064,0.5165,0.5382,2560.15,1079.22,1.9185,airy_ethereal
1335.28,0.8396,0.3553,0.785,0.7007,3188.18,1326.92,1.1991,sharp_chaotic
396.22,0.4514,0.6598,0.6911,0.3956,654.9,450.34,0.7569,warm_soft
578.04,0.3619,0.1528,0.3749,0.5414,3025.86,1039.29,1.7575,airy_ethereal
141.88,0.3044,0.6204,0.1704,0.1697,228.06,116.4,0.3251,deep_calm
1229.29,0.8888,0.2708,0.39,0.8214,3335.1,2353.47,0.941,sharp_chaotic
1352.2,0.0521,0.1342,0.4314,0.4826,1187.6,1514.56,1.9993,airy_ethereal
958.66,0.3315,0.126,0.504,0.9156,2911.63,1793.71,1.5848,airy_ethereal
940.67,0.7784,0.2881,0.5534,0.99,798.83,775.71,1.0615,bright_energetic
120.71,0.3236,0.6136,0.5676,0.2496,159.18,586.99,0.6884,warm_soft
1750.14,0.7834,0.4521,0.329,0.99,2099.5,1534.83,0.7447,sharp_chaotic
757.01,0.7538,0.1769,0.5374,0.5162,2203.59,1172.22,1.4401,bright_energetic
1086.93,0.9196,0.2234,0.0458,0.7281,4220.42,1196.12,0.0378,sharp_chaotic
1655.35,0.9794,0.3493,0.4018,0.7812,3808.89,1330.56,0.5722,sharp_chaotic
1214.49,0.3508,0.2008,0.3216,0.6474,2096.42,1201.51,0.9885,airy_ethereal
395.32,0.3726,0.5474,0.5734,0.193,759.55,557.83,1.1521,warm_soft
871.13,0.6559,0.2767,0.3993,0.829,2909.97,1219.46,0.5395,airy_ethereal
869.04,0.481,0.1559,0.5163,0.7056,1570.7,938.25,0.1412,airy_ethereal
313.74,0.2691,0.6168,0.5173,0.1616,849.99,325.61,0.0353,warm_soft
989.73,0.99,0.0734,0.5369,0.9218,3681.64,1767.58,1.4794,sharp_chaotic
112.52,0.5096,0.6794,0.2734,0.3368,141.65,37.36,0.5014,deep_calm
744.8,0.597,0.1782,0.729,0.8277,1702.37,1158.29,0.3148,bright_energetic
979.8,0.7644,0.2053,0.4232,0.8447,1390.06,987.2,0.8877,bright_energetic
898.8,0.9076,0.2055,0.639,0.511,1925.0,823.89,0.2582,bright_energetic
783.41,0.847,0.1118,0.7027,0.7146,1840.67,910.87,1.0131,bright_energetic
211.44,0.094,0.6086,0.2297,0.0351,187.97,345.47,1.8995,deep_calm
380.44,0.8219,0.01,0.9177,0.7218,2932.99,897.11,0.4022,bright_energetic
1614.63,0.9889,0.2956,0.6045,0.6924,1505.99,986.48,1.9193,bright_energetic
77.39,0.4713,0.6256,0.3539,0.1018,694.02,25.49,1.2257,deep_calm
118.96,0.344,0.6653,0.3693,0.076,189.22,401.6,0.7839,deep_calm
936.66,0.907,0.2218,0.6229,0.7281,2270.04,1199.3,1.8898,bright_energetic
563.7,0.5961,0.424,0.5882,0.1231,1037.35,195.51,1.3776,warm_soft
182.62,0.1439,0.643,0.3746,0.2183,659.3,333.74,0.9927,deep_calm
758.55,0.7461,0.265,0.661,0.655,1751.57,881.26,1.5951,bright_energetic
1688.04,0.99,0.232,0.5194,0.7963,3192.35,1426.25,1.9278,sharp_chaotic
244.24,0.443,0.638,0.4372,0.169,303.22,337.85,0.6556,deep_calm
186.49,0.4292,0.7361,0.1784,0.2157,437.18,202.01,0.0793,deep_calm
299.49,0.1012,0.8214,0.4058,0.2157,375.31,359.86,1.8172,deep_calm
701.18,0.9088,0.3363,0.756,0.2892,2244.8,1106.04,0.3502,bright_energetic
175.78,0.4566,0.6204,0.4134,0.2407,978.76,722.39,1.2937,warm_soft
1403.34,0.5249,0.0484,0.2667,0.4592,2450.49,784.24,0.2457,airy_ethereal
2238.39,0.7606,0.2621,0.1658,0.7503,2939.17,1568.11,1.1728,sharp_chaotic
514.66,0.7271,0.1246,0.5559,0.8459,1860.18,607.31,0.4784,bright_energetic
1089.26,0.4807,0.181,0.3255,0.4605,1912.24,1572.13,1.2258,airy_ethereal
699.78,0.2276,0.3453,0.5834,0.0834,1220.06,267.36,0.8952,warm_soft
364.39,0.2584,0.7026,0.0896,0.0694,425.18,298.1,1.2116,deep_calm
658.42,0.8811,0.3169,0.5742,0.6008,2151.83,896.9,0.3546,bright_energetic
569.91,0.7356,0.01,0.6243,0.9738,3685.06,2315.0,1.9084,sharp_chaotic
1040.33,0.748,0.2915,0.659,0.5516,1940.71,762.34,0.3569,bright_energetic
491.9,0.6048,0.0783,0.4933,0.5157,2739.6,1821.61,1.911,sharp_chaotic
1016.48,0.7265,0.01,0.6518,0.4549,2029.93,1085.65,0.7067,bright_energetic
2217.37,0.9896,0.2673,0.5126,0.99,2333.98,1695.77,1.7092,sharp_chaotic
83.52,0.4352,0.8971,0.4496,0.097,394.41,420.48,1.9333,deep_calm
1122.03,0.5836,0.3764,0.51,0.7502,2236.35,1495.19,1.8135,sharp_chaotic
694.03,0.3511,0.1075,0.1961,0.3433,2673.12,1176.9,1.2586,airy_ethereal
1084.68,0.1428,0.1616,0.3748,0.4481,2545.54,1740.25,0.0235,airy_ethereal
428.62,0.639,0.1147,0.5869,0.4421,2398.17,1583.78,0.0074,bright_energetic
730.09,0.732,0.2442,0.518,0.5159,2338.97,614.6,0.782,bright_energetic
1016.54,0.3505,0.1939,0.2543,0.8686,3061.76,1107.13,1.6615,airy_ethereal
1972.86,0.7485,0.01,0.6341,0.6354,2487.82,1499.76,1.7518,sharp_chaotic
320.43,0.2523,0.4437,0.3276,0.2897,1361.16,534.78,1.7606,warm_soft
1070.45,0.7212,0.1781,0.6555,0.6018,1879.11,756.23,0.2643,bright_energetic
2413.54,0.902,0.3216,0.573,0.8955,2675.41,1204.56,1.7902,sharp_chaotic
693.06,0.2696,0.0906,0.3551,0.7659,2461.24,820.06,1.4648,airy_ethereal
47.5,0.5701,0.724,0.4955,0.2445,642.94,174.64,0.9943,warm_soft
135.92,0.1785,0.7142,0.2479,0.01,714.61,365.86,0.4091,deep_calm
166.33,0.7893,0.01,0.6658,0.6732,1711.69,838.42,0.4132,bright_energetic
274.44,0.4599,0.8006,0.1015,0.2961,70.31,183.5,1.3817,deep_calm
2276.6,0.7368,0.3243,0.3297,0.7902,2576.87,1947.1,1.101,sharp_chaotic
70.51,0.2157,0.6676,0.3071,0.0941,50.0,314.37,0.2767,deep_calm
818.77,0.6167,0.2136,0.9039,0.5229,853.9,868.17,0.9493,bright_energetic
653.86,0.6185,0.1791,0.7261,0.6054,2561.86,1177.56,0.6675,bright_energetic
1242.78,0.8635,0.3129,0.4646,0.6222,4606.03,2192.93,1.464,sharp_chaotic
414.71,0.4754,0.3221,0.6625,0.2105,897.2,493.21,1.0834,warm_soft
88.11,0.3519,0.7285,0.4957,0.087,209.42,309.0,0.3359,deep_calm
625.96,0.6729,0.01,0.7168,0.7049,2067.01,937.88,0.0427,bright_energetic
717.75,0.3055,0.2383,0.3673,0.2641,783.7,548.51,0.4619,warm_soft
854.86,0.743,0.1776,0.6483,0.4059,2331.71,1287.52,1.5894,bright_energetic
533.64,0.7364,0.0556,0.6639,0.99,3697.3,1694.52,0.0856,sharp_chaotic
1077.54,0.7778,0.3357,0.471,0.393,1996.67,823.05,0.5795,bright_energetic
766.45,0.329,0.124,0.2326,0.6968,1959.95,457.35,1.5134,airy_ethereal
468.1,0.6152,0.4024,0.6147,0.1832,602.57,456.83,0.9207,warm_soft
1586.33,0.827,0.451,0.5863,0.99,3201.24,1289.28,0.5685,sharp_chaotic
638.37,0.4499,0.1522,0.3448,0.6564,2752.94,1118.73,0.3915,airy_ethereal
753.32,0.1655,0.0203,0.2003,0.6712,2452.79,238.8,0.5535,airy_ethereal
653.35,0.4083,0.2835,0.6373,0.1796,509.94,622.61,0.3283,warm_soft
1430.66,0.7962,0.321,0.2503,0.8814,2946.45,1061.22,1.4503,sharp_chaotic
591.95,0.82,0.255,0.5589,0.8549,1240.34,675.89,0.6189,bright_energetic
223.69,0.6839,0.3249,0.4249,0.0424,648.74,238.38,1.5397,warm_soft
405.43,0.7277,0.1861,0.9479,0.4421,1970.58,760.02,1.393,bright_energetic
990.33,0.3265,0.2941,0.4524,0.7877,2806.82,617.68,0.19,airy_ethereal
1034.02,0.6261,0.098,0.2836,0.783,3165.96,850.94,0.0171,airy_ethereal
1155.09,0.5237,0.2664,0.664,0.6729,2274.66,686.28,1.8353,bright_energetic
1196.04,0.2368,0.2161,0.4336,0.7797,2719.17,1356.36,1.2042,airy_ethereal
294.29,0.3082,0.5266,0.5293,0.265,647.93,556.58,1.987,warm_soft
20.0,0.2293,0.0315,0.6276,0.7822,3022.16,1071.07,0.7087,airy_ethereal
890.1,0.7172,0.2497,0.5827,0.8332,2173.23,1011.9,1.8152,bright_energetic
1112.89,0.2245,0.1658,0.462,0.6881,2236.79,1285.5,0.5499,airy_ethereal
41.31,0.451,0.0882,0.1775,0.6059,1084.07,772.96,0.7518,airy_ethereal
1878.99,0.794,0.1613,0.6277,0.5998,2534.82,2074.65,1.7986,sharp_chaotic
1602.27,0.696,0.1644,0.5514,0.99,1533.56,1292.6,1.9707,bright_energetic
1173.45,0.6657,0.3889,0.6643,0.7509,1586.43,1051.08,0.5774,bright_energetic
1235.23,0.3071,0.0618,0.2311,0.5616,2360.22,802.32,0.9387,airy_ethereal
1003.05,0.6913,0.1971,0.8159,0.4632,1780.02,623.12,0.8232,bright_energetic
314.07,0.4056,0.4782,0.5537,0.0399,1174.52,536.13,1.365,warm_soft
1927.74,0.99,0.1774,0.7135,0.7309,4899.73,2373.56,0.889,sharp_chaotic
497.18,0.6971,0.4586,0.7252,0.8196,1852.21,840.89,1.2849,bright_energetic
621.19,0.6697,0.559,0.4081,0.1101,252.12,670.84,0.3198,warm_soft
20.0,0.4633,0.7083,0.4366,0.218,50.0,292.11,1.9701,deep_calm
305.65,0.3289,0.3676,0.4658,0.0774,503.51,366.34,1.6627,warm_soft
1603.27,0.8975,0.21,0.6461,0.7203,3157.45,1701.32,0.1284,sharp_chaotic
1346.89,0.3792,0.353,0.7003,0.615,3873.76,1614.4,1.5246,sharp_chaotic
20.0,0.1834,0.0569,0.5793,0.5269,2176.21,295.44,0.4333,airy_ethereal
807.46,0.7566,0.0112,0.7832,0.6251,1959.41,926.15,1.0008,bright_energetic
1149.58,0.2024,0.1744,0.244,0.9181,3268.76,1132.59,0.8294,airy_ethereal
1575.87,0.635,0.1219,0.39,0.8007,2788.65,2068.42,0.2153,sharp_chaotic
1471.41,0.6576,0.1568,0.4612,0.7591,1706.95,1415.82,0.3068,sharp_chaotic
100.01,0.3599,0.9736,0.3393,0.1093,309.61,27.66,0.9825,deep_calm
1191.21,0.2869,0.1114,0.4517,0.6438,2954.35,1075.91,1.2275,airy_ethereal
766.35,0.2706,0.1396,0.5002,0.6753,2983.83,1378.82,0.6859,airy_ethereal
671.64,0.7755,0.1129,0.5806,0.6751,1939.61,449.23,0.7031,bright_energetic
188.95,0.4397,0.7199,0.1964,0.1594,353.28,437.36,1.1353,deep_calm
741.14,0.8149,0.3392,0.4256,0.621,3289.04,2032.1,1.4802,sharp_chaotic
166.39,0.3519,0.8356,0.2931,0.091,549.5,234.28,1.7138,deep_calm
66.47,0.2678,0.3609,0.5892,0.1465,519.94,443.94,0.7477,warm_soft
134.93,0.5308,0.7368,0.2251,0.1658,291.14,331.02,0.142,deep_calm
311.33,0.4271,0.4882,0.627,0.0948,756.33,704.75,1.7053,warm_soft
196.57,0.4412,0.6235,0.3926,0.01,50.0,288.6,0.8768,deep_calm
1110.43,0.8648,0.1212,0.6487,0.7601,1582.26,1165.61,0.542,bright_energetic
200.94,0.3216,0.7214,0.38,0.01,132.03,114.17,0.9859,deep_calm
270.16,0.1716,0.6954,0.015,0.1306,50.0,249.23,1.1541,deep_calm
738.73,0.3382,0.1756,0.5594,0.4955,2261.75,469.3,1.3009,airy_ethereal
733.77,0.4065,0.1792,0.4872,0.5102,2981.55,1382.84,1.3063,airy_ethereal
1365.26,0.7986,0.0308,0.4273,0.9415,3563.49,1709.17,1.4807,sharp_chaotic
215.63,0.5332,0.6616,0.2731,0.01,270.81,323.22,1.1112,deep_calm
158.46,0.5167,0.4975,0.3165,0.1978,244.97,226.71,1.0135,deep_calm
1390.81,0.7305,0.2092,0.6422,0.9198,4070.93,1507.97,1.1596,sharp_chaotic
869.09,0.4413,0.2585,0.2507,0.5489,2159.57,1096.99,0.3964,airy_ethereal
1154.86,0.4008,0.1952,0.2753,0.5413,1878.8,1247.32,1.9484,airy_ethereal
645.28,0.1967,0.0615,0.4364,0.2981,2098.59,1391.64,0.1744,airy_ethereal
154.24,0.3623,0.7833,0.3579,0.066,259.89,117.54,0.5908,deep_calm
1755.64,0.6458,0.1301,0.388,0.8418,4487.26,1798.87,1.0547,sharp_chaotic
1372.04,0.7192,0.1947,0.4708,0.8987,3428.56,2633.29,1.8905,sharp_chaotic
1263.73,0.8062,0.4254,0.4106,0.7975,2198.71,2402.79,1.2141,sharp_chaotic
313.13,0.2196,0.4955,0.481,0.1223,383.53,464.82,0.3627,deep_calm
178.89,0.3452,0.8449,0.3135,0.01,132.05,252.9,0.7155,deep_calm
1881.33,0.3543,0.0598,0.3157,0.5053,2725.27,1365.32,1.8113,airy_ethereal
379.43,0.523,0.01,0.3037,0.8352,2742.43,1829.84,1.3081,airy_ethereal
1144.9,0.5221,0.0438,0.2641,0.7786,3417.32,1546.95,1.8671,airy_ethereal
20.0,0.2589,0.6074,0.2891,0.083,50.0,197.07,0.3247,deep_calm
735.22,0.5475,0.3738,0.8462,0.735,3082.5,902.23,1.4357,bright_energetic
656.34,0.8095,0.2087,0.6556,0.3609,2133.91,1240.66,1.9787,bright_energetic
950.96,0.717,0.3604,0.7694,0.5668,1445.26,1391.14,1.551,bright_energetic
1000.91,0.702,0.2446,0.4857,0.8507,2147.99,451.74,0.1364,bright_energetic
1219.46,0.1875,0.0638,0.1841,0.6572,2001.61,1338.4,1.6503,airy_ethereal
1523.38,0.8207,0.0955,0.4047,0.7837,6244.29,1737.94,0.2043,sharp_chaotic
1178.69,0.3829,0.1273,0.3008,0.5623,1605.59,1880.61,1.1148,airy_ethereal
1180.03,0.8695,0.01,0.6301,0.5627,2547.98,1882.36,1.5823,sharp_chaotic
353.43,0.3928,0.4764,0.6238,0.1611,798.32,364.44,0.3543,warm_soft
271.71,0.5603,0.6211,0.1434,0.2039,429.67,158.76,0.0404,deep_calm
421.9,0.6583,0.4436,0.4242,0.4096,2117.12,755.11,1.7149,bright_energetic
197.09,0.5067,0.7355,0.1408,0.1261,310.55,248.96,0.0724,deep_calm
1749.0,0.5766,0.1556,0.5735,0.9694,3130.48,973.38,0.3097,sharp_chaotic
1766.03,0.99,0.1799,0.419,0.8093,3921.24,2153.26,1.7163,sharp_chaotic
1849.72,0.8426,0.2165,0.6624,0.7549,4004.85,1135.53,0.3757,sharp_chaotic
182.8,0.75,0.8456,0.3328,0.1681,50.0,326.65,1.1736,deep_calm
213.02,0.4591,0.5812,0.5832,0.1422,1328.28,287.89,0.7691,warm_soft
810.81,0.6763,0.2391,0.7207,0.5068,1402.56,681.71,1.4209,bright_energetic
1758.85,0.4797,0.2131,0.4908,0.528,2406.92,914.61,0.0257,airy_ethereal
715.21,0.2139,0.1041,0.4698,0.5385,4090.38,1232.06,0.5569,airy_ethereal
401.17,0.5067,0.8133,0.1514,0.0561,295.52,191.74,1.4888,deep_calm
170.44,0.1991,0.5203,0.4935,0.1668,634.93,173.65,0.2898,deep_calm
437.69,0.5926,0.1944,0.7592,0.5977,2235.23,996.49,0.8588,bright_energetic
1354.02,0.9153,0.3745,0.7945,0.854,4736.15,2268.29,1.8578,sharp_chaotic
512.09,0.7751,0.2164,0.5866,0.7616,3864.4,1688.52,0.5452,sharp_chaotic
478.15,0.7181,0.433,0.361,0.2964,601.72,715.23,1.0141,warm_soft
1607.13,0.714,0.2396,0.4457,0.9895,2827.95,867.97,1.6785,sharp_chaotic
986.57,0.8602,0.2291,0.5261,0.8344,2524.85,2014.69,0.1897,sharp_chaotic
1174.94,0.6456,0.2469,0.5623,0.6515,3883.16,1600.77,0.8271,sharp_chaotic
1371.69,0.5517,0.3509,0.4,0.5216,2203.82,1125.69,1.1117,bright_energetic
306.34,0.5078,0.6321,0.3771,0.1217,213.45,221.44,1.2991,deep_calm
1390.41,0.581,0.2843,0.5453,0.696,2439.48,485.42,0.4976,bright_energetic
812.08,0.3864,0.2274,0.5084,0.7567,2113.21,1143.59,0.4642,airy_ethereal
619.4,0.7491,0.3858,0.6522,0.2429,861.52,734.52,0.1613,warm_soft
283.3,0.3235,0.9048,0.3062,0.1914,266.11,207.62,0.4556,deep_calm
838.22,0.7412,0.2194,0.5628,0.3034,1387.74,850.29,0.0728,bright_energetic
1261.49,0.0754,0.1944,0.2649,0.6368,2017.58,1280.61,0.7861,airy_ethereal
1305.63,0.8442,0.2469,0.411,0.7013,1914.38,1834.21,0.1116,sharp_chaotic
784.74,0.6715,0.2333,0.4289,0.6334,907.12,819.24,0.2505,bright_energetic
181.03,0.24,0.8097,0.3739,0.0758,356.62,302.96,0.0259,deep_calm
1634.26,0.5905,0.4462,0.5865,0.6514,3287.93,1506.84,0.101,sharp_chaotic
486.39,0.6558,0.4572,0.8537,0.0518,564.17,513.22,1.0149,warm_soft
602.5,0.8199,0.2547,0.5379,0.4809,2318.0,998.94,1.8668,bright_energetic
175.16,0.6178,0.7706,0.2504,0.2098,517.34,284.08,0.3861,deep_calm
815.06,0.7219,0.1867,0.465,0.7094,2390.09,1308.78,0.8979,bright_energetic
147.9,0.2585,0.1913,0.8297,0.1735,877.42,557.23,1.1711,warm_soft
613.11,0.7615,0.1237,0.5152,0.5891,1027.31,831.54,0.1123,bright_energetic
838.59,0.3131,0.1188,0.2408,0.8384,3650.67,1518.06,0.0232,airy_ethereal
1522.27,0.753,0.1944,0.4463,0.4636,3848.65,1426.04,1.7779,sharp_chaotic
1854.98,0.8915,0.365,0.7315,0.8587,2924.28,970.97,1.9558,sharp_chaotic
939.72,0.754,0.318,0.8683,0.5876,1966.06,1163.39,1.2507,bright_energetic
450.02,0.6138,0.6807,0.5772,0.2176,296.66,508.62,1.9644,warm_soft
349.36,0.3578,0.1753,0.3355,0.5473,1947.96,1498.2,0.6579,airy_ethereal
196.92,0.7433,0.7158,0.3455,0.2626,58.34,252.81,1.8052,deep_calm
316.42,0.3376,0.882,0.4096,0.01,576.87,363.1,0.1528,warm_soft
394.04,0.4843,0.4415,0.6589,0.246,745.84,607.36,1.9209,warm_soft
73.01,0.1276,0.6717,0.3622,0.1458,357.6,205.66,0.7568,deep_calm
747.7,0.6025,0.1533,0.4842,0.5685,2140.16,350.83,1.3872,bright_energetic
1272.16,0.9151,0.2738,0.6627,0.6702,2053.59,1038.69,0.7135,bright_energetic
950.86,0.492,0.0725,0.2021,0.7474,1790.4,1420.03,0.0603,airy_ethereal
987.75,0.8515,0.2608,0.99,0.5862,1535.64,1097.63,0.0204,bright_energetic
221.7,0.647,0.7494,0.2341,0.0977,673.19,287.87,1.7083,deep_calm
143.68,0.4196,0.5788,0.7857,0.2496,400.37,255.08,0.0778,warm_soft
335.13,0.2559,0.6117,0.218,0.01,375.43,111.73,1.1853,deep_calm
180.34,0.4682,0.6142,0.2738,0.1689,478.95,440.38,1.607,deep_calm
1254.29,0.3248,0.1194,0.531,0.845,3215.7,1628.77,1.8009,airy_ethereal
161.9,0.1994,0.7969,0.2555,0.0585,430.68,504.65,0.0267,deep_calm
1171.95,0.3261,0.01,0.5179,0.6378,3390.82,1462.09,1.2324,airy_ethereal
248.66,0.4168,0.4634,0.2811,0.01,216.1,108.73,0.7616,deep_calm
1474.03,0.6689,0.2283,0.3473,0.953,2690.64,1860.78,1.6633,sharp_chaotic
41.95,0.2626,0.5754,0.3661,0.2485,180.93,20.0,0.8136,deep_calm
106.56,0.7879,0.2039,0.726,0.7372,2283.42,1373.9,0.4234,bright_energetic
1076.19,0.4012,0.116,0.5603,0.625,2329.64,1417.74,1.03,airy_ethereal
166.17,0.0172,0.7332,0.069,0.2159,618.2,73.51,1.4814,deep_calm
935.72,0.7122,0.2213,0.4179,0.436,2283.07,1219.9,1.1327,bright_energetic
950.5,0.4035,0.2208,0.4689,0.5084,2917.71,1013.93,1.0155,airy_ethereal
173.04,0.2862,0.8417,0.1777,0.2814,207.37,339.99,0.8042,deep_calm
923.67,0.7932,0.3436,0.6077,0.7185,1383.63,1168.69,0.0407,bright_energetic
131.04,0.4059,0.602,0.6545,0.1288,145.51,316.42,0.6473,warm_soft
468.06,0.5288,0.6757,0.4847,0.0663,678.18,20.0,0.5599,warm_soft
213.19,0.0965,0.6232,0.4349,0.2705,505.74,72.34,1.2021,deep_calm
742.31,0.6644,0.0148,0.7201,0.6396,1176.78,821.51,1.6281,bright_energetic
1186.69,0.2746,0.0956,0.19,0.4654,2886.31,751.55,1.7557,airy_ethereal
1881.65,0.5861,0.2092,0.5782,0.8296,2967.69,1482.64,1.5683,sharp_chaotic
1090.68,0.9329,0.2392,0.1769,0.7177,2778.56,1371.41,1.6366,sharp_chaotic
208.03,0.3723,0.7806,0.1673,0.0887,340.17,398.57,0.1102,deep_calm
848.82,0.7393,0.2587,0.8797,0.896,2380.25,869.45,1.4569,bright_energetic
967.59,0.4289,0.1052,0.2809,0.5735,2624.08,1861.3,1.8511,airy_ethereal
692.12,0.3505,0.2639,0.4146,0.5556,3180.32,1352.77,0.0047,airy_ethereal
216.72,0.2459,0.7415,0.1166,0.01,273.5,236.19,1.3064,deep_calm
235.49,0.3954,0.1348,0.1972,0.6245,3253.69,1157.16,0.691,airy_ethereal
200.54,0.2224,0.6998,0.2467,0.01,211.52,86.44,0.1284,deep_calm
522.63,0.8178,0.2183,0.8064,0.5856,2709.46,646.55,0.6229,bright_energetic
1475.43,0.5208,0.2628,0.5459,0.5798,1753.42,1038.79,0.1404,bright_energetic
184.6,0.2618,0.7596,0.3493,0.2739,380.29,190.6,0.2492,deep_calm
915.79,0.8881,0.2179,0.7008,0.6648,2404.39,1015.35,0.5812,bright_energetic
371.84,0.5044,0.7999,0.6265,0.2286,522.61,462.18,1.4729,warm_soft
102.67,0.2631,0.6772,0.1714,0.1786,432.94,210.6,1.6994,deep_calm
828.17,0.5448,0.2086,0.7303,0.4817,1905.33,1020.74,0.0779,bright_energetic
1294.46,0.7764,0.5032,0.2827,0.99,3495.91,1220.84,0.5359,sharp_chaotic
115.91,0.3814,0.6751,0.5115,0.0502,384.92,301.97,1.3491,deep_calm
993.91,0.2338,0.0857,0.4473,0.4904,3142.25,1188.84,1.8361,airy_ethereal
764.98,0.8681,0.2088,0.6835,0.5283,2355.81,1236.89,1.3876,bright_energetic
745.72,0.2941,0.0384,0.4608,0.8273,3580.63,928.34,0.0849,airy_ethereal
1149.7,0.7224,0.3293,0.438,0.7927,1983.53,1920.41,0.543,sharp_chaotic
1244.39,0.3459,0.2436,0.4749,0.6295,1681.97,1693.03,1.8555,airy_ethereal
559.11,0.2504,0.3358,0.605,0.1664,765.01,492.3,0.2566,warm_soft
1288.05,0.184,0.0502,0.349,0.6101,2768.72,672.06,1.2412,airy_ethereal
896.44,0.1011,0.0222,0.1969,0.3296,3423.0,1098.41,1.3146,airy_ethereal
508.03,0.4009,0.2944,0.4509,0.3092,1215.92,380.13,0.6723,warm_soft
1608.38,0.8631,0.0447,0.6174,0.6491,2052.35,1644.86,0.3549,sharp_chaotic
669.84,0.4995,0.1485,0.2306,0.8991,1671.06,1210.4,0.8818,airy_ethereal
623.42,0.3613,0.2652,0.497,0.1708,905.77,557.01,0.4205,warm_soft
713.27,0.6256,0.1694,0.2007,0.8453,2575.61,1253.65,1.9955,airy_ethereal
93.14,0.2971,0.7667,0.2223,0.0669,435.75,192.35,0.8429,deep_calm
1234.34,0.8881,0.21,0.5741,0.7122,1677.83,1172.1,1.0637,sharp_chaotic
136.44,0.3966,0.6392,0.3268,0.0522,240.79,236.76,0.2803,deep_calm
1269.71,0.7138,0.1625,0.4356,0.7099,4357.26,950.93,0.0348,sharp_chaotic
1073.79,0.6125,0.2892,0.4387,0.356,1950.46,802.74,1.1635,bright_energetic
727.82,0.8446,0.0602,0.7013,0.5253,1619.38,826.51,1.332,bright_energetic
1227.11,0.603,0.0703,0.6882,0.6303,3208.49,1489.72,0.3605,sharp_chaotic
1063.97,0.7552,0.1623,0.4315,0.4649,4120.29,1975.34,0.0467,sharp_chaotic
1381.47,0.5324,0.1036,0.2507,0.6288,2271.28,473.2,0.0982,airy_ethereal
811.8,0.5861,0.229,0.4038,0.4828,3066.91,501.43,0.8189,bright_energetic
143.06,0.4085,0.3198,0.5961,0.2641,527.9,627.73,1.8824,warm_soft
215.98,0.188,0.6488,0.1419,0.1447,618.56,265.87,0.6873,deep_calm
1009.79,0.5704,0.1182,0.141,0.5538,2423.34,820.17,1.0674,airy_ethereal
891.52,0.5539,0.1593,0.7493,0.4812,2776.88,857.89,1.7154,bright_energetic
368.45,0.7242,0.177,0.4555,0.5981,2262.77,660.21,0.2274,bright_energetic
91.18,0.2947,0.6125,0.2347,0.0615,183.54,73.97,0.5064,deep_calm
1641.88,0.7685,0.3798,0.99,0.7922,4026.35,1315.28,1.4283,sharp_chaotic
922.78,0.6948,0.2869,0.2075,0.6888,3180.45,1673.63,1.4651,sharp_chaotic
603.57,0.4391,0.4159,0.4947,0.1471,235.79,353.63,1.0545,warm_soft
1292.85,0.3708,0.1887,0.3459,0.8729,2028.48,1460.49,1.6303,airy_ethereal
162.87,0.4258,0.5229,0.4008,0.1462,1006.44,314.17,0.1546,warm_soft
1864.59,0.6994,0.1543,0.339,0.8241,3241.02,1660.51,0.4183,sharp_chaotic
1957.66,0.8611,0.4376,0.3976,0.6235,3018.45,1625.66,1.8592,sharp_chaotic
1626.37,0.8612,0.2118,0.6748,0.6365,3059.36,1737.4,0.6378,sharp_chaotic
509.07,0.4382,0.3732,0.5121,0.0193,681.16,185.14,0.0967,warm_soft
534.68,0.9297,0.0756,0.4271,0.3953,1838.86,761.86,1.6923,bright_energetic
1101.8,0.9754,0.4194,0.6296,0.6638,4093.02,1538.45,1.6204,sharp_chaotic
242.8,0.1841,0.8405,0.512,0.1035,533.37,169.12,0.4894,deep_calm
148.5,0.2013,0.3454,0.5558,0.1729,1136.78,839.31,0.2293,warm_soft
563.65,0.8627,0.494,0.5721,0.214,623.31,521.49,1.4982,warm_soft
925.68,0.7105,0.3559,0.5832,0.6496,1783.2,978.0,1.6792,bright_energetic
113.94,0.4605,0.5605,0.5795,0.1606,927.88,591.73,1.6815,warm_soft
1926.66,0.8174,0.1781,0.4962,0.829,3033.7,1385.02,1.6444,sharp_chaotic
1860.45,0.3591,0.1721,0.2141,0.9266,2701.97,1394.86,0.3813,airy_ethereal
415.6,0.5335,0.01,0.5302,0.6606,2216.85,1228.15,1.3074,bright_energetic
1094.56,0.8758,0.2536,0.5498,0.6767,2718.3,1852.06,1.9742,sharp_chaotic
2721.78,0.9335,0.4819,0.8634,0.5951,3087.44,1574.83,0.574,sharp_chaotic
512.66,0.528,0.0726,0.314,0.8161,2176.17,1539.16,1.4261,airy_ethereal
289.41,0.1794,0.5959,0.3765,0.0747,380.45,433.77,0.1517,warm_soft
964.8,0.4736,0.0609,0.3508,0.7168,3272.15,1652.95,0.3879,airy_ethereal
1114.51,0.8479,0.1936,0.4001,0.7021,2947.81,1863.45,1.0355,sharp_chaotic
824.19,0.5269,0.1097,0.4584,0.5357,2218.89,1357.17,0.6762,airy_ethereal
124.23,0.4402,0.6209,0.125,0.1168,541.14,450.49,1.5634,deep_calm
200.9,0.2305,0.6748,0.1261,0.0419,291.28,385.91,0.8124,deep_calm
1841.6,0.2729,0.0768,0.3361,0.7315,2736.27,1392.91,0.6922,airy_ethereal
378.84,0.6774,0.1551,0.5107,0.691,1840.69,1425.58,1.9272,bright_energetic
1550.36,0.8403,0.3705,0.57,0.6717,4420.34,1146.91,0.7862,sharp_chaotic
1333.8,0.3681,0.2121,0.1927,0.7196,2843.91,1659.78,1.7944,airy_ethereal
457.53,0.6671,0.3729,0.7375,0.3448,565.13,323.45,0.015,warm_soft
1670.94,0.7071,0.3518,0.9161,0.9668,3253.67,1900.48,1.8922,sharp_chaotic
1418.62,0.3137,0.1731,0.6941,0.5209,2398.79,777.81,0.3943,airy_ethereal
487.46,0.4209,0.4371,0.4575,0.1069,518.16,551.73,1.0989,warm_soft
663.75,0.2251,0.5382,0.4258,0.3106,649.04,434.37,0.214,warm_soft
526.24,0.6746,0.212,0.907,0.6677,1385.81,1262.07,0.2105,bright_energetic
103.36,0.3302,0.6684,0.2226,0.1942,385.03,290.79,0.4452,deep_calm
429.8,0.7173,0.1227,0.6721,0.1461,1229.83,130.56,0.5028,warm_soft
370.53,0.5818,0.406,0.4943,0.2395,441.09,393.17,0.2199,warm_soft
627.08,0.5836,0.1068,0.8413,0.926,1612.83,622.47,0.1944,bright_energetic
927.81,0.5287,0.2639,0.3767,0.6776,1095.02,1021.68,1.3688,bright_energetic
124.91,0.3958,0.6795,0.0633,0.2308,345.06,414.41,0.8278,deep_calm
1192.88,0.4182,0.1175,0.4989,0.6695,2571.09,1115.78,1.1477,airy_ethereal
406.36,0.7859,0.3945,0.3363,0.2551,1066.98,298.84,0.755,warm_soft
516.87,0.3765,0.6229,0.5265,0.2826,712.95,341.0,0.3414,warm_soft
1122.16,0.787,0.319,0.8356,0.7703,1762.62,1035.94,1.5678,bright_energetic
150.86,0.1544,0.6789,0.232,0.1919,50.0,383.31,0.3016,deep_calm
59.67,0.5215,0.8296,0.5303,0.2355,330.81,511.27,0.4019,warm_soft
730.94,0.7314,0.1542,0.7293,0.7577,1927.88,943.12,0.1842,bright_energetic
885.3,0.6596,0.1034,0.7059,0.6637,818.98,839.65,0.7033,bright_energetic
2370.93,0.7827,0.1403,0.4396,0.7365,3446.56,1821.17,1.8148,sharp_chaotic
145.42,0.2532,0.8564,0.1201,0.0489,286.71,294.42,0.6419,deep_calm
659.87,0.6849,0.2093,0.7878,0.4978,1747.56,943.72,1.0231,bright_energetic
28.3,0.3556,0.6848,0.4259,0.0332,414.23,273.72,0.2184,deep_calm
788.04,0.7722,0.0665,0.8198,0.512,1567.1,1118.9,1.539,bright_energetic
586.41,0.3536,0.6282,0.7554,0.098,1036.38,710.31,0.2699,warm_soft
144.49,0.3245,0.7573,0.1428,0.1825,284.98,368.91,0.2556,deep_calm
1144.97,0.7464,0.0496,0.5966,0.6093,2156.77,745.37,0.7846,bright_energetic
353.92,0.1873,0.7236,0.4524,0.2368,295.42,475.32,1.5704,warm_soft
1608.95,0.884,0.2476,0.4838,0.9308,3928.32,1786.05,0.2655,sharp_chaotic
187.53,0.3834,0.6061,0.3383,0.2273,649.87,238.11,0.1684,deep_calm
1568.0,0.8144,0.4242,0.5256,0.99,1607.51,1944.64,0.3539,sharp_chaotic
1257.29,0.5509,0.1158,0.5483,0.8949,2546.94,1066.32,1.7536,sharp_chaotic
626.43,0.7526,0.3787,0.6817,0.3949,2660.16,792.8,1.5585,bright_energetic
188.15,0.3214,0.7086,0.2513,0.0643,278.19,82.24,1.577,deep_calm
756.14,0.7988,0.1595,0.7499,0.7317,1763.01,910.53,0.3928,bright_energetic
831.13,0.4174,0.2252,0.2468,0.598,1480.51,1655.65,1.7731,airy_ethereal
1458.06,0.527,0.2256,0.3116,0.933,2255.27,1586.61,0.0373,airy_ethereal
189.34,0.429,0.3658,0.6264,0.01,340.57,141.72,1.6598,warm_soft
919.67,0.8167,0.0289,0.7726,0.6575,1586.25,1167.57,1.5037,bright_energetic
604.43,0.2994,0.6267,0.4486,0.3242,849.87,625.61,1.735,warm_soft
1345.71,0.2925,0.1693,0.2609,0.5387,2323.21,530.04,0.8464,airy_ethereal
1366.63,0.2686,0.185,0.2372,0.5936,2336.86,1524.79,0.8817,airy_ethereal
1566.58,0.3013,0.1793,0.457,0.6389,1170.18,522.86,1.2378,airy_ethereal
780.87,0.9352,0.223,0.454,0.5895,1501.01,1119.74,0.775,bright_energetic
205.07,0.4013,0.6719,0.3567,0.0761,183.56,222.12,1.9468,deep_calm
699.22,0.2186,0.1257,0.4989,0.6522,2610.24,584.45,1.6693,airy_ethereal
1168.62,0.5087,0.68,0.6404,0.8747,2673.01,2109.94,0.3939,sharp_chaotic
721.02,0.7788,0.4011,0.6207,0.99,3313.06,1845.13,1.1659,sharp_chaotic
508.86,0.4197,0.5381,0.5268,0.3233,830.2,196.35,0.5816,warm_soft
97.64,0.287,0.9817,0.4981,0.1779,300.34,234.11,1.14,deep_calm
1061.3,0.4532,0.1716,0.3211,0.7215,2112.65,1309.23,0.0137,airy_ethereal
843.38,0.99,0.2695,0.6896,0.7097,2881.57,1181.5,1.6984,bright_energetic
2190.9,0.8234,0.231,0.5748,0.8309,2855.35,1729.92,1.3231,sharp_chaotic
655.32,0.6773,0.4048,0.7561,0.2056,831.22,251.61,0.8102,warm_soft
1102.42,0.7152,0.1704,0.6569,0.577,2273.76,660.09,1.7398,bright_energetic
831.89,0.844,0.1564,0.7727,0.7614,1389.57,579.9,1.4879,bright_energetic
357.66,0.3727,0.5076,0.5508,0.0792,209.56,605.12,0.4136,warm_soft
2609.72,0.711,0.1475,0.4477,0.9174,2906.7,2570.56,0.6092,sharp_chaotic
1477.73,0.2712,0.1702,0.4211,0.7984,3726.88,1175.95,0.2024,airy_ethereal
383.4,0.5179,0.7965,0.7476,0.1723,500.2,720.77,1.1873,warm_soft
1129.21,0.3909,0.1279,0.468,0.6171,2359.63,856.16,0.3019,airy_ethereal
1590.46,0.7427,0.3907,0.7573,0.7511,1983.62,1550.15,0.1383,sharp_chaotic
456.53,0.8201,0.2428,0.6635,0.5234,1253.1,1001.33,0.1362,bright_energetic
1475.03,0.3558,0.1021,0.2751,0.4331,1505.15,1456.45,1.3644,airy_ethereal
1299.72,0.3865,0.1083,0.2662,0.4781,2873.01,1260.94,1.104,airy_ethereal
1435.55,0.6421,0.161,0.4981,0.7573,3534.04,1220.28,0.1024,sharp_chaotic
20.0,0.7071,0.3122,0.5354,0.5524,2656.69,936.42,1.2868,bright_energetic
389.35,0.627,0.2142,0.4199,0.3346,1296.85,668.69,1.6294,warm_soft
149.19,0.4934,0.7422,0.3928,0.1088,381.88,216.76,1.8149,deep_calm
775.68,0.99,0.3514,0.2657,0.7061,4255.12,1757.3,1.591,sharp_chaotic
1514.08,0.3119,0.1985,0.1952,0.7704,3942.04,1454.78,0.841,airy_ethereal
927.7,0.7517,0.3866,0.8658,0.8719,3456.81,1987.7,0.7741,sharp_chaotic
1204.58,0.7441,0.315,0.6814,0.8277,2755.63,2094.79,1.3475,sharp_chaotic
818.91,0.8068,0.2299,0.539,0.6834,2757.64,1485.94,1.7716,sharp_chaotic
944.07,0.305,0.0837,0.4561,0.454,2919.95,1089.47,1.1648,airy_ethereal
1623.44,0.4395,0.2078,0.4902,0.713,2671.48,1210.44,1.4555,airy_ethereal
238.27,0.411,0.6143,0.01,0.1541,652.05,20.0,0.3434,deep_calm
568.4,0.4516,0.504,0.6766,0.3641,1111.14,425.73,1.2604,warm_soft
1174.98,0.5265,0.1694,0.5217,0.8194,2517.16,1017.82,1.8121,airy_ethereal
1302.26,0.7141,0.5284,0.3594,0.3202,2241.15,1280.41,0.0044,bright_energetic
2005.03,0.8573,0.2477,0.3821,0.7806,4032.31,1355.49,1.6897,sharp_chaotic
133.47,0.4018,0.625,0.6564,0.3253,754.14,784.57,1.4012,warm_soft
1339.19,0.3107,0.152,0.4375,0.5708,2224.75,1661.97,1.8971,airy_ethereal
899.42,0.381,0.2044,0.4851,0.6675,1179.78,1032.37,1.209,airy_ethereal
216.13,0.4724,0.5179,0.5355,0.3536,639.86,704.14,1.0398,warm_soft
833.23,0.7259,0.1501,0.62,0.7933,2007.88,834.0,0.8427,bright_energetic
1411.76,0.4581,0.0565,0.6179,0.6539,2047.76,1749.27,0.6181,airy_ethereal
400.01,0.29,0.4803,0.8288,0.1553,894.97,216.65,0.3521,warm_soft
522.02,0.6434,0.3927,0.6016,0.3288,867.5,451.34,1.0363,warm_soft
320.85,0.2603,0.4254,0.5437,0.1986,979.25,697.46,0.752,warm_soft
1159.92,0.4313,0.0611,0.4416,0.938,2654.37,1091.45,0.162,airy_ethereal
1646.42,0.5947,0.119,0.5129,0.7703,2551.84,1359.42,1.565,airy_ethereal
1316.45,0.264,0.044,0.4885,0.8069,2266.45,381.14,1.5086,airy_ethereal
2023.96,0.9612,0.0504,0.3514,0.7642,4239.59,1407.46,0.9042,sharp_chaotic
1118.11,0.3375,0.0875,0.5145,0.713,2357.81,1665.63,1.6221,airy_ethereal
687.61,0.3705,0.0338,0.1953,0.5485,1512.92,1210.62,0.3262,airy_ethereal
1205.48,0.5114,0.1214,0.3996,0.6859,1651.46,1443.43,1.8452,airy_ethereal
820.44,0.8496,0.1948,0.8069,0.6272,2185.65,1106.22,1.3075,bright_energetic
566.94,0.8505,0.1667,0.5553,0.4655,2188.16,1140.41,0.9811,bright_energetic
603.19,0.5873,0.3947,0.6522,0.1695,724.42,209.31,1.2568,warm_soft
116.43,0.7705,0.01,0.7168,0.4514,1329.78,872.81,1.3555,bright_energetic
676.93,0.76,0.1565,0.5355,0.6219,2178.76,1110.53,1.5349,bright_energetic
369.33,0.5162,0.356,0.7057,0.5732,1582.43,1193.3,1.4821,bright_energetic
593.28,0.7394,0.0708,0.7597,0.5557,1462.58,786.19,0.1202,bright_energetic
20.0,0.547,0.3326,0.5672,0.1068,682.88,506.34,1.0847,warm_soft
1102.0,0.4144,0.1565,0.2776,0.6459,2277.2,1572.04,1.7732,airy_ethereal
220.03,0.4271,0.8204,0.1572,0.2252,337.55,292.93,0.1521,deep_calm
670.0,0.7631,0.4243,0.4026,0.4543,2338.53,1133.33,0.3419,sharp_chaotic
1227.43,0.8874,0.1434,0.762,0.5246,2913.2,1040.36,0.0691,bright_energetic
573.55,0.3256,0.2905,0.5579,0.1287,1052.44,497.79,0.7332,warm_soft
358.71,0.5355,0.6393,0.4556,0.2514,897.03,516.36,1.2776,warm_soft
1747.6,0.5726,0.2485,0.7035,0.8882,4194.72,1728.25,0.9103,sharp_chaotic
622.03,0.2613,0.0843,0.3944,0.7441,2973.9,1202.01,0.6989,airy_ethereal
111.1,0.202,0.6243,0.1051,0.0941,252.01,317.49,0.3251,deep_calm
547.27,0.7184,0.1487,0.6496,0.5038,2396.77,1016.13,1.1497,bright_energetic
187.56,0.4032,0.9295,0.1998,0.1429,228.82,325.27,1.1124,deep_calm
451.17,0.5103,0.5855,0.5873,0.3659,754.34,620.28,0.8721,warm_soft
966.88,0.194,0.0439,0.4554,0.99,3077.23,1706.58,1.4448,airy_ethereal
104.11,0.3858,0.5909,0.1719,0.01,585.15,33.08,1.9844,deep_calm
1262.76,0.9245,0.2017,0.5232,0.7358,2545.03,1442.74,1.8357,sharp_chaotic
205.1,0.3021,0.8606,0.3187,0.0756,194.61,455.73,1.95,deep_calm
700.14,0.7202,0.2063,0.7736,0.8991,2447.14,1335.17,1.2373,sharp_chaotic
115.25,0.3698,0.8528,0.1788,0.1991,816.86,20.0,0.8982,deep_calm
179.58,0.656,0.964,0.1892,0.0887,206.43,179.28,0.6434,deep_calm
1917.89,0.7694,0.1196,0.5425,0.6988,3186.65,1590.55,1.2019,sharp_chaotic
632.55,0.6832,0.1187,0.6549,0.4308,1391.24,1115.83,0.7863,bright_energetic
451.79,0.2776,0.1327,0.2922,0.6738,2366.86,1533.58,1.5899,airy_ethereal
1090.77,0.3457,0.2153,0.3691,0.99,2453.2,989.71,1.9052,airy_ethereal
551.12,0.4192,0.8071,0.4916,0.3699,951.43,340.77,0.4824,warm_soft
847.84,0.7724,0.037,0.7871,0.5405,2058.65,663.75,1.1156,bright_energetic
358.23,0.8454,0.3263,0.99,0.5493,2620.78,1206.34,0.3366,bright_energetic
295.86,0.1533,0.7758,0.2693,0.113,367.54,283.28,1.292,deep_calm
1263.82,0.1228,0.1122,0.3538,0.4428,1816.37,1302.34,1.2505,airy_ethereal
1686.4,0.6566,0.2196,0.8705,0.5633,2646.31,1836.3,1.3764,sharp_chaotic
1033.86,0.7037,0.0647,0.6171,0.4598,2236.07,535.19,0.6854,bright_energetic
1752.51,0.6155,0.3801,0.4608,0.6298,2695.85,1511.79,0.3397,sharp_chaotic
1179.74,0.7038,0.0939,0.5833,0.8614,1921.05,632.07,1.4042,bright_energetic
616.81,0.1215,0.0705,0.3843,0.8685,2856.38,1379.22,0.2912,airy_ethereal
210.38,0.5156,0.6493,0.2385,0.0994,572.39,282.1,1.0997,deep_calm
877.9,0.7742,0.3949,0.5899,0.4735,2089.52,1044.21,0.9897,bright_energetic
420.77,0.5156,0.3563,0.3895,0.3611,688.15,357.62,1.5961,warm_soft
1122.58,0.6373,0.0733,0.4851,0.6012,1226.67,739.18,0.7537,bright_energetic
487.76,0.564,0.271,0.6066,0.6291,3418.15,1220.7,1.1368,sharp_chaotic
1819.72,0.7093,0.2532,0.3887,0.89,3137.38,1587.23,1.2586,sharp_chaotic
1770.78,0.3179,0.2139,0.6282,0.7516,791.74,1939.12,0.0393,airy_ethereal
184.89,0.1526,0.7059,0.1456,0.1609,56.55,397.53,1.6722,deep_calm
329.16,0.453,0.01,0.5209,0.7379,1927.31,1675.28,1.9848,airy_ethereal
884.38,0.2708,0.01,0.3591,0.5838,2813.43,1207.59,0.9385,airy_ethereal
753.14,0.3718,0.4295,0.6338,0.1372,1316.19,528.1,0.115,warm_soft
627.67,0.7721,0.3726,0.7541,0.376,1275.83,656.43,0.5492,bright_energetic
476.65,0.5861,0.5462,0.3957,0.1083,861.37,365.85,1.3514,warm_soft
1356.49,0.3118,0.0858,0.1821,0.8204,2349.37,1285.5,0.3695,airy_ethereal
1837.75,0.01,0.2027,0.4516,0.6773,2250.29,880.07,1.4644,airy_ethereal
1392.79,0.6565,0.0277,0.4239,0.4835,2904.81,638.3,1.1589,bright_energetic
244.01,0.3431,0.6286,0.2581,0.0504,521.18,326.61,1.7785,deep_calm
1881.64,0.781,0.1147,0.4429,0.99,3087.46,1183.87,1.5222,sharp_chaotic
20.0,0.2175,0.359,0.6672,0.1289,908.64,475.12,1.7273,warm_soft
1169.86,0.7239,0.0651,0.2705,0.6071,2414.38,1207.28,0.815,airy_ethereal
154.24,0.1565,0.7078,0.1805,0.1471,50.0,123.41,0.7752,deep_calm
138.81,0.3984,0.5886,0.3808,0.0667,316.28,257.64,1.1938,deep_calm
1141.23,0.2949,0.2107,0.4759,0.6855,2440.94,1380.19,0.4064,airy_ethereal
1163.94,0.6429,0.3584,0.4694,0.7722,2277.86,1761.8,0.0827,sharp_chaotic
1024.19,0.4114,0.1905,0.3994,0.8861,3786.44,1110.58,1.3473,airy_ethereal
298.71,0.1711,0.4421,0.3297,0.0798,615.12,140.85,0.0556,deep_calm
170.69,0.0482,0.6204,0.3786,0.1385,440.36,334.06,1.2768,deep_calm
208.08,0.1138,0.6894,0.3411,0.1569,50.0,299.01,0.1379,deep_calm
184.7,0.3516,0.735,0.01,0.1418,566.98,128.04,1.465,deep_calm
407.78,0.5998,0.5924,0.5666,0.1707,728.47,483.19,0.6369,warm_soft
2228.71,0.7451,0.3066,0.4017,0.7517,3801.51,2450.63,1.2158,sharp_chaotic
726.8,0.8901,0.3731,0.3961,0.6939,2691.69,1430.03,0.8389,sharp_chaotic
1227.67,0.4643,0.2481,0.4688,0.6023,1279.81,450.91,1.2243,bright_energetic
1136.14,0.3331,0.1595,0.4179,0.7187,2189.12,1238.97,1.9413,airy_ethereal
211.74,0.0901,0.7981,0.3929,0.1514,600.5,184.27,1.0586,deep_calm
353.89,0.4072,0.7538,0.7655,0.2696,822.8,132.96,1.7801,warm_soft
2501.51,0.7576,0.1154,0.5547,0.8081,3004.06,1669.98,0.1997,sharp_chaotic
114.73,0.4783,0.726,0.3787,0.1701,109.27,211.23,1.5959,deep_calm
939.26,0.3239,0.2104,0.5894,0.6794,2473.19,1171.69,0.1419,airy_ethereal
2222.6,0.99,0.2168,0.7608,0.6265,3949.47,2078.26,1.1698,sharp_chaotic
502.04,0.5103,0.5679,0.7321,0.2204,1109.11,324.81,0.9692,warm_soft
853.03,0.7612,0.3688,0.8924,0.6445,2776.37,1539.48,1.9732,sharp_chaotic
229.88,0.1553,0.1139,0.6147,0.7384,3253.3,1580.52,0.2543,airy_ethereal
952.54,0.5689,0.2673,0.7447,0.3956,2074.38,541.35,0.5393,bright_energetic
764.94,0.7412,0.1621,0.5119,0.5352,1751.82,1145.63,1.8559,bright_energetic
208.44,0.2424,0.705,0.2746,0.0137,531.94,185.7,0.4495,deep_calm
944.99,0.6454,0.255,0.77,0.2331,1293.51,900.59,0.6823,bright_energetic
1683.06,0.5769,0.0901,0.4487,0.4835,4385.29,1404.33,0.6344,sharp_chaotic
187.83,0.267,0.5252,0.7108,0.1742,1148.46,552.12,0.719,warm_soft
404.61,0.7525,0.6138,0.7974,0.1719,488.05,835.8,1.4164,warm_soft
1054.12,0.7972,0.1365,0.5685,0.2239,2047.3,872.26,0.4172,bright_energetic
235.44,0.3958,0.6885,0.2577,0.01,399.21,305.71,0.0289,deep_calm
1619.84,0.6201,0.4682,0.5182,0.909,4824.78,562.54,1.9853,sharp_chaotic
198.25,0.4578,0.491,0.01,0.1134,365.07,244.25,0.929,deep_calm
1134.89,0.6762,0.1162,0.495,0.5749,1884.89,1243.69,0.3878,bright_energetic
454.48,0.4044,0.3267,0.7753,0.2632,1511.92,695.51,1.991,warm_soft
700.1,0.2407,0.0837,0.01,0.6457,1705.18,1215.56,0.5782,airy_ethereal
177.78,0.2502,0.2912,0.6471,0.3547,722.02,320.7,0.3883,warm_soft
1177.72,0.7411,0.1046,0.8163,0.7762,1800.46,629.3,1.5114,bright_energetic
901.38,0.6786,0.0897,0.6434,0.74,1870.3,556.42,1.3068,bright_energetic
192.13,0.5824,0.5252,0.5465,0.2286,885.03,820.51,1.8848,warm_soft
171.52,0.4005,0.7086,0.2686,0.0541,228.61,209.1,1.6187,deep_calm
266.28,0.4863,0.5527,0.5455,0.196,370.13,611.41,0.5876,warm_soft
399.46,0.3197,0.4127,0.5638,0.0711,1323.66,573.43,1.9993,warm_soft
226.39,0.3444,0.8824,0.1748,0.095,429.09,327.48,1.6865,deep_calm
774.84,0.8072,0.01,0.395,0.6722,2306.95,968.32,1.4629,bright_energetic
935.47,0.3198,0.1161,0.132,0.5397,3007.57,767.46,0.7488,airy_ethereal
628.18,0.7817,0.0534,0.7788,0.7006,1802.13,889.98,0.9318,bright_energetic
235.37,0.3546,0.7831,0.308,0.01,50.0,329.2,0.6858,deep_calm
1481.64,0.767,0.3342,0.7107,0.8214,4019.29,903.97,1.468,sharp_chaotic
1412.81,0.642,0.1809,0.57,0.6052,2197.13,850.7,1.3417,bright_energetic
564.26,0.8278,0.2421,0.6778,0.4294,2122.89,745.95,1.9333,bright_energetic
579.13,0.4809,0.589,0.5344,0.3227,761.85,593.39,0.3555,warm_soft
420.44,0.6084,0.46,0.7776,0.1758,421.06,139.67,0.6057,warm_soft
526.67,0.6627,0.69,0.4558,0.1864,301.33,494.33,0.9819,warm_soft
888.88,0.9426,0.4799,0.3097,0.6398,3389.33,1909.34,0.8474,sharp_chaotic
1031.0,0.7597,0.262,0.6223,0.2683,1898.12,1187.56,0.9251,bright_energetic
1035.61,0.9656,0.4417,0.7423,0.678,2151.11,890.26,1.6349,bright_energetic
328.58,0.2218,0.8011,0.2159,0.1862,358.32,249.12,1.119,deep_calm
269.31,0.7786,0.5205,0.8377,0.1648,78.57,297.59,0.3975,warm_soft
86.26,0.3572,0.6409,0.3271,0.1454,68.24,111.46,1.4262,deep_calm
1211.05,0.6159,0.2289,0.823,0.6335,2374.44,1175.26,0.1211,bright_energetic
216.52,0.7069,0.3109,0.8221,0.2047,1085.91,506.44,0.5207,warm_soft
930.33,0.8575,0.0884,0.3468,0.6806,1850.14,583.96,1.8086,bright_energetic
218.93,0.5047,0.8467,0.199,0.1159,68.5,215.14,1.7264,deep_calm
235.73,0.3182,0.7352,0.1219,0.0671,50.0,263.2,0.6712,deep_calm
509.77,0.6434,0.1394,0.4873,0.5825,2592.42,652.75,1.0626,bright_energetic
777.13,0.3816,0.126,0.444,0.6422,2725.58,823.41,1.0545,airy_ethereal
790.91,0.7528,0.3614,0.5036,0.7272,2950.64,1174.3,0.8299,sharp_chaotic
406.95,0.6437,0.2625,0.7683,0.2782,787.58,1083.45,0.6794,bright_energetic
887.49,0.6683,0.3367,0.4504,0.4408,3138.18,943.26,0.8335,sharp_chaotic
179.04,0.4458,0.7602,0.2888,0.01,282.84,234.46,1.8059,deep_calm
1179.46,0.1976,0.3039,0.4112,0.5962,3332.23,1591.21,0.4505,airy_ethereal
674.85,0.2353,0.087,0.4753,0.8962,2009.86,1104.08,1.716,airy_ethereal
933.77,0.8942,0.0961,0.5001,0.6744,1576.34,454.39,1.2365,bright_energetic
1077.19,0.4225,0.0948,0.6198,0.7741,1633.14,1679.45,0.2209,airy_ethereal
453.73,0.3455,0.5288,0.6941,0.3354,1188.03,297.4,1.3152,warm_soft
331.36,0.4615,0.5655,0.3757,0.1357,50.0,451.07,1.1473,deep_calm
134.27,0.3603,0.4225,0.6959,0.2514,884.39,592.61,0.1088,warm_soft
144.92,0.0871,0.8693,0.1844,0.1747,336.81,267.75,0.548,deep_calm
615.89,0.6393,0.01,0.444,0.4831,2147.01,894.15,0.8565,bright_energetic
635.48,0.604,0.3471,0.612,0.7515,1881.48,544.37,0.1768,bright_energetic
1090.79,0.6895,0.1388,0.2238,0.5674,1101.57,723.2,0.7133,bright_energetic
558.1,0.2598,0.1632,0.2168,0.9562,2084.53,1055.69,0.879,airy_ethereal
1619.53,0.8725,0.2367,0.603,0.9601,2879.3,1502.46,1.7461,sharp_chaotic
617.41,0.3897,0.143,0.5182,0.7133,1614.11,877.57,0.1841,airy_ethereal
153.61,0.3814,0.7863,0.1729,0.01,254.27,244.06,0.6434,deep_calm
1629.62,0.1527,0.0184,0.2128,0.7808,1841.2,1400.62,0.0613,airy_ethereal
714.16,0.8727,0.2576,0.5863,0.5289,1588.05,1225.12,0.8208,bright_energetic
2569.94,0.7783,0.2525,0.1589,0.7658,2751.48,1789.11,0.5023,sharp_chaotic
734.05,0.3555,0.0647,0.4782,0.6992,2247.79,1750.73,0.1304,airy_ethereal
1089.69,0.2666,0.2623,0.4966,0.7167,3080.0,958.74,0.7556,airy_ethereal
1004.44,0.2676,0.1896,0.2434,0.7432,2950.99,1873.59,1.2041,airy_ethereal
91.62,0.1474,0.734,0.3296,0.1503,450.21,211.03,0.4712,deep_calm
